{"type":"FeatureCollection","name":"All facilities from Excel","features":[{"type":"Feature","geometry":{"type":"Point","coordinates":[32.55036,0.58445]},"properties":{"id":"a01gDo4KauR","name":"St. Luke Namaliga HC III","type":"Point"}},{"type":"Feature","geometry":{"type":"Point","coordinates":[30.93624,1.08844]},"properties":{"id":"a01R1qs6SXL","name":"Kinyarugonjo HC III","type":"Point"}},{"type":"Feature","geometry":{"type":"Point","coordinates":[31.64764,1.67658]},"properties":{"id":"a0J3yqmfIkU","name":"Kibwona HC II","type":"Point"}},{"type":"Feature","geometry":{"type":"Point","coordinates":[32.83843,2.54355]},"properties":{"id":"a0KEPL0qPbZ","name":"Walela HC II","type":"Point"}},{"type":"Feature","geometry":{"type":"Point","coordinates":[31.31535,1.3472]},"properties":{"id":"a0NjFSCY24s","name":"Buhimba HC III","type":"Point"}},{"type":"Feature","geometry":{"type":"Point","coordinates":[32.46871,0.35999]},"properties":{"id":"a0plh70j00D","name":"Wakiso EPI Centre HC III","type":"Point"}},{"type":"Feature","geometry":{"type":"Point","coordinates":[30.23012,0.53833]},"properties":{"id":"a0Tgsf83fGB","name":"Kiyombya HC III","type":"Point"}},{"type":"Feature","geometry":{"type":"Point","coordinates":[32.88093,3.72165]},"properties":{"id":"a0zKrkhl5M6","name":"Potika HC II","type":"Point"}},{"type":"Feature","geometry":{"type":"Point","coordinates":[33.33111,0.76647]},"properties":{"id":"a14sgIjcCoT","name":"Kiyunga HC IV","type":"Point"}},{"type":"Feature","geometry":{"type":"Point","coordinates":[34.48663,1.37298]},"properties":{"id":"A15NLokfXbV","name":"Kabkoch HC II","type":"Point"}},{"type":"Feature","geometry":{"type":"Point","coordinates":[31.475382,2.472377]},"properties":{"id":"a1DNpYv02JK","name":"Pakwach Mission HC III","type":"Point"}},{"type":"Feature","geometry":{"type":"Point","coordinates":[31.06648,0.59789]},"properties":{"id":"a1H4RSyoXOj","name":"Hapuuyo HC III","type":"Point"}},{"type":"Feature","geometry":{"type":"Point","coordinates":[33.776448,0.38234]},"properties":{"id":"a1OVdGUzoJ4","name":"Budhaya HC II","type":"Point"}},{"type":"Feature","geometry":{"type":"Point","coordinates":[30.23142,-0.52326]},"properties":{"id":"a1QYwgYBhMH","name":"Katungu (WAD) HC II","type":"Point"}},{"type":"Feature","geometry":{"type":"Point","coordinates":[31.27469,-0.52003]},"properties":{"id":"a24jrqnkYhl","name":"Bugona HC II","type":"Point"}},{"type":"Feature","geometry":{"type":"Point","coordinates":[32.19584,3.02039]},"properties":{"id":"a2a7qNyJg9j","name":"Otong HC II","type":"Point"}},{"type":"Feature","geometry":{"type":"Point","coordinates":[33.712687,0.327795]},"properties":{"id":"a2d3lpVigxP","name":"Wakawaka HC II","type":"Point"}},{"type":"Feature","geometry":{"type":"Point","coordinates":[31.55337,-0.35333]},"properties":{"id":"a2Hci1a9rkt","name":"Asiika Obulamu Medical Centre HC II","type":"Point"}},{"type":"Feature","geometry":{"type":"Point","coordinates":[32.567167,0.349071]},"properties":{"id":"a2l9vpRshsu","name":"Kavule Clinic HC II","type":"Point"}},{"type":"Feature","geometry":{"type":"Point","coordinates":[30.684486,0.48922]},"properties":{"id":"a2LroN27znu","name":"Rwaitengya HC II","type":"Point"}},{"type":"Feature","geometry":{"type":"Point","coordinates":[32.6456,0.4678]},"properties":{"id":"a2ni5Mkycdn","name":"Kimwanyi HC II","type":"Point"}},{"type":"Feature","geometry":{"type":"Point","coordinates":[30.18207,0.30008]},"properties":{"id":"a2qHaeZjibn","name":"Hiima Uci HC IV","type":"Point"}},{"type":"Feature","geometry":{"type":"Point","coordinates":[31.30577,1.48238]},"properties":{"id":"a3CefBcMInT","name":"Karongo HC III","type":"Point"}},{"type":"Feature","geometry":{"type":"Point","coordinates":[33.51268,1.53778]},"properties":{"id":"a3f7BmwY4kL","name":"St. Martins Amakio","type":"Point"}},{"type":"Feature","geometry":{"type":"Point","coordinates":[30.72607,0.38972]},"properties":{"id":"a3HP4aNtOMO","name":"Bwizi HC III","type":"Point"}},{"type":"Feature","geometry":{"type":"Point","coordinates":[30.500037,-0.817834]},"properties":{"id":"a3IHqWtJhGR","name":"Ngugo HC II","type":"Point"}},{"type":"Feature","geometry":{"type":"Point","coordinates":[31.9313,0.2532]},"properties":{"id":"a3KGKqpABTy","name":"Kambaala HC III","type":"Point"}},{"type":"Feature","geometry":{"type":"Point","coordinates":[29.75458,0.07857]},"properties":{"id":"a3m0qvTckjd","name":"Bikunya HC II","type":"Point"}},{"type":"Feature","geometry":{"type":"Point","coordinates":[34.483576,1.407311]},"properties":{"id":"a3olK5bCOw7","name":"Atar HC III","type":"Point"}},{"type":"Feature","geometry":{"type":"Point","coordinates":[34.38823,1.20183]},"properties":{"id":"a3qhORZNhaG","name":"Bunagami HC III","type":"Point"}},{"type":"Feature","geometry":{"type":"Point","coordinates":[32.16985,1.93998]},"properties":{"id":"a3qKoIZXK3t","name":"Panyadoli HC III","type":"Point"}},{"type":"Feature","geometry":{"type":"Point","coordinates":[30.23634,0.4705]},"properties":{"id":"a3vnsnqyRdA","name":"Mujunju HC II","type":"Point"}},{"type":"Feature","geometry":{"type":"Point","coordinates":[33.502457,1.739952]},"properties":{"id":"a4070sNyyVO","name":"Kamuda HC III","type":"Point"}},{"type":"Feature","geometry":{"type":"Point","coordinates":[32.56751,0.36173]},"properties":{"id":"a44ThMBCFdi","name":"Njeru Clinic (Kawempe) HC II","type":"Point"}},{"type":"Feature","geometry":{"type":"Point","coordinates":[34.24423,2.08113]},"properties":{"id":"a496gnJrej8","name":"Nabwal HC II","type":"Point"}},{"type":"Feature","geometry":{"type":"Point","coordinates":[33.75261,1.86947]},"properties":{"id":"a4Cp1oW19Lo","name":"Wera HC III","type":"Point"}},{"type":"Feature","geometry":{"type":"Point","coordinates":[31.72969,1.69814]},"properties":{"id":"a4dl1FKIVQJ","name":"Masindi Military Barracks HC IV","type":"Point"}},{"type":"Feature","geometry":{"type":"Point","coordinates":[31.2548,3.54013]},"properties":{"id":"A4g2J49bMOr","name":"Alnoor HC II","type":"Point"}},{"type":"Feature","geometry":{"type":"Point","coordinates":[32.565127,0.374995]},"properties":{"id":"a4iNJz4Oanu","name":"Friendly Care Clinic HC II","type":"Point"}},{"type":"Feature","geometry":{"type":"Point","coordinates":[32.52369,0.73883]},"properties":{"id":"a4QdFgngSuD","name":"Katikamu Kisuule (The Good Samaritan) HC III","type":"Point"}},{"type":"Feature","geometry":{"type":"Point","coordinates":[32.03213,3.06228]},"properties":{"id":"a4QeS81YJ8z","name":"Olinga HC II","type":"Point"}},{"type":"Feature","geometry":{"type":"Point","coordinates":[32.60107,0.43513]},"properties":{"id":"a4SedC8Ix2O","name":"Kasangati HC IV","type":"Point"}},{"type":"Feature","geometry":{"type":"Point","coordinates":[31.3074,2.41516]},"properties":{"id":"a4v12JJXmvL","name":"Nyariegi HC II","type":"Point"}},{"type":"Feature","geometry":{"type":"Point","coordinates":[32.81624,3.56802]},"properties":{"id":"a4WmbJQWIME","name":"Katum HC II","type":"Point"}},{"type":"Feature","geometry":{"type":"Point","coordinates":[31.09426,2.32784]},"properties":{"id":"a57EGOXkq38","name":"Erussi HC II","type":"Point"}},{"type":"Feature","geometry":{"type":"Point","coordinates":[34.0788,0.75469]},"properties":{"id":"a5gKNUmbFpx","name":"Pokongo HC II","type":"Point"}},{"type":"Feature","geometry":{"type":"Point","coordinates":[31.31791,-0.53881]},"properties":{"id":"a5K7IVmM7zJ","name":"Kibuuka HC II","type":"Point"}},{"type":"Feature","geometry":{"type":"Point","coordinates":[31.88391,-0.07377]},"properties":{"id":"a5lQTv6RKkm","name":"Kiti HC III","type":"Point"}},{"type":"Feature","geometry":{"type":"Point","coordinates":[33.24908,0.49607]},"properties":{"id":"a5M6FUk1emx","name":"Musima HC II","type":"Point"}},{"type":"Feature","geometry":{"type":"Point","coordinates":[32.04511,3.2069]},"properties":{"id":"a5pTJ9dZfZV","name":"Pogo HC II","type":"Point"}},{"type":"Feature","geometry":{"type":"Point","coordinates":[34.58015,1.374]},"properties":{"id":"a5qrQiD8czZ","name":"Kabelyo HC II","type":"Point"}},{"type":"Feature","geometry":{"type":"Point","coordinates":[33.775119,1.266867]},"properties":{"id":"A5sNBoMutHJ","name":"Kameke HC III","type":"Point"}},{"type":"Feature","geometry":{"type":"Point","coordinates":[34.35843,0.98728]},"properties":{"id":"a5ZtR0WmDZT","name":"Bumusi HC II","type":"Point"}},{"type":"Feature","geometry":{"type":"Point","coordinates":[30.0364,-1.36373]},"properties":{"id":"a680eATOSPd","name":"Buhara (Ngo) HC III","type":"Point"}},{"type":"Feature","geometry":{"type":"Point","coordinates":[32.521524,0.314146]},"properties":{"id":"a6b9OQh6Y8L","name":"J.K Medi-Care Clinic HC II","type":"Point"}},{"type":"Feature","geometry":{"type":"Point","coordinates":[32.40805,0.24786]},"properties":{"id":"a6c8cXzJtGP","name":"Watoto HC II","type":"Point"}},{"type":"Feature","geometry":{"type":"Point","coordinates":[30.69114,-0.57455]},"properties":{"id":"a6CCCxArlVG","name":"UPDF 2nd Div. HC IV","type":"Point"}},{"type":"Feature","geometry":{"type":"Point","coordinates":[33.57024,1.26844]},"properties":{"id":"a6dy90zDFD5","name":"Obutete HC II","type":"Point"}},{"type":"Feature","geometry":{"type":"Point","coordinates":[32.62775,0.3098]},"properties":{"id":"a6G1rz13Unf","name":"Paragon Medical Clinic HC II","type":"Point"}},{"type":"Feature","geometry":{"type":"Point","coordinates":[32.61153,0.30528]},"properties":{"id":"a6MbTUZ12aw","name":"International Hospital Kampala Hospital","type":"Point"}},{"type":"Feature","geometry":{"type":"Point","coordinates":[32.22571,0.23378]},"properties":{"id":"a6mnx3ok5NB","name":"St. Elizabeth Kibanga Ihu HC III","type":"Point"}},{"type":"Feature","geometry":{"type":"Point","coordinates":[32.91743,0.62018]},"properties":{"id":"a6p3dWy4ce7","name":"Kyabazaala HC III","type":"Point"}},{"type":"Feature","geometry":{"type":"Point","coordinates":[30.239275,0.778007]},"properties":{"id":"A6P3WOAXDru","name":"Karugutu HC IV","type":"Point"}},{"type":"Feature","geometry":{"type":"Point","coordinates":[33.98458,1.01042]},"properties":{"id":"A6pRqAKPNFH","name":"Sapiri HC III","type":"Point"}},{"type":"Feature","geometry":{"type":"Point","coordinates":[33.16109,1.1572]},"properties":{"id":"a6qaoH2Xzb1","name":"Buyende HC III","type":"Point"}},{"type":"Feature","geometry":{"type":"Point","coordinates":[33.52082,0.9683]},"properties":{"id":"a6QzsCZkXfX","name":"Kyani HC II","type":"Point"}},{"type":"Feature","geometry":{"type":"Point","coordinates":[31.228734,2.550751]},"properties":{"id":"a6UyqE2Tgjx","name":"Kucwiny HC III","type":"Point"}},{"type":"Feature","geometry":{"type":"Point","coordinates":[32.8856,0.83163]},"properties":{"id":"a7fC0KrYZzK","name":"Wabwoko HC III","type":"Point"}},{"type":"Feature","geometry":{"type":"Point","coordinates":[33.11388,0.87884]},"properties":{"id":"a7iTUfqFKUY","name":"Busota HC III","type":"Point"}},{"type":"Feature","geometry":{"type":"Point","coordinates":[30.276841,-0.785245]},"properties":{"id":"a7lnM83DJGy","name":"Itojo Hospital","type":"Point"}},{"type":"Feature","geometry":{"type":"Point","coordinates":[31.43087,-0.79323]},"properties":{"id":"a7obyfFdJ8u","name":"St. Bernard Mannya HC III","type":"Point"}},{"type":"Feature","geometry":{"type":"Point","coordinates":[33.22886,0.45062]},"properties":{"id":"a7pTM6VuAn9","name":"Masese Danida HC II","type":"Point"}},{"type":"Feature","geometry":{"type":"Point","coordinates":[33.893314,0.854671]},"properties":{"id":"a7PVBlWykhK","name":"Hahoola HC II","type":"Point"}},{"type":"Feature","geometry":{"type":"Point","coordinates":[34.13798,3.05524]},"properties":{"id":"a7toXljFJe0","name":"Losilang HC II","type":"Point"}},{"type":"Feature","geometry":{"type":"Point","coordinates":[30.35353,-0.33257]},"properties":{"id":"a7VqYp7reP4","name":"Buredo HC II","type":"Point"}},{"type":"Feature","geometry":{"type":"Point","coordinates":[34.680968,2.018972]},"properties":{"id":"a82qNO5mmYT","name":"Lolachat HC III","type":"Point"}},{"type":"Feature","geometry":{"type":"Point","coordinates":[30.92027,-0.56893]},"properties":{"id":"a8bCpZeym6p","name":"Rwabarata HC III","type":"Point"}},{"type":"Feature","geometry":{"type":"Point","coordinates":[34.38823,1.20183]},"properties":{"id":"A8E98vahuiC","name":"Bunaseke HC III","type":"Point"}},{"type":"Feature","geometry":{"type":"Point","coordinates":[30.98911,2.817607]},"properties":{"id":"a8HZJttEnAD","name":"Uganda Military HC II","type":"Point"}},{"type":"Feature","geometry":{"type":"Point","coordinates":[30.57862,0.64486]},"properties":{"id":"a8ld81vad1S","name":"Emmanuel Health Care Clinic HC II","type":"Point"}},{"type":"Feature","geometry":{"type":"Point","coordinates":[31.72344,3.42434]},"properties":{"id":"a8NfqlGUC18","name":"Agojo HC II","type":"Point"}},{"type":"Feature","geometry":{"type":"Point","coordinates":[33.49285,0.71786]},"properties":{"id":"a8Qm23qwGwy","name":"Namungalwe HC III","type":"Point"}},{"type":"Feature","geometry":{"type":"Point","coordinates":[30.919666,2.378431]},"properties":{"id":"a8tT39ATFdn","name":"Padea HC II","type":"Point"}},{"type":"Feature","geometry":{"type":"Point","coordinates":[33.70374,2.09925]},"properties":{"id":"a8uXeqmtFD9","name":"Ogolokwara (Ajaki) HC II","type":"Point"}},{"type":"Feature","geometry":{"type":"Point","coordinates":[31.26136,-0.28334]},"properties":{"id":"A8vURIvnH87","name":"Mpumudde HC III","type":"Point"}},{"type":"Feature","geometry":{"type":"Point","coordinates":[29.736702,0.062677]},"properties":{"id":"a8xSlfCfK8l","name":"Karambi (Kasese) HC III","type":"Point"}},{"type":"Feature","geometry":{"type":"Point","coordinates":[34.17511,1.07787]},"properties":{"id":"a929G14p47c","name":"TASO Mbale Special Clinic","type":"Point"}},{"type":"Feature","geometry":{"type":"Point","coordinates":[31.90593,0.1001]},"properties":{"id":"a93zYnWO0cT","name":"Bugobango HC II","type":"Point"}},{"type":"Feature","geometry":{"type":"Point","coordinates":[30.75611,0.9119]},"properties":{"id":"a956CpsUtNH","name":"Muhorro Gvt HC II","type":"Point"}},{"type":"Feature","geometry":{"type":"Point","coordinates":[31.793447,3.192876]},"properties":{"id":"a9ai8OVQ4ET","name":"Mungula HC IV","type":"Point"}},{"type":"Feature","geometry":{"type":"Point","coordinates":[29.72557,-1.13673]},"properties":{"id":"a9bKfr5vZOt","name":"Nyamatsinda HC II","type":"Point"}},{"type":"Feature","geometry":{"type":"Point","coordinates":[32.386588,2.236962]},"properties":{"id":"A9Bt9vywHbP","name":"Aber HC II","type":"Point"}},{"type":"Feature","geometry":{"type":"Point","coordinates":[34.35784,1.17083]},"properties":{"id":"a9fe7RYnAFV","name":"Bulwala HC III","type":"Point"}},{"type":"Feature","geometry":{"type":"Point","coordinates":[30.23514,-0.79001]},"properties":{"id":"a9vGVj3Ftt9","name":"Butaare HC III","type":"Point"}},{"type":"Feature","geometry":{"type":"Point","coordinates":[31.2479,2.68622]},"properties":{"id":"a9YZv6zCYxO","name":"Oyima HC III","type":"Point"}},{"type":"Feature","geometry":{"type":"Point","coordinates":[33.495932,2.863642]},"properties":{"id":"a9ZI6jNBqXx","name":"Lira Kato HC III","type":"Point"}},{"type":"Feature","geometry":{"type":"Point","coordinates":[33.12261,1.06442]},"properties":{"id":"aa2fHwZinjk","name":"Kawaga HC II","type":"Point"}},{"type":"Feature","geometry":{"type":"Point","coordinates":[33.38275,0.6296]},"properties":{"id":"aA2zaYJW1YT","name":"Waibuga HC III","type":"Point"}},{"type":"Feature","geometry":{"type":"Point","coordinates":[34.302391,1.209029]},"properties":{"id":"aa3pe5ISanH","name":"Mutufu HC II","type":"Point"}},{"type":"Feature","geometry":{"type":"Point","coordinates":[31.54293,-0.63232]},"properties":{"id":"aA955wcOAKu","name":"Kyotera Muslim HC III","type":"Point"}},{"type":"Feature","geometry":{"type":"Point","coordinates":[32.14943,0.3129]},"properties":{"id":"aaDoMV4GUYu","name":"Kikka Yokana Domiciliary HC II","type":"Point"}},{"type":"Feature","geometry":{"type":"Point","coordinates":[32.65478,2.68794]},"properties":{"id":"aaEtUWpmosm","name":"Acet Community Oriented Clinic","type":"Point"}},{"type":"Feature","geometry":{"type":"Point","coordinates":[30.07106,-0.68276]},"properties":{"id":"aAGEaiWfhhP","name":"Ryengyerero HC II","type":"Point"}},{"type":"Feature","geometry":{"type":"Point","coordinates":[31.42944,1.58748]},"properties":{"id":"aAkG4hwopIt","name":"Mbaraara HC II","type":"Point"}},{"type":"Feature","geometry":{"type":"Point","coordinates":[32.23978,-0.31672]},"properties":{"id":"aaNmTnGylMb","name":"St. Elizabeth Bumangi HC III","type":"Point"}},{"type":"Feature","geometry":{"type":"Point","coordinates":[32.5438,0.88152]},"properties":{"id":"aaSuOBnSxYO","name":"Bamugolodde HC II","type":"Point"}},{"type":"Feature","geometry":{"type":"Point","coordinates":[33.86011,1.0607]},"properties":{"id":"aaTE4ka7UP4","name":"Dodoi HC II","type":"Point"}},{"type":"Feature","geometry":{"type":"Point","coordinates":[33.15596,1.70693]},"properties":{"id":"aaylU8AkVhF","name":"Pakegido HC III","type":"Point"}},{"type":"Feature","geometry":{"type":"Point","coordinates":[33.777071,0.122933]},"properties":{"id":"AB05Zdfd4KF","name":"Sigulu HC III","type":"Point"}},{"type":"Feature","geometry":{"type":"Point","coordinates":[33.606701,0.760736]},"properties":{"id":"ab2LdWmBmeS","name":"Namalemba HC II","type":"Point"}},{"type":"Feature","geometry":{"type":"Point","coordinates":[30.18966,-0.5391]},"properties":{"id":"aB4KbCA8Uj6","name":"Reproductive Health Uganda (Bushenyi) HC II","type":"Point"}},{"type":"Feature","geometry":{"type":"Point","coordinates":[32.44335,2.31103]},"properties":{"id":"ab4OBBdke1q","name":"Atipe HC III","type":"Point"}},{"type":"Feature","geometry":{"type":"Point","coordinates":[32.53302,2.24514]},"properties":{"id":"aB4YnvwOvMk","name":"Loro HC III","type":"Point"}},{"type":"Feature","geometry":{"type":"Point","coordinates":[34.36348,0.98657]},"properties":{"id":"aB5OmziUxLP","name":"Buwagiyu HC II","type":"Point"}},{"type":"Feature","geometry":{"type":"Point","coordinates":[30.090804,-1.017278]},"properties":{"id":"Ab89aosJCg9","name":"Rugarama HC III","type":"Point"}},{"type":"Feature","geometry":{"type":"Point","coordinates":[32.77261,-0.10499]},"properties":{"id":"aB8VPjofx5K","name":"Kansambwe HC II","type":"Point"}},{"type":"Feature","geometry":{"type":"Point","coordinates":[33.59752,1.7152]},"properties":{"id":"abcJcH3EO75","name":"Western Division HC III","type":"Point"}},{"type":"Feature","geometry":{"type":"Point","coordinates":[34.74034,1.25035]},"properties":{"id":"abEbootUSLF","name":"Kapkoros HC II","type":"Point"}},{"type":"Feature","geometry":{"type":"Point","coordinates":[33.17581,0.62954]},"properties":{"id":"abg74s2NDzQ","name":"Magamaga HC III","type":"Point"}},{"type":"Feature","geometry":{"type":"Point","coordinates":[31.54729,3.55217]},"properties":{"id":"aBge6oBIpUv","name":"Lopke HC II","type":"Point"}},{"type":"Feature","geometry":{"type":"Point","coordinates":[29.96487,-0.829757]},"properties":{"id":"abHQOTY0rmo","name":"Buyanja HC III","type":"Point"}},{"type":"Feature","geometry":{"type":"Point","coordinates":[32.28457,0.84339]},"properties":{"id":"abhWtHxtxlG","name":"Wansalangi HC II","type":"Point"}},{"type":"Feature","geometry":{"type":"Point","coordinates":[31.41855,2.55816]},"properties":{"id":"aBicVbbaQ8B","name":"Pokwero HC III","type":"Point"}},{"type":"Feature","geometry":{"type":"Point","coordinates":[34.3582,1.34555]},"properties":{"id":"aBir3f6laiu","name":"Kaserem Christian Medical Centre","type":"Point"}},{"type":"Feature","geometry":{"type":"Point","coordinates":[34.55961,2.522665]},"properties":{"id":"aBkmoTyWd0a","name":"Nadunget HC III","type":"Point"}},{"type":"Feature","geometry":{"type":"Point","coordinates":[30.537425,-0.211103]},"properties":{"id":"abkrPoxTyG2","name":"Kabuga HC II","type":"Point"}},{"type":"Feature","geometry":{"type":"Point","coordinates":[31.82855,1.67558]},"properties":{"id":"aBlXRikAjUY","name":"Kijenga HC II","type":"Point"}},{"type":"Feature","geometry":{"type":"Point","coordinates":[32.56686,0.28271]},"properties":{"id":"abMk2o2JMM7","name":"Najanankumbi K Clinic HC II","type":"Point"}},{"type":"Feature","geometry":{"type":"Point","coordinates":[33.481499,0.617605]},"properties":{"id":"abnVpYy9659","name":"Reproductive Health Uganda (Tororo) HC II","type":"Point"}},{"type":"Feature","geometry":{"type":"Point","coordinates":[30.17731,0.50611]},"properties":{"id":"aBoSV4asRji","name":"Kicuucu HC II","type":"Point"}},{"type":"Feature","geometry":{"type":"Point","coordinates":[33.0654,1.00556]},"properties":{"id":"aBPPyVGRNyh","name":"Namaira HC II","type":"Point"}},{"type":"Feature","geometry":{"type":"Point","coordinates":[32.48903,0.86092]},"properties":{"id":"aBQ2pcHhwqy","name":"Kikube HC II","type":"Point"}},{"type":"Feature","geometry":{"type":"Point","coordinates":[34.422955,0.860637]},"properties":{"id":"abveCZqYGMd","name":"Soono HC II","type":"Point"}},{"type":"Feature","geometry":{"type":"Point","coordinates":[32.62416,0.34371]},"properties":{"id":"abvRm5Gf8UC","name":"Sure Clinic HC II","type":"Point"}},{"type":"Feature","geometry":{"type":"Point","coordinates":[34.04432,1.35106]},"properties":{"id":"aBYCE2FHh6g","name":"St. Jude Maternity HC II","type":"Point"}},{"type":"Feature","geometry":{"type":"Point","coordinates":[34.58084,1.37111]},"properties":{"id":"abyfkOlxO5i","name":"Kongta HC II","type":"Point"}},{"type":"Feature","geometry":{"type":"Point","coordinates":[31.49537,0.18106]},"properties":{"id":"Abzyw3gTHdQ","name":"Buyanja (Gomba) HC II","type":"Point"}},{"type":"Feature","geometry":{"type":"Point","coordinates":[33.71724,3.616408]},"properties":{"id":"aC2mZFiai78","name":"Kidepo HC II","type":"Point"}},{"type":"Feature","geometry":{"type":"Point","coordinates":[33.54366,0.46697]},"properties":{"id":"ac4kdbslWxB","name":"Muggi HC II","type":"Point"}},{"type":"Feature","geometry":{"type":"Point","coordinates":[32.66144,0.35456]},"properties":{"id":"aC6BO225r29","name":"Ggwatiro Nursing Home Hospital","type":"Point"}},{"type":"Feature","geometry":{"type":"Point","coordinates":[32.48032,0.28982]},"properties":{"id":"ac7OhvMEosK","name":"Nabbingo HC II","type":"Point"}},{"type":"Feature","geometry":{"type":"Point","coordinates":[33.130413,1.989916]},"properties":{"id":"ac9DA2VJVnk","name":"Amwoma HC II","type":"Point"}},{"type":"Feature","geometry":{"type":"Point","coordinates":[33.24205,2.10163]},"properties":{"id":"acBVtDN7cmd","name":"Amugu HC III","type":"Point"}},{"type":"Feature","geometry":{"type":"Point","coordinates":[30.449813,0.179738]},"properties":{"id":"ACckadqFYV7","name":"Kamwenge HC III","type":"Point"}},{"type":"Feature","geometry":{"type":"Point","coordinates":[29.78514,-0.60238]},"properties":{"id":"ACeIX77jOBg","name":"Bwambara HC III","type":"Point"}},{"type":"Feature","geometry":{"type":"Point","coordinates":[32.8841,3.13736]},"properties":{"id":"aCeYBPSHvrT","name":"Okinga HC II","type":"Point"}},{"type":"Feature","geometry":{"type":"Point","coordinates":[34.08613,2.99831]},"properties":{"id":"aCfdOhOH9ni","name":"Kanawat HC III","type":"Point"}},{"type":"Feature","geometry":{"type":"Point","coordinates":[33.71282,2.65511]},"properties":{"id":"aCGaJx85MR6","name":"Wilela HC II","type":"Point"}},{"type":"Feature","geometry":{"type":"Point","coordinates":[32.93794,0.37751]},"properties":{"id":"achC82olIo9","name":"Lugazi Scoul Hospital","type":"Point"}},{"type":"Feature","geometry":{"type":"Point","coordinates":[31.776151,0.913794]},"properties":{"id":"acJji9Ruj5T","name":"Kiboga Hospital","type":"Point"}},{"type":"Feature","geometry":{"type":"Point","coordinates":[33.03181,0.33944]},"properties":{"id":"aClaerhXk59","name":"Buikwe St. Charles Lwanga Hospital","type":"Point"}},{"type":"Feature","geometry":{"type":"Point","coordinates":[33.26628,0.61874]},"properties":{"id":"aCpZQwWQhog","name":"Kamigo HC II","type":"Point"}},{"type":"Feature","geometry":{"type":"Point","coordinates":[29.967895,-0.741102]},"properties":{"id":"aCql1TMKcpb","name":"Nyakariro HC II","type":"Point"}},{"type":"Feature","geometry":{"type":"Point","coordinates":[33.89926,0.88966]},"properties":{"id":"acQwn1AZXQn","name":"Bubalya HC III","type":"Point"}},{"type":"Feature","geometry":{"type":"Point","coordinates":[30.94922,3.21576]},"properties":{"id":"acTilIN9qRy","name":"Nyadri HC III","type":"Point"}},{"type":"Feature","geometry":{"type":"Point","coordinates":[30.181418,-1.015552]},"properties":{"id":"acuu3ktUO4t","name":"Rubare HC IV","type":"Point"}},{"type":"Feature","geometry":{"type":"Point","coordinates":[31.639802,1.436439]},"properties":{"id":"acVWpFNPBT4","name":"Ntooma HC II","type":"Point"}},{"type":"Feature","geometry":{"type":"Point","coordinates":[31.96808,0.38422]},"properties":{"id":"acZImyCaeNM","name":"Busunju HC II","type":"Point"}},{"type":"Feature","geometry":{"type":"Point","coordinates":[34.32549,0.814789]},"properties":{"id":"aCZRqIkW8s5","name":"Bubutu HC III","type":"Point"}},{"type":"Feature","geometry":{"type":"Point","coordinates":[32.96517,2.29165]},"properties":{"id":"aD1S6DBzHJV","name":"Ongica HC III","type":"Point"}},{"type":"Feature","geometry":{"type":"Point","coordinates":[29.935851,0.09658]},"properties":{"id":"aDb2aA9qRxt","name":"Kyondo HC III","type":"Point"}},{"type":"Feature","geometry":{"type":"Point","coordinates":[33.24047,1.06149]},"properties":{"id":"ADB4cMlJP2q","name":"Buyende Bugaya HC III","type":"Point"}},{"type":"Feature","geometry":{"type":"Point","coordinates":[29.80322,-1.0021]},"properties":{"id":"adbEkXPw0Kk","name":"Kinaaba HC III","type":"Point"}},{"type":"Feature","geometry":{"type":"Point","coordinates":[30.34877,-0.16759]},"properties":{"id":"aDcEum2g6mY","name":"Kanywambogo HC III","type":"Point"}},{"type":"Feature","geometry":{"type":"Point","coordinates":[31.26856,3.50093]},"properties":{"id":"adctmXQVM9M","name":"Apo HC III","type":"Point"}},{"type":"Feature","geometry":{"type":"Point","coordinates":[29.751468,0.086407]},"properties":{"id":"aDEsACuMGHZ","name":"Kitholhu HC III","type":"Point"}},{"type":"Feature","geometry":{"type":"Point","coordinates":[32.20787,0.22637]},"properties":{"id":"aDGztjb0S7j","name":"Kalamba Community HC II","type":"Point"}},{"type":"Feature","geometry":{"type":"Point","coordinates":[31.96961,0.75972]},"properties":{"id":"adH912aeJav","name":"Kyoomya HC II","type":"Point"}},{"type":"Feature","geometry":{"type":"Point","coordinates":[32.57862,-0.3204]},"properties":{"id":"ADhJXGIcCND","name":"Bubeke HC III","type":"Point"}},{"type":"Feature","geometry":{"type":"Point","coordinates":[31.56248,1.63943]},"properties":{"id":"adHTHcoRhrH","name":"Budongo HC II","type":"Point"}},{"type":"Feature","geometry":{"type":"Point","coordinates":[29.81202,0.05284]},"properties":{"id":"adi1kexjGfB","name":"Muhindi HC II","type":"Point"}},{"type":"Feature","geometry":{"type":"Point","coordinates":[30.52391,-0.69471]},"properties":{"id":"aDj3EMWCw1G","name":"Nyabikungu HC II","type":"Point"}},{"type":"Feature","geometry":{"type":"Point","coordinates":[30.90685,2.52155]},"properties":{"id":"aDLMbFOe62I","name":"Atyenda HC II","type":"Point"}},{"type":"Feature","geometry":{"type":"Point","coordinates":[31.147418,0.783193]},"properties":{"id":"adM7g9zKNK5","name":"Matale HC III","type":"Point"}},{"type":"Feature","geometry":{"type":"Point","coordinates":[30.46311,-0.10217]},"properties":{"id":"adncZQdcSzE","name":"Nyakatookye HC II","type":"Point"}},{"type":"Feature","geometry":{"type":"Point","coordinates":[32.66096,0.663464]},"properties":{"id":"adofLhuj4HH","name":"Bishop Ascili Hospital","type":"Point"}},{"type":"Feature","geometry":{"type":"Point","coordinates":[34.36553,0.87421]},"properties":{"id":"adoijg0nE4u","name":"Magale (UCMB) HC IV","type":"Point"}},{"type":"Feature","geometry":{"type":"Point","coordinates":[33.9814,3.06644]},"properties":{"id":"adrhWWGz3jT","name":"Nakwakwa HC II","type":"Point"}},{"type":"Feature","geometry":{"type":"Point","coordinates":[33.60543,0.87342]},"properties":{"id":"adW7QMFjyjd","name":"Mpulira HC II - Ngo","type":"Point"}},{"type":"Feature","geometry":{"type":"Point","coordinates":[33.413427,0.889336]},"properties":{"id":"Adxinf4hk0o","name":"Buzaaya HC II","type":"Point"}},{"type":"Feature","geometry":{"type":"Point","coordinates":[30.06236,0.2582]},"properties":{"id":"aDXqJo50tE6","name":"Katooke HC II","type":"Point"}},{"type":"Feature","geometry":{"type":"Point","coordinates":[30.02384,0.73398]},"properties":{"id":"ADYVLN5f9vF","name":"Buhanda (Bundibugyo) HC II","type":"Point"}},{"type":"Feature","geometry":{"type":"Point","coordinates":[32.31648,2.76039]},"properties":{"id":"aE0Yzd3YZQ9","name":"Aywee HC III","type":"Point"}},{"type":"Feature","geometry":{"type":"Point","coordinates":[33.95195,0.65516]},"properties":{"id":"ae5vXlawbYh","name":"Mulanda HC IV","type":"Point"}},{"type":"Feature","geometry":{"type":"Point","coordinates":[31.66396,0.457]},"properties":{"id":"Ae8byorr2lF","name":"St. Matia Mulumba HC III","type":"Point"}},{"type":"Feature","geometry":{"type":"Point","coordinates":[30.82594,3.09984]},"properties":{"id":"Ae8zVsIuHFC","name":"Ayivuni HC III","type":"Point"}},{"type":"Feature","geometry":{"type":"Point","coordinates":[34.09776,1.0781]},"properties":{"id":"aEAa6essoBR","name":"Kamonkoli HC III","type":"Point"}},{"type":"Feature","geometry":{"type":"Point","coordinates":[33.73912,1.89455]},"properties":{"id":"AECp7SuwokS","name":"St. Michael-Wera HC III","type":"Point"}},{"type":"Feature","geometry":{"type":"Point","coordinates":[32.90737,2.56784]},"properties":{"id":"aEgy9oXwPLF","name":"Apuce HC II","type":"Point"}},{"type":"Feature","geometry":{"type":"Point","coordinates":[30.22255,0.36788]},"properties":{"id":"AEHNScf4j7E","name":"Rwimi Prison HC III","type":"Point"}},{"type":"Feature","geometry":{"type":"Point","coordinates":[30.60146,-0.76995]},"properties":{"id":"aekCLvuNCrj","name":"Mwizi HC III","type":"Point"}},{"type":"Feature","geometry":{"type":"Point","coordinates":[33.47537,0.61222]},"properties":{"id":"aElqyBOYxsd","name":"Iganga Islamic Medical Centre HC III","type":"Point"}},{"type":"Feature","geometry":{"type":"Point","coordinates":[32.48796,0.57415]},"properties":{"id":"aErmLsCiOxa","name":"Ssambwe HC II","type":"Point"}},{"type":"Feature","geometry":{"type":"Point","coordinates":[30.11577,-0.45399]},"properties":{"id":"aerTdJxlEQh","name":"Kyamuhunga HC III","type":"Point"}},{"type":"Feature","geometry":{"type":"Point","coordinates":[32.6103,2.2945]},"properties":{"id":"aes9vvQi4Df","name":"Agulurude HC III","type":"Point"}},{"type":"Feature","geometry":{"type":"Point","coordinates":[33.85419,1.71885]},"properties":{"id":"aEStYD0dNAF","name":"Damasiko HC II","type":"Point"}},{"type":"Feature","geometry":{"type":"Point","coordinates":[29.87782,-0.66724]},"properties":{"id":"aeuGMylOmSs","name":"Rwengiri HC III","type":"Point"}},{"type":"Feature","geometry":{"type":"Point","coordinates":[32.14289,-0.28479]},"properties":{"id":"aeWNPmn3Zrf","name":"Mugoye HC III","type":"Point"}},{"type":"Feature","geometry":{"type":"Point","coordinates":[33.39172,1.03403]},"properties":{"id":"aEYd4PTcYr9","name":"Nansololo Flep HC II","type":"Point"}},{"type":"Feature","geometry":{"type":"Point","coordinates":[33.68688,0.8387]},"properties":{"id":"aeZGyZJvaEG","name":"Namutumba HC III","type":"Point"}},{"type":"Feature","geometry":{"type":"Point","coordinates":[31.28527,1.31911]},"properties":{"id":"AF3a7cvTQLu","name":"Kisiiha HC II","type":"Point"}},{"type":"Feature","geometry":{"type":"Point","coordinates":[34.1777,0.67943]},"properties":{"id":"aFasKwyj7DC","name":"Kyamwinula HC II","type":"Point"}},{"type":"Feature","geometry":{"type":"Point","coordinates":[32.022891,2.812358]},"properties":{"id":"aFgrVHVDqoZ","name":"Amuru Lacor HC III","type":"Point"}},{"type":"Feature","geometry":{"type":"Point","coordinates":[32.30535,2.77517]},"properties":{"id":"afGTmR6EesS","name":"Gulu Police HC III","type":"Point"}},{"type":"Feature","geometry":{"type":"Point","coordinates":[32.2854,2.32545]},"properties":{"id":"afiNdCBSzsC","name":"Zambia HC II","type":"Point"}},{"type":"Feature","geometry":{"type":"Point","coordinates":[30.582798,0.776079]},"properties":{"id":"afJ1tepzpak","name":"Mwenge Clinic HC III","type":"Point"}},{"type":"Feature","geometry":{"type":"Point","coordinates":[33.01208,2.60378]},"properties":{"id":"afJ9NgYTYDa","name":"Ogonyo HC III","type":"Point"}},{"type":"Feature","geometry":{"type":"Point","coordinates":[30.857248,1.026346]},"properties":{"id":"AFKqTIeJAKr","name":"Kyakabadiima HC II","type":"Point"}},{"type":"Feature","geometry":{"type":"Point","coordinates":[32.45931,0.2732]},"properties":{"id":"aFlGqyWRQfr","name":"Nsangi HC III","type":"Point"}},{"type":"Feature","geometry":{"type":"Point","coordinates":[31.55614,3.58451]},"properties":{"id":"aFLv0Mbd84E","name":"Gwere HC II","type":"Point"}},{"type":"Feature","geometry":{"type":"Point","coordinates":[30.124785,-1.199327]},"properties":{"id":"afqb57VEJp3","name":"Bukinda HC III","type":"Point"}},{"type":"Feature","geometry":{"type":"Point","coordinates":[31.2236,-0.49108]},"properties":{"id":"aFr56s147t5","name":"Kyabigondo HC II","type":"Point"}},{"type":"Feature","geometry":{"type":"Point","coordinates":[30.70895,-0.18633]},"properties":{"id":"aFryEmWahsZ","name":"Rwanyangwe HC II","type":"Point"}},{"type":"Feature","geometry":{"type":"Point","coordinates":[32.14177,0.50056]},"properties":{"id":"aFuRtjSdg4X","name":"Ssekanyonyi HC IV","type":"Point"}},{"type":"Feature","geometry":{"type":"Point","coordinates":[30.27171,1.04616]},"properties":{"id":"afwQY9JMGN4","name":"Ntoroko Medical Centre HC III","type":"Point"}},{"type":"Feature","geometry":{"type":"Point","coordinates":[31.704171,1.735133]},"properties":{"id":"aFXkqZXMomP","name":"Nyakitiibwa HC III","type":"Point"}},{"type":"Feature","geometry":{"type":"Point","coordinates":[32.92302,0.23599]},"properties":{"id":"aFxXtxwMU7f","name":"Nkokonjeru Hospital","type":"Point"}},{"type":"Feature","geometry":{"type":"Point","coordinates":[33.24533,0.26318]},"properties":{"id":"afzGq7RpOTl","name":"Busamuzi HC III","type":"Point"}},{"type":"Feature","geometry":{"type":"Point","coordinates":[29.9236,-1.2948]},"properties":{"id":"aG1YMQc0jte","name":"Bwama HC III","type":"Point"}},{"type":"Feature","geometry":{"type":"Point","coordinates":[30.43069,0.00241]},"properties":{"id":"aG2AogxcfRK","name":"Rwenkobwa HC III","type":"Point"}},{"type":"Feature","geometry":{"type":"Point","coordinates":[29.854826,-0.71348]},"properties":{"id":"aG2h9UI08nA","name":"Bugangari HC IV","type":"Point"}},{"type":"Feature","geometry":{"type":"Point","coordinates":[30.67166,-0.59024]},"properties":{"id":"ag4c3yS7T5g","name":"Mayanja Memorial Hospital","type":"Point"}},{"type":"Feature","geometry":{"type":"Point","coordinates":[34.37565,1.12777]},"properties":{"id":"ag6oANQZEh6","name":"Bumumulo HC III","type":"Point"}},{"type":"Feature","geometry":{"type":"Point","coordinates":[33.97506,0.83151]},"properties":{"id":"ag9PiRTvYjn","name":"Pusere HC II","type":"Point"}},{"type":"Feature","geometry":{"type":"Point","coordinates":[32.31554,2.69971]},"properties":{"id":"agdLbxaa0Dz","name":"St. Luke HC II","type":"Point"}},{"type":"Feature","geometry":{"type":"Point","coordinates":[33.4388,2.87899]},"properties":{"id":"aGfndLfPcOz","name":"Abilonino HC II","type":"Point"}},{"type":"Feature","geometry":{"type":"Point","coordinates":[32.478064,0.662335]},"properties":{"id":"aGisGCcp7Hz","name":"Bowa HC III","type":"Point"}},{"type":"Feature","geometry":{"type":"Point","coordinates":[31.83324,-0.03353]},"properties":{"id":"aGJJ5oqd2zk","name":"Kiragga HC III","type":"Point"}},{"type":"Feature","geometry":{"type":"Point","coordinates":[30.15252,-0.974666]},"properties":{"id":"agJr4JxEd5N","name":"Nyanga HC III","type":"Point"}},{"type":"Feature","geometry":{"type":"Point","coordinates":[34.0105,3.66215]},"properties":{"id":"agkmwQZJU9U","name":"Narengepak HC II","type":"Point"}},{"type":"Feature","geometry":{"type":"Point","coordinates":[33.885754,1.325957]},"properties":{"id":"agLJLYLJNK6","name":"Mukongoro HC III","type":"Point"}},{"type":"Feature","geometry":{"type":"Point","coordinates":[34.03198,3.05919]},"properties":{"id":"aGMOyMW27hF","name":"Lopuyo HC II","type":"Point"}},{"type":"Feature","geometry":{"type":"Point","coordinates":[32.66573,2.74754]},"properties":{"id":"aGQqkkQQzXc","name":"Binya HC II","type":"Point"}},{"type":"Feature","geometry":{"type":"Point","coordinates":[31.604,-0.15118]},"properties":{"id":"agQsp6hFdZa","name":"St. Mechtilda Kitaasa HC III","type":"Point"}},{"type":"Feature","geometry":{"type":"Point","coordinates":[30.62805,-0.33551]},"properties":{"id":"agv8x8otfmZ","name":"Nyabisirira HC II","type":"Point"}},{"type":"Feature","geometry":{"type":"Point","coordinates":[31.51174,-0.7259]},"properties":{"id":"agw4uqikZnP","name":"Kasasa HC III","type":"Point"}},{"type":"Feature","geometry":{"type":"Point","coordinates":[31.362418,2.331083]},"properties":{"id":"agyqaxyaM8E","name":"Boro HC II","type":"Point"}},{"type":"Feature","geometry":{"type":"Point","coordinates":[33.45601,0.43861]},"properties":{"id":"agZi79Er2GX","name":"Bwiwula HC II","type":"Point"}},{"type":"Feature","geometry":{"type":"Point","coordinates":[31.680692,-0.671755]},"properties":{"id":"aH2ibzbcaLY","name":"Bbaka HC II","type":"Point"}},{"type":"Feature","geometry":{"type":"Point","coordinates":[33.00555,2.11163]},"properties":{"id":"ah2PY0hhVkV","name":"Amach HC IV","type":"Point"}},{"type":"Feature","geometry":{"type":"Point","coordinates":[29.968774,-1.184907]},"properties":{"id":"aH4vG0wm5U0","name":"Nangara HC II","type":"Point"}},{"type":"Feature","geometry":{"type":"Point","coordinates":[32.52199,0.93127]},"properties":{"id":"ah5kGxeB6Wk","name":"Lutuula HC II","type":"Point"}},{"type":"Feature","geometry":{"type":"Point","coordinates":[31.33031,-0.67516]},"properties":{"id":"AhAcOVOu7nm","name":"Kaleere HC II","type":"Point"}},{"type":"Feature","geometry":{"type":"Point","coordinates":[33.85846,1.10197]},"properties":{"id":"aHCmkakK40d","name":"Nacoda HC III","type":"Point"}},{"type":"Feature","geometry":{"type":"Point","coordinates":[34.051798,0.439779]},"properties":{"id":"AhDvE2o9F3L","name":"Dabani Hospital","type":"Point"}},{"type":"Feature","geometry":{"type":"Point","coordinates":[33.89832,3.77044]},"properties":{"id":"ahHdIJyA7gA","name":"Kocholo HC III","type":"Point"}},{"type":"Feature","geometry":{"type":"Point","coordinates":[32.58825,3.68953]},"properties":{"id":"ahIE2es9s39","name":"Ngomoromo HC II","type":"Point"}},{"type":"Feature","geometry":{"type":"Point","coordinates":[30.05955,0.71166]},"properties":{"id":"aHKM6JrvYM2","name":"Bundibugyo Police HC II","type":"Point"}},{"type":"Feature","geometry":{"type":"Point","coordinates":[30.62624,-0.36886]},"properties":{"id":"ahkQO7FQKKK","name":"Kashare HC III","type":"Point"}},{"type":"Feature","geometry":{"type":"Point","coordinates":[30.53497,1.04898]},"properties":{"id":"aHL2NoEwlHh","name":"Stella Maris Ntoroko HC III","type":"Point"}},{"type":"Feature","geometry":{"type":"Point","coordinates":[31.96814,0.38412]},"properties":{"id":"ahMLQAxngsJ","name":"Katiko HC II","type":"Point"}},{"type":"Feature","geometry":{"type":"Point","coordinates":[30.44786,-0.13048]},"properties":{"id":"ahn03jwJwRI","name":"Ibanda Hospital","type":"Point"}},{"type":"Feature","geometry":{"type":"Point","coordinates":[33.26618,0.42761]},"properties":{"id":"aHp1zIwZaDV","name":"Kisiima Islands HC II","type":"Point"}},{"type":"Feature","geometry":{"type":"Point","coordinates":[29.937576,-0.676754]},"properties":{"id":"aHPLLEMdB4o","name":"Burombe HC III","type":"Point"}},{"type":"Feature","geometry":{"type":"Point","coordinates":[34.11676,3.01504]},"properties":{"id":"ahrb1oS6ucq","name":"Kotido HC IV","type":"Point"}},{"type":"Feature","geometry":{"type":"Point","coordinates":[33.56603,0.17364]},"properties":{"id":"aHrBkRnFBmb","name":"Bwondha HC II","type":"Point"}},{"type":"Feature","geometry":{"type":"Point","coordinates":[29.63022,-1.27298]},"properties":{"id":"aHThiPQRYCM","name":"Gapfurizo HC II","type":"Point"}},{"type":"Feature","geometry":{"type":"Point","coordinates":[31.02363,-0.83636]},"properties":{"id":"aHuJWP6FfFo","name":"Rugaaga HC IV","type":"Point"}},{"type":"Feature","geometry":{"type":"Point","coordinates":[30.21568,0.38312]},"properties":{"id":"aHXEy4fCaPw","name":"Rwimi HC III","type":"Point"}},{"type":"Feature","geometry":{"type":"Point","coordinates":[32.92797,2.19383]},"properties":{"id":"aHYpuUgnA4P","name":"Boroboro HC III","type":"Point"}},{"type":"Feature","geometry":{"type":"Point","coordinates":[31.98147,0.41534]},"properties":{"id":"ahYrfYMxirO","name":"Naama HC III","type":"Point"}},{"type":"Feature","geometry":{"type":"Point","coordinates":[34.00482,1.55895]},"properties":{"id":"ahzk9fymop1","name":"Kumi (Ongino) Hospital","type":"Point"}},{"type":"Feature","geometry":{"type":"Point","coordinates":[31.40319,0.62937]},"properties":{"id":"aI0URGtt8iX","name":"Kanseera HC II","type":"Point"}},{"type":"Feature","geometry":{"type":"Point","coordinates":[32.52923,1.98255]},"properties":{"id":"ai4gKqwJDeC","name":"Biashara HC II","type":"Point"}},{"type":"Feature","geometry":{"type":"Point","coordinates":[30.0675,0.01252]},"properties":{"id":"ai5Sfj3nu9K","name":"Katunguru HC II","type":"Point"}},{"type":"Feature","geometry":{"type":"Point","coordinates":[30.519254,-0.924956]},"properties":{"id":"aifkaPWfQez","name":"Kyamwasha HC II","type":"Point"}},{"type":"Feature","geometry":{"type":"Point","coordinates":[33.09635,0.10486]},"properties":{"id":"AIl1p6YgqxA","name":"Buwooya HC II","type":"Point"}},{"type":"Feature","geometry":{"type":"Point","coordinates":[31.02125,3.38825]},"properties":{"id":"aileSfY6owN","name":"Pijoke HC II","type":"Point"}},{"type":"Feature","geometry":{"type":"Point","coordinates":[30.93406,0.27263]},"properties":{"id":"aIMGuhKI9Kc","name":"Karwenyi HC III","type":"Point"}},{"type":"Feature","geometry":{"type":"Point","coordinates":[33.23184,0.88598]},"properties":{"id":"aINqVBxAkXr","name":"Kinawampere HC II","type":"Point"}},{"type":"Feature","geometry":{"type":"Point","coordinates":[33.20544,0.64559]},"properties":{"id":"aIoKvlW1Kfi","name":"Mpungwe HC II","type":"Point"}},{"type":"Feature","geometry":{"type":"Point","coordinates":[33.22821,0.41287]},"properties":{"id":"aITcTSaL6bT","name":"Jinja Main Prison HC III","type":"Point"}},{"type":"Feature","geometry":{"type":"Point","coordinates":[30.1473,-0.60148]},"properties":{"id":"aIul7gx7RmZ","name":"St. Laura HC II","type":"Point"}},{"type":"Feature","geometry":{"type":"Point","coordinates":[31.523933,-0.513924]},"properties":{"id":"AIWpt7rgU47","name":"Nakatoogo HC II","type":"Point"}},{"type":"Feature","geometry":{"type":"Point","coordinates":[32.78365,0.72168]},"properties":{"id":"aiyix4P4FmA","name":"Namuganga HC III","type":"Point"}},{"type":"Feature","geometry":{"type":"Point","coordinates":[30.032536,-1.356989]},"properties":{"id":"aJ0CTjwNQof","name":"Buhara HC III","type":"Point"}},{"type":"Feature","geometry":{"type":"Point","coordinates":[31.81864,-0.33847]},"properties":{"id":"AjaGtzC8woM","name":"Kiyumba HC IV","type":"Point"}},{"type":"Feature","geometry":{"type":"Point","coordinates":[31.667785,-0.161794]},"properties":{"id":"ajaZHwTza6B","name":"Kabigi Muslim HC III","type":"Point"}},{"type":"Feature","geometry":{"type":"Point","coordinates":[29.88803,-0.98392]},"properties":{"id":"ajC9LOThoYj","name":"Katonya HC II","type":"Point"}},{"type":"Feature","geometry":{"type":"Point","coordinates":[34.35657,0.91019]},"properties":{"id":"aJCkfyIurtg","name":"Bupoto HC III","type":"Point"}},{"type":"Feature","geometry":{"type":"Point","coordinates":[30.09963,0.37343]},"properties":{"id":"ajcmYoJ4qIl","name":"Nyangorongo HC II","type":"Point"}},{"type":"Feature","geometry":{"type":"Point","coordinates":[33.43501,2.98809]},"properties":{"id":"ajeoW3M1Tvm","name":"Ongalo HC II","type":"Point"}},{"type":"Feature","geometry":{"type":"Point","coordinates":[31.02296,-0.82924]},"properties":{"id":"ajeYuefpnCF","name":"Rugaaga Health Care HC II","type":"Point"}},{"type":"Feature","geometry":{"type":"Point","coordinates":[32.498664,0.837106]},"properties":{"id":"ajFglpQB0DX","name":"Kanyanda HC II","type":"Point"}},{"type":"Feature","geometry":{"type":"Point","coordinates":[34.122602,0.540952]},"properties":{"id":"aJgUSQQuIsM","name":"Buteba HC III","type":"Point"}},{"type":"Feature","geometry":{"type":"Point","coordinates":[30.3516,-0.65566]},"properties":{"id":"aJHHl6ynpb3","name":"Kashozi (Kashozi) HC II","type":"Point"}},{"type":"Feature","geometry":{"type":"Point","coordinates":[31.52246,-0.24067]},"properties":{"id":"ajiOvkBSZBh","name":"Mateete HC III","type":"Point"}},{"type":"Feature","geometry":{"type":"Point","coordinates":[31.03911,-0.92005]},"properties":{"id":"aJlqk5guS44","name":"Mbaare HC III","type":"Point"}},{"type":"Feature","geometry":{"type":"Point","coordinates":[30.19348,-0.54152]},"properties":{"id":"aJNgqIuVpYF","name":"Bushenyi Medical Center HC III","type":"Point"}},{"type":"Feature","geometry":{"type":"Point","coordinates":[30.46124,0.71563]},"properties":{"id":"ajogQebjO0O","name":"Mabale Tea Factory HC II","type":"Point"}},{"type":"Feature","geometry":{"type":"Point","coordinates":[33.21408,0.71751]},"properties":{"id":"ajRh92ixvsF","name":"Luzinga Flep HC II","type":"Point"}},{"type":"Feature","geometry":{"type":"Point","coordinates":[31.34424,-0.77863]},"properties":{"id":"AjwnALSnLrK","name":"Kibaale HC II","type":"Point"}},{"type":"Feature","geometry":{"type":"Point","coordinates":[32.18942,2.81132]},"properties":{"id":"AJxamlmKn2x","name":"Keyo HC II","type":"Point"}},{"type":"Feature","geometry":{"type":"Point","coordinates":[33.410919,0.675739]},"properties":{"id":"ajyFjFHuOre","name":"Lwaki HC II","type":"Point"}},{"type":"Feature","geometry":{"type":"Point","coordinates":[29.77342,-1.33516]},"properties":{"id":"aK1GSPJrhjK","name":"Chahafi HC IV","type":"Point"}},{"type":"Feature","geometry":{"type":"Point","coordinates":[34.1206,1.2118]},"properties":{"id":"ak1yCSlQVYY","name":"Kachumbala Ngo HC II","type":"Point"}},{"type":"Feature","geometry":{"type":"Point","coordinates":[30.96978,-0.89158]},"properties":{"id":"ak2gK9gfyQS","name":"Kashumba HC III","type":"Point"}},{"type":"Feature","geometry":{"type":"Point","coordinates":[33.68135,0.69661]},"properties":{"id":"aK4gwJ4rOvw","name":"Wangobo HC II","type":"Point"}},{"type":"Feature","geometry":{"type":"Point","coordinates":[32.85343,2.05885]},"properties":{"id":"ak9IdtlLSjV","name":"Abwong HC II","type":"Point"}},{"type":"Feature","geometry":{"type":"Point","coordinates":[32.79638,0.20796]},"properties":{"id":"akaiT2gUBst","name":"Kojja HC IV","type":"Point"}},{"type":"Feature","geometry":{"type":"Point","coordinates":[32.51234,0.7684]},"properties":{"id":"aKayqi0QalZ","name":"Lugo HC III","type":"Point"}},{"type":"Feature","geometry":{"type":"Point","coordinates":[34.05657,0.71453]},"properties":{"id":"akc6IAtcgev","name":"Chawolo HC II","type":"Point"}},{"type":"Feature","geometry":{"type":"Point","coordinates":[33.04985,3.27122]},"properties":{"id":"aKgreJPVnve","name":"Kitgum-Matidi HC III","type":"Point"}},{"type":"Feature","geometry":{"type":"Point","coordinates":[34.11417,1.14067]},"properties":{"id":"akKqxsRNtae","name":"Kabwangasi HC III","type":"Point"}},{"type":"Feature","geometry":{"type":"Point","coordinates":[31.31053,-0.62724]},"properties":{"id":"akLIpF5HNjE","name":"Kimuli HC III","type":"Point"}},{"type":"Feature","geometry":{"type":"Point","coordinates":[30.00238,0.28918]},"properties":{"id":"aKmOqqxiDuQ","name":"Bugoye HC III","type":"Point"}},{"type":"Feature","geometry":{"type":"Point","coordinates":[32.61161,0.30685]},"properties":{"id":"aKmx8C5qUZ8","name":"Kisugu HC III","type":"Point"}},{"type":"Feature","geometry":{"type":"Point","coordinates":[33.04103,2.40401]},"properties":{"id":"AKNaO98uuZO","name":"Apala HC III","type":"Point"}},{"type":"Feature","geometry":{"type":"Point","coordinates":[30.26518,-0.70127]},"properties":{"id":"akNrhFiVG8U","name":"Rugarama HC II","type":"Point"}},{"type":"Feature","geometry":{"type":"Point","coordinates":[33.91245,3.11812]},"properties":{"id":"akNVan5uHv4","name":"Losakucha HC II","type":"Point"}},{"type":"Feature","geometry":{"type":"Point","coordinates":[33.099431,2.697541]},"properties":{"id":"aKoVWgIufTx","name":"Acholpii HC III","type":"Point"}},{"type":"Feature","geometry":{"type":"Point","coordinates":[32.29265,2.7977]},"properties":{"id":"aKP6B0Z5nbZ","name":"Bardege HC III","type":"Point"}},{"type":"Feature","geometry":{"type":"Point","coordinates":[30.77974,-0.83666]},"properties":{"id":"akpD9KoxPcB","name":"Mabona HC III","type":"Point"}},{"type":"Feature","geometry":{"type":"Point","coordinates":[33.41048,0.44826]},"properties":{"id":"akPhsrP77Ae","name":"Nkombe (Imanyiro) HC II","type":"Point"}},{"type":"Feature","geometry":{"type":"Point","coordinates":[32.54516,0.35724]},"properties":{"id":"akpHXftD4yu","name":"Nabweru HC III","type":"Point"}},{"type":"Feature","geometry":{"type":"Point","coordinates":[34.45771,1.36442]},"properties":{"id":"aKrzURA6hJZ","name":"Kwoti HC II","type":"Point"}},{"type":"Feature","geometry":{"type":"Point","coordinates":[30.62904,-0.89426]},"properties":{"id":"aKwOiCIvmn5","name":"Kanywamaizi HC III","type":"Point"}},{"type":"Feature","geometry":{"type":"Point","coordinates":[30.09909,0.71398]},"properties":{"id":"aKxaxZSbzx9","name":"Bukangama HC III","type":"Point"}},{"type":"Feature","geometry":{"type":"Point","coordinates":[33.39556,0.92619]},"properties":{"id":"aKyI8EjjSd7","name":"Busanda HC II","type":"Point"}},{"type":"Feature","geometry":{"type":"Point","coordinates":[32.487199,0.877101]},"properties":{"id":"aKyrbNsmNnT","name":"Nyimbwa HC IV","type":"Point"}},{"type":"Feature","geometry":{"type":"Point","coordinates":[30.64368,-0.91315]},"properties":{"id":"aKzFgKWqIPv","name":"Kabugu HC II","type":"Point"}},{"type":"Feature","geometry":{"type":"Point","coordinates":[30.131144,0.256656]},"properties":{"id":"al3dwgwyMOl","name":"Mubuku Prison HC II","type":"Point"}},{"type":"Feature","geometry":{"type":"Point","coordinates":[32.527444,0.728274]},"properties":{"id":"al4RYwQs9ej","name":"Kyevunze HC II","type":"Point"}},{"type":"Feature","geometry":{"type":"Point","coordinates":[30.26962,-0.56587]},"properties":{"id":"aL6mherCqRW","name":"Kyeizooba HC III","type":"Point"}},{"type":"Feature","geometry":{"type":"Point","coordinates":[32.578812,0.323263]},"properties":{"id":"aL6vWenhalN","name":"Nakasero National Blood Bank","type":"Point"}},{"type":"Feature","geometry":{"type":"Point","coordinates":[33.91657,1.385822]},"properties":{"id":"al7HcOssdLZ","name":"Kanyum HC III","type":"Point"}},{"type":"Feature","geometry":{"type":"Point","coordinates":[31.782836,-0.06291]},"properties":{"id":"ald3aEmViHB","name":"Kigasa HC II","type":"Point"}},{"type":"Feature","geometry":{"type":"Point","coordinates":[30.57903,0.64479]},"properties":{"id":"aLF9fK0AtT7","name":"Hope Again Medical Centre HC III","type":"Point"}},{"type":"Feature","geometry":{"type":"Point","coordinates":[32.6812,2.27672]},"properties":{"id":"alhzoKRyLzY","name":"Okole HC II","type":"Point"}},{"type":"Feature","geometry":{"type":"Point","coordinates":[30.38764,-0.18932]},"properties":{"id":"aLImY2rk5DK","name":"Kicuzi HC II","type":"Point"}},{"type":"Feature","geometry":{"type":"Point","coordinates":[30.58594,-0.95882]},"properties":{"id":"AljBYYOCrhQ","name":"Rwakakwenda HC II","type":"Point"}},{"type":"Feature","geometry":{"type":"Point","coordinates":[30.99598,2.83095]},"properties":{"id":"aLKBDY8KNaI","name":"Bondo HC III","type":"Point"}},{"type":"Feature","geometry":{"type":"Point","coordinates":[33.011288,0.794697]},"properties":{"id":"aLmtlWu249T","name":"Busana HC III","type":"Point"}},{"type":"Feature","geometry":{"type":"Point","coordinates":[31.99392,0.41237]},"properties":{"id":"AlO9MzUULQ7","name":"St. Jude Naama HC II","type":"Point"}},{"type":"Feature","geometry":{"type":"Point","coordinates":[31.32438,0.78423]},"properties":{"id":"aLPsQWPEMFT","name":"Kakumiro HC IV","type":"Point"}},{"type":"Feature","geometry":{"type":"Point","coordinates":[32.37961,0.24122]},"properties":{"id":"aLQq5QTDV2s","name":"St. Monica Katende HC III","type":"Point"}},{"type":"Feature","geometry":{"type":"Point","coordinates":[33.12543,0.94405]},"properties":{"id":"alRiCwuGAG4","name":"Kamuli Health Care Emergency HC III","type":"Point"}},{"type":"Feature","geometry":{"type":"Point","coordinates":[29.70794,-1.2009]},"properties":{"id":"aLRO2msaA9p","name":"Bukimbiri HC III","type":"Point"}},{"type":"Feature","geometry":{"type":"Point","coordinates":[31.53765,0.80855]},"properties":{"id":"alZgEM25r1K","name":"St. Joseph Madudu HC III","type":"Point"}},{"type":"Feature","geometry":{"type":"Point","coordinates":[31.60111,-0.47889]},"properties":{"id":"alzpRLW14i8","name":"Kirumba HC III","type":"Point"}},{"type":"Feature","geometry":{"type":"Point","coordinates":[32.49842,0.32855]},"properties":{"id":"alzSFDpdbba","name":"Bbira Ngo HC II","type":"Point"}},{"type":"Feature","geometry":{"type":"Point","coordinates":[33.08905,1.7865]},"properties":{"id":"am0CWdRoImq","name":"Awelo HC II","type":"Point"}},{"type":"Feature","geometry":{"type":"Point","coordinates":[32.1373,2.94959]},"properties":{"id":"am0vQYNJohR","name":"Jengari HC II","type":"Point"}},{"type":"Feature","geometry":{"type":"Point","coordinates":[33.83917,0.38205]},"properties":{"id":"am15Sw0sGcH","name":"Kifuyo HC II","type":"Point"}},{"type":"Feature","geometry":{"type":"Point","coordinates":[30.98574,3.03034]},"properties":{"id":"aM3UfhNrS2W","name":"Orivu HC III","type":"Point"}},{"type":"Feature","geometry":{"type":"Point","coordinates":[29.92446,-0.781129]},"properties":{"id":"amaqHI7PUL2","name":"Rukungiri HC IV","type":"Point"}},{"type":"Feature","geometry":{"type":"Point","coordinates":[32.577527,0.313536]},"properties":{"id":"aMcxqYcYtot","name":"Kampala Poly Clinic HC II","type":"Point"}},{"type":"Feature","geometry":{"type":"Point","coordinates":[32.83556,2.2534]},"properties":{"id":"amDpMeSgs3P","name":"Barapwo HC III","type":"Point"}},{"type":"Feature","geometry":{"type":"Point","coordinates":[30.64705,-0.62332]},"properties":{"id":"aMldu85cKyD","name":"Holy Innocents Children's Hospital","type":"Point"}},{"type":"Feature","geometry":{"type":"Point","coordinates":[32.93836,1.60416]},"properties":{"id":"amnweRXxGSV","name":"Nakatiti HC II","type":"Point"}},{"type":"Feature","geometry":{"type":"Point","coordinates":[32.08958,0.50889]},"properties":{"id":"ampdTvH90Wr","name":"Namutamba Reh. Centre HC II","type":"Point"}},{"type":"Feature","geometry":{"type":"Point","coordinates":[33.71188,1.28066]},"properties":{"id":"aMrHxMQoKXP","name":"Agule HC III","type":"Point"}},{"type":"Feature","geometry":{"type":"Point","coordinates":[30.07868,0.17419]},"properties":{"id":"aMrVtjXDAOU","name":"Bishop Masereka Christian Foundation HC IV","type":"Point"}},{"type":"Feature","geometry":{"type":"Point","coordinates":[31.2134,2.88227]},"properties":{"id":"amS3L4P6obf","name":"Inde HC III","type":"Point"}},{"type":"Feature","geometry":{"type":"Point","coordinates":[30.03998,-0.75268]},"properties":{"id":"amvcW2oHvfK","name":"Mayanga HC II","type":"Point"}},{"type":"Feature","geometry":{"type":"Point","coordinates":[31.50024,-0.78614]},"properties":{"id":"amwSlyHvRiP","name":"Ssanje Domiciliary Clinic HC III","type":"Point"}},{"type":"Feature","geometry":{"type":"Point","coordinates":[33.11402,0.51026]},"properties":{"id":"an1CZjQ65h7","name":"Wakisi HC III","type":"Point"}},{"type":"Feature","geometry":{"type":"Point","coordinates":[30.151886,0.33062]},"properties":{"id":"An4WDnoSfY0","name":"Kinyabwamba HC III","type":"Point"}},{"type":"Feature","geometry":{"type":"Point","coordinates":[32.90639,0.29694]},"properties":{"id":"analluLubfV","name":"Busabaga HC III","type":"Point"}},{"type":"Feature","geometry":{"type":"Point","coordinates":[32.72017,0.34103]},"properties":{"id":"aNJUah8tlkm","name":"Nantabulirwa HC II","type":"Point"}},{"type":"Feature","geometry":{"type":"Point","coordinates":[33.166054,2.786638]},"properties":{"id":"aNM5X9P50rl","name":"Lira Palwo HC III","type":"Point"}},{"type":"Feature","geometry":{"type":"Point","coordinates":[31.99748,0.05216]},"properties":{"id":"anOxR20hDCC","name":"Kituntu HC III","type":"Point"}},{"type":"Feature","geometry":{"type":"Point","coordinates":[29.5502,-1.06836]},"properties":{"id":"aNQeY1nmnoO","name":"Mpungu HC III","type":"Point"}},{"type":"Feature","geometry":{"type":"Point","coordinates":[33.48277,0.89568]},"properties":{"id":"aNs3syyPTb1","name":"Namugongo HC III","type":"Point"}},{"type":"Feature","geometry":{"type":"Point","coordinates":[32.5789,0.24284]},"properties":{"id":"aNt5WiVHx4G","name":"Ndejje HC IV","type":"Point"}},{"type":"Feature","geometry":{"type":"Point","coordinates":[32.65234,3.37839]},"properties":{"id":"aNW8E8PWwck","name":"Palabek-Gem HC III","type":"Point"}},{"type":"Feature","geometry":{"type":"Point","coordinates":[34.10951,1.16497]},"properties":{"id":"anWd1qwL6gr","name":"Kachuru HC II","type":"Point"}},{"type":"Feature","geometry":{"type":"Point","coordinates":[32.6465,1.23453]},"properties":{"id":"aNWVZ9aCbQb","name":"Kakoola HC II (Nakasongola)","type":"Point"}},{"type":"Feature","geometry":{"type":"Point","coordinates":[32.05364,0.28916]},"properties":{"id":"aNwwYe1P90o","name":"Cardinal Nsubuga Memorial HC III","type":"Point"}},{"type":"Feature","geometry":{"type":"Point","coordinates":[29.87352,-0.86402]},"properties":{"id":"any4HvzIRxY","name":"Rugando HC II","type":"Point"}},{"type":"Feature","geometry":{"type":"Point","coordinates":[33.16497,0.59785]},"properties":{"id":"anyDKTZmVPh","name":"Kabaganda HC II","type":"Point"}},{"type":"Feature","geometry":{"type":"Point","coordinates":[30.37466,0.64938]},"properties":{"id":"ao2zxSYuDqi","name":"Mpanga Tea Estate HC II","type":"Point"}},{"type":"Feature","geometry":{"type":"Point","coordinates":[30.26618,0.42761]},"properties":{"id":"aO5NU9dvqqT","name":"Kasusu HC III","type":"Point"}},{"type":"Feature","geometry":{"type":"Point","coordinates":[33.48521,0.22638]},"properties":{"id":"ao6V9sOp2DA","name":"Malongo HC III","type":"Point"}},{"type":"Feature","geometry":{"type":"Point","coordinates":[34.01205,1.10428]},"properties":{"id":"aO7oxwS5BKX","name":"Iki Iki Dispensary HC II","type":"Point"}},{"type":"Feature","geometry":{"type":"Point","coordinates":[30.844218,2.646897]},"properties":{"id":"aoc8dFcHiqR","name":"Kango HC III","type":"Point"}},{"type":"Feature","geometry":{"type":"Point","coordinates":[33.99144,1.05849]},"properties":{"id":"aocu3geIqCH","name":"Namusita (Budaka) HC III","type":"Point"}},{"type":"Feature","geometry":{"type":"Point","coordinates":[32.94306,3.5952]},"properties":{"id":"aod4x8edzQu","name":"Paloga HC III","type":"Point"}},{"type":"Feature","geometry":{"type":"Point","coordinates":[30.60941,-0.99791]},"properties":{"id":"aoD5b237vol","name":"Kyamusoni HC II","type":"Point"}},{"type":"Feature","geometry":{"type":"Point","coordinates":[29.7267,-1.00004]},"properties":{"id":"aOGoACfpdPw","name":"Kanyanshogi HC II","type":"Point"}},{"type":"Feature","geometry":{"type":"Point","coordinates":[32.31919,0.21152]},"properties":{"id":"aOHWQc76Dvu","name":"Double Cure HC IV","type":"Point"}},{"type":"Feature","geometry":{"type":"Point","coordinates":[30.23874,0.63923]},"properties":{"id":"aOKbOOqOG6Y","name":"Karambi (Kabarole) HC III","type":"Point"}},{"type":"Feature","geometry":{"type":"Point","coordinates":[33.14142,1.49811]},"properties":{"id":"aoKmCk2WKgG","name":"Kagwara HC III","type":"Point"}},{"type":"Feature","geometry":{"type":"Point","coordinates":[29.986994,-1.362721]},"properties":{"id":"aoKwhABrCpq","name":"Kasheregyenyi HC III","type":"Point"}},{"type":"Feature","geometry":{"type":"Point","coordinates":[33.47239,0.34166]},"properties":{"id":"aoNyMeWn6YC","name":"Kitovu HC II","type":"Point"}},{"type":"Feature","geometry":{"type":"Point","coordinates":[33.990778,1.412704]},"properties":{"id":"aOoSM1O7H9D","name":"Atutur Hospital","type":"Point"}},{"type":"Feature","geometry":{"type":"Point","coordinates":[32.74076,0.31834]},"properties":{"id":"aOqDzfL80Nt","name":"Kyungu HC II","type":"Point"}},{"type":"Feature","geometry":{"type":"Point","coordinates":[31.782109,3.378619]},"properties":{"id":"aoqEF4fUP18","name":"Adjumani Mission HC III","type":"Point"}},{"type":"Feature","geometry":{"type":"Point","coordinates":[29.93435,-0.96215]},"properties":{"id":"aORai5w2IbF","name":"Mitooma HC II","type":"Point"}},{"type":"Feature","geometry":{"type":"Point","coordinates":[31.15635,-0.4064]},"properties":{"id":"aormD5Bw2vI","name":"Safeka Nursing Home Clinic","type":"Point"}},{"type":"Feature","geometry":{"type":"Point","coordinates":[30.039536,-0.951365]},"properties":{"id":"aORNRKO8Y00","name":"Bwanga HC II","type":"Point"}},{"type":"Feature","geometry":{"type":"Point","coordinates":[31.7091,1.66427]},"properties":{"id":"aoSaHHEzyxK","name":"Nyamigisa HC II","type":"Point"}},{"type":"Feature","geometry":{"type":"Point","coordinates":[32.13013,1.71076]},"properties":{"id":"aOsept0n3Xn","name":"Kungu HC II","type":"Point"}},{"type":"Feature","geometry":{"type":"Point","coordinates":[33.60926,0.81833]},"properties":{"id":"aOt4qHwBUAV","name":"Nsinze HC IV","type":"Point"}},{"type":"Feature","geometry":{"type":"Point","coordinates":[33.61519,1.7218]},"properties":{"id":"aOUFGE58SZA","name":"St. Peters Ngo HC II","type":"Point"}},{"type":"Feature","geometry":{"type":"Point","coordinates":[31.11339,-0.04612]},"properties":{"id":"aoUzZtrglCT","name":"Namutamba HC II","type":"Point"}},{"type":"Feature","geometry":{"type":"Point","coordinates":[34.127508,1.44269]},"properties":{"id":"aowpXPkRtAt","name":"Kabarwa HC III","type":"Point"}},{"type":"Feature","geometry":{"type":"Point","coordinates":[31.79071,3.63601]},"properties":{"id":"aoYoN1wkWDw","name":"Metu HC III","type":"Point"}},{"type":"Feature","geometry":{"type":"Point","coordinates":[33.03894,1.82251]},"properties":{"id":"aP04v4fQbSd","name":"Kangai HC III","type":"Point"}},{"type":"Feature","geometry":{"type":"Point","coordinates":[31.58335,1.530105]},"properties":{"id":"ap3Cu39yPkF","name":"Bwijanga HC IV","type":"Point"}},{"type":"Feature","geometry":{"type":"Point","coordinates":[32.16436,0.164]},"properties":{"id":"aP3vXWciBlE","name":"Kibugga HC II","type":"Point"}},{"type":"Feature","geometry":{"type":"Point","coordinates":[32.60038,0.27986]},"properties":{"id":"Ap53MmxflW6","name":"Hope Clinic Lukuli HC III","type":"Point"}},{"type":"Feature","geometry":{"type":"Point","coordinates":[29.95582,-1.09612]},"properties":{"id":"aP7HPJbm5x2","name":"Bucundura HC II","type":"Point"}},{"type":"Feature","geometry":{"type":"Point","coordinates":[30.04507,0.67038]},"properties":{"id":"aP9QvjkEszN","name":"Kayenje HC II","type":"Point"}},{"type":"Feature","geometry":{"type":"Point","coordinates":[33.65685,0.80276]},"properties":{"id":"aPCo8FVyXXJ","name":"Bukonte HC II","type":"Point"}},{"type":"Feature","geometry":{"type":"Point","coordinates":[30.80899,2.58405]},"properties":{"id":"apEUhKfLxjY","name":"Alangi HC III","type":"Point"}},{"type":"Feature","geometry":{"type":"Point","coordinates":[32.51411,2.92257]},"properties":{"id":"apGje3lIGEP","name":"Cwero HC III","type":"Point"}},{"type":"Feature","geometry":{"type":"Point","coordinates":[31.02721,2.91913]},"properties":{"id":"apgOmUgDNge","name":"Ajia HC III","type":"Point"}},{"type":"Feature","geometry":{"type":"Point","coordinates":[29.66414,-0.80543]},"properties":{"id":"apl1K4t4OHY","name":"Kihembe HC II","type":"Point"}},{"type":"Feature","geometry":{"type":"Point","coordinates":[34.12301,0.98485]},"properties":{"id":"aPNq1GUh1et","name":"Kachonga HC III","type":"Point"}},{"type":"Feature","geometry":{"type":"Point","coordinates":[34.77568,1.25033]},"properties":{"id":"apNXE4NwXoP","name":"Kapkoloswo HC III","type":"Point"}},{"type":"Feature","geometry":{"type":"Point","coordinates":[31.34672,1.50386]},"properties":{"id":"aPr9XQM36Dn","name":"Dwoli HC III","type":"Point"}},{"type":"Feature","geometry":{"type":"Point","coordinates":[33.66464,0.74824]},"properties":{"id":"apRrv5F3gjn","name":"Namuwondo HC II","type":"Point"}},{"type":"Feature","geometry":{"type":"Point","coordinates":[34.33445,1.10447]},"properties":{"id":"apShjfH5dpp","name":"Kyesha HC II","type":"Point"}},{"type":"Feature","geometry":{"type":"Point","coordinates":[32.25254,2.76599]},"properties":{"id":"aPsvoBYxsDS","name":"St. Mary's Hospital Lacor","type":"Point"}},{"type":"Feature","geometry":{"type":"Point","coordinates":[33.87385,2.61135]},"properties":{"id":"aPv6owroI2J","name":"Opopongo HC II","type":"Point"}},{"type":"Feature","geometry":{"type":"Point","coordinates":[32.97584,2.3889]},"properties":{"id":"ApVyWDny4Sz","name":"Akangi HC II","type":"Point"}},{"type":"Feature","geometry":{"type":"Point","coordinates":[32.33166,0.17287]},"properties":{"id":"aPw8BIgtIDF","name":"Nsamu/Kyali HC III","type":"Point"}},{"type":"Feature","geometry":{"type":"Point","coordinates":[30.45778,-0.65862]},"properties":{"id":"ApxHwTWTekP","name":"Kinoni HC IV","type":"Point"}},{"type":"Feature","geometry":{"type":"Point","coordinates":[33.38423,0.57694]},"properties":{"id":"aPXQhyTI3oq","name":"Bute HC II","type":"Point"}},{"type":"Feature","geometry":{"type":"Point","coordinates":[32.7279,1.60483]},"properties":{"id":"apxYt6pdYil","name":"Alyecmeda HC II","type":"Point"}},{"type":"Feature","geometry":{"type":"Point","coordinates":[31.11693,2.38004]},"properties":{"id":"apYhAqPQauy","name":"Pamaka HC II","type":"Point"}},{"type":"Feature","geometry":{"type":"Point","coordinates":[32.54581,0.50131]},"properties":{"id":"aq5a4s4nH5n","name":"Buwambo HC IV","type":"Point"}},{"type":"Feature","geometry":{"type":"Point","coordinates":[33.89383,1.36235]},"properties":{"id":"aqG8bVVJdXW","name":"Olimai HC III","type":"Point"}},{"type":"Feature","geometry":{"type":"Point","coordinates":[33.26451,2.51075]},"properties":{"id":"aqHWU5eZqU1","name":"Okwongo HC III","type":"Point"}},{"type":"Feature","geometry":{"type":"Point","coordinates":[31.89611,0.5766]},"properties":{"id":"aQJllMQZqQC","name":"Nabugondo HC II","type":"Point"}},{"type":"Feature","geometry":{"type":"Point","coordinates":[33.46544,0.68787]},"properties":{"id":"aqKT8ebfGls","name":"Bunyiiro HC II","type":"Point"}},{"type":"Feature","geometry":{"type":"Point","coordinates":[31.65511,3.5211]},"properties":{"id":"aQnmwOGxGcK","name":"Palorinya HC III","type":"Point"}},{"type":"Feature","geometry":{"type":"Point","coordinates":[30.328193,-0.461556]},"properties":{"id":"aQnnXNR37zd","name":"Muzira HC II","type":"Point"}},{"type":"Feature","geometry":{"type":"Point","coordinates":[30.64977,-0.84918]},"properties":{"id":"aqpJDW5rDvU","name":"Ruhiira HC III","type":"Point"}},{"type":"Feature","geometry":{"type":"Point","coordinates":[34.024967,0.772335]},"properties":{"id":"aQPRjLfrzRx","name":"Nagongera HC IV","type":"Point"}},{"type":"Feature","geometry":{"type":"Point","coordinates":[31.62173,-0.538174]},"properties":{"id":"aqqJXIn2j84","name":"Rakai Health Sciences Program Clinic","type":"Point"}},{"type":"Feature","geometry":{"type":"Point","coordinates":[33.29895,1.98173]},"properties":{"id":"aQrkHdMfe12","name":"Abalang HC II (Anyara Subcounty)","type":"Point"}},{"type":"Feature","geometry":{"type":"Point","coordinates":[30.34164,0.6421]},"properties":{"id":"aQTBvjHZAw9","name":"Kaswa HC III","type":"Point"}},{"type":"Feature","geometry":{"type":"Point","coordinates":[33.6152,0.55156]},"properties":{"id":"aQzm1D9r3PC","name":"Namiganda HC II","type":"Point"}},{"type":"Feature","geometry":{"type":"Point","coordinates":[30.00189,-0.827868]},"properties":{"id":"aR0P43jcGZM","name":"Garubunda HC II","type":"Point"}},{"type":"Feature","geometry":{"type":"Point","coordinates":[30.64965,-0.94483]},"properties":{"id":"aR0Ye42mrx8","name":"Rwamwijuka HC II","type":"Point"}},{"type":"Feature","geometry":{"type":"Point","coordinates":[30.70897,-0.82544]},"properties":{"id":"ar4RR2FBfKU","name":"Ntungu HC II","type":"Point"}},{"type":"Feature","geometry":{"type":"Point","coordinates":[33.665485,0.53621]},"properties":{"id":"ar6iOa5kNV5","name":"Kyemeire HC II","type":"Point"}},{"type":"Feature","geometry":{"type":"Point","coordinates":[32.79421,2.68842]},"properties":{"id":"arbBXd1KN8n","name":"Awere HC III","type":"Point"}},{"type":"Feature","geometry":{"type":"Point","coordinates":[32.29785,2.77451]},"properties":{"id":"aRBRoPNJuhf","name":"Marie Stopes Uganda Gulu HC II","type":"Point"}},{"type":"Feature","geometry":{"type":"Point","coordinates":[31.78446,0.92676]},"properties":{"id":"ArbUlowwE1y","name":"Kyayimba Epi Centre HC II","type":"Point"}},{"type":"Feature","geometry":{"type":"Point","coordinates":[32.01912,0.50342]},"properties":{"id":"archepWw0ZZ","name":"Bulera HC III","type":"Point"}},{"type":"Feature","geometry":{"type":"Point","coordinates":[31.000814,3.522155]},"properties":{"id":"arcJgFPVh0M","name":"Ludara HC III","type":"Point"}},{"type":"Feature","geometry":{"type":"Point","coordinates":[34.27061,1.33124]},"properties":{"id":"aRcYASb3NLw","name":"Buwakhanywinywi HC II","type":"Point"}},{"type":"Feature","geometry":{"type":"Point","coordinates":[32.27056,1.472517]},"properties":{"id":"aRE0Ejk5hdp","name":"Nabiswera HC IV","type":"Point"}},{"type":"Feature","geometry":{"type":"Point","coordinates":[31.52133,-0.82666]},"properties":{"id":"ArftrbbMzlw","name":"Mayanja HC II","type":"Point"}},{"type":"Feature","geometry":{"type":"Point","coordinates":[30.69965,-0.74893]},"properties":{"id":"ARgkmShGpuT","name":"Katanoga HC II","type":"Point"}},{"type":"Feature","geometry":{"type":"Point","coordinates":[33.46892,0.53086]},"properties":{"id":"arIRCXLdLpv","name":"Magada HC II","type":"Point"}},{"type":"Feature","geometry":{"type":"Point","coordinates":[30.087601,-1.249188]},"properties":{"id":"aRMmd4zYKEH","name":"Nyakasharara (Kabale) HC II","type":"Point"}},{"type":"Feature","geometry":{"type":"Point","coordinates":[31.7311,-0.29882]},"properties":{"id":"arNIJYtf78k","name":"Bugabira HC II","type":"Point"}},{"type":"Feature","geometry":{"type":"Point","coordinates":[31.151633,0.186928]},"properties":{"id":"aRoR6TMIU2c","name":"Makoole HC II","type":"Point"}},{"type":"Feature","geometry":{"type":"Point","coordinates":[30.92144,3.23994]},"properties":{"id":"arpYxB8jsNy","name":"St. Josephs Maracha Hospital","type":"Point"}},{"type":"Feature","geometry":{"type":"Point","coordinates":[31.51174,-0.7259]},"properties":{"id":"aRQrCkpinJP","name":"Kayonza Kacheera HC II","type":"Point"}},{"type":"Feature","geometry":{"type":"Point","coordinates":[31.97637,0.1407]},"properties":{"id":"aRRsrxSesDy","name":"Kewerimidde HC II","type":"Point"}},{"type":"Feature","geometry":{"type":"Point","coordinates":[31.20407,-0.45164]},"properties":{"id":"aRs9kg1lEWy","name":"Kabayanda HC II","type":"Point"}},{"type":"Feature","geometry":{"type":"Point","coordinates":[33.85938,2.04775]},"properties":{"id":"arSaR3TWlZL","name":"Ajeleik HC II","type":"Point"}},{"type":"Feature","geometry":{"type":"Point","coordinates":[29.73882,0.05857]},"properties":{"id":"arteeRlvbh7","name":"Kisolholho HC II","type":"Point"}},{"type":"Feature","geometry":{"type":"Point","coordinates":[34.71091,1.30102]},"properties":{"id":"arWb0FvSbW8","name":"Kortek HC III","type":"Point"}},{"type":"Feature","geometry":{"type":"Point","coordinates":[29.64016,-0.88065]},"properties":{"id":"aRwFP1c5PuU","name":"Butogota HC II","type":"Point"}},{"type":"Feature","geometry":{"type":"Point","coordinates":[32.93588,2.44195]},"properties":{"id":"aRxadClWcFM","name":"Ogur HC IV","type":"Point"}},{"type":"Feature","geometry":{"type":"Point","coordinates":[30.29764,-0.72144]},"properties":{"id":"arxX2Sx69qM","name":"Bigona HC II","type":"Point"}},{"type":"Feature","geometry":{"type":"Point","coordinates":[30.15001,-1.08335]},"properties":{"id":"aRZJAIxQZ53","name":"Kaina HC II","type":"Point"}},{"type":"Feature","geometry":{"type":"Point","coordinates":[32.92486,0.24383]},"properties":{"id":"aRZTDpzTYep","name":"Nkokonjeru HC II","type":"Point"}},{"type":"Feature","geometry":{"type":"Point","coordinates":[30.62646,-0.94291]},"properties":{"id":"AS4eTVHhwrD","name":"Kabuyanda Catholic HC II","type":"Point"}},{"type":"Feature","geometry":{"type":"Point","coordinates":[32.58057,0.51001]},"properties":{"id":"as4V8saM5sc","name":"Nabutiti HC III","type":"Point"}},{"type":"Feature","geometry":{"type":"Point","coordinates":[34.75521,1.29755]},"properties":{"id":"as59xHu47PE","name":"Bukwo Hospital","type":"Point"}},{"type":"Feature","geometry":{"type":"Point","coordinates":[32.29162,0.76741]},"properties":{"id":"as5X6KYdOqL","name":"St. Matia Lusanja HC II","type":"Point"}},{"type":"Feature","geometry":{"type":"Point","coordinates":[33.859467,0.52565]},"properties":{"id":"As7L9u5c9nF","name":"Buwuni HC II","type":"Point"}},{"type":"Feature","geometry":{"type":"Point","coordinates":[31.88473,0.14409]},"properties":{"id":"asCegsmRBma","name":"Namabeya HC II","type":"Point"}},{"type":"Feature","geometry":{"type":"Point","coordinates":[29.81843,-0.66539]},"properties":{"id":"aSMFrJoUBsM","name":"Kikongi HC II","type":"Point"}},{"type":"Feature","geometry":{"type":"Point","coordinates":[32.73307,1.10376]},"properties":{"id":"aSMuKx05RO8","name":"Bamugolodde HC III","type":"Point"}},{"type":"Feature","geometry":{"type":"Point","coordinates":[33.423625,3.061483]},"properties":{"id":"ASNnd0et215","name":"Kokil HC II","type":"Point"}},{"type":"Feature","geometry":{"type":"Point","coordinates":[31.60844,1.64005]},"properties":{"id":"ASNyZE7TMLu","name":"Kinyara Sugar Works HC III","type":"Point"}},{"type":"Feature","geometry":{"type":"Point","coordinates":[31.09819,0.11854]},"properties":{"id":"aSPxoxAOWUW","name":"Keizooba HC II","type":"Point"}},{"type":"Feature","geometry":{"type":"Point","coordinates":[31.22854,0.38081]},"properties":{"id":"asPYa4kd1vo","name":"Mubende Kasambya HC III Govt","type":"Point"}},{"type":"Feature","geometry":{"type":"Point","coordinates":[33.89451,0.418161]},"properties":{"id":"aspYcErPY7F","name":"Bumooli HC III","type":"Point"}},{"type":"Feature","geometry":{"type":"Point","coordinates":[33.89992,3.61492]},"properties":{"id":"asRTtPGPw9i","name":"Kalimon HC II","type":"Point"}},{"type":"Feature","geometry":{"type":"Point","coordinates":[31.768812,-0.442211]},"properties":{"id":"aSsroXOZSIn","name":"Bukeeri HC III","type":"Point"}},{"type":"Feature","geometry":{"type":"Point","coordinates":[30.084039,0.293183]},"properties":{"id":"aSwcfLNBhx2","name":"Maghoma HC II","type":"Point"}},{"type":"Feature","geometry":{"type":"Point","coordinates":[34.37796,1.05398]},"properties":{"id":"asYho1oZJbG","name":"Beatrice Tierney HC II","type":"Point"}},{"type":"Feature","geometry":{"type":"Point","coordinates":[33.72171,2.59801]},"properties":{"id":"aT1ytslGHPP","name":"Katabok (Abim) HC II","type":"Point"}},{"type":"Feature","geometry":{"type":"Point","coordinates":[29.77818,0.07353]},"properties":{"id":"at2r5D5668l","name":"Buhungamuyagha HC II","type":"Point"}},{"type":"Feature","geometry":{"type":"Point","coordinates":[30.91352,3.03937]},"properties":{"id":"at7TFoSqMKi","name":"Masjid Noor HC III","type":"Point"}},{"type":"Feature","geometry":{"type":"Point","coordinates":[32.3242,0.22204]},"properties":{"id":"aT88FYzV61A","name":"Mpigi Orthodox HC II","type":"Point"}},{"type":"Feature","geometry":{"type":"Point","coordinates":[32.649,0.30092]},"properties":{"id":"at9KnQkgpy6","name":"St. Steven Dispensary and Maternity HC III","type":"Point"}},{"type":"Feature","geometry":{"type":"Point","coordinates":[30.80833,-0.36391]},"properties":{"id":"aTA0Oqfza5z","name":"Kikatsi HC III","type":"Point"}},{"type":"Feature","geometry":{"type":"Point","coordinates":[30.8024,-0.80525]},"properties":{"id":"aTaU1OfpPkU","name":"Kyabirukwa HC III","type":"Point"}},{"type":"Feature","geometry":{"type":"Point","coordinates":[31.757589,-0.082854]},"properties":{"id":"aTbmzoEvT5z","name":"St. Joseph Of the Good Shepherd Kyamulibwa HC IV","type":"Point"}},{"type":"Feature","geometry":{"type":"Point","coordinates":[30.0359,0.20088]},"properties":{"id":"atf1FkRg80J","name":"Kilembe HC II","type":"Point"}},{"type":"Feature","geometry":{"type":"Point","coordinates":[32.299212,2.77666]},"properties":{"id":"atGRMXTBJaA","name":"TASO Gulu  Special Clinic","type":"Point"}},{"type":"Feature","geometry":{"type":"Point","coordinates":[30.88949,2.40891]},"properties":{"id":"aTH1dUHop5k","name":"Jangokoro HC III","type":"Point"}},{"type":"Feature","geometry":{"type":"Point","coordinates":[32.50139,0.83352]},"properties":{"id":"ATH6V5ik1cF","name":"Awebwa Matenity Center HC II","type":"Point"}},{"type":"Feature","geometry":{"type":"Point","coordinates":[31.01296,3.35821]},"properties":{"id":"ATo2Nmy2Y1Y","name":"Lurujo HC II","type":"Point"}},{"type":"Feature","geometry":{"type":"Point","coordinates":[31.87196,3.31557]},"properties":{"id":"atv0z4e9m8B","name":"Bira HC III","type":"Point"}},{"type":"Feature","geometry":{"type":"Point","coordinates":[31.55855,3.3536]},"properties":{"id":"atvpY5SsE88","name":"Indilinga HC II","type":"Point"}},{"type":"Feature","geometry":{"type":"Point","coordinates":[31.71043,-0.50911]},"properties":{"id":"aTvsnjjZTyN","name":"Kyanamukaaka HC IV","type":"Point"}},{"type":"Feature","geometry":{"type":"Point","coordinates":[34.5743,2.05608]},"properties":{"id":"atZjFwq6HQ5","name":"Nabilatuk HC IV","type":"Point"}},{"type":"Feature","geometry":{"type":"Point","coordinates":[32.75585,0.22445]},"properties":{"id":"au3c47FR6VQ","name":"Bugoye HC II","type":"Point"}},{"type":"Feature","geometry":{"type":"Point","coordinates":[33.08464,2.97002]},"properties":{"id":"au4iSDaT4wv","name":"Ogom HC III","type":"Point"}},{"type":"Feature","geometry":{"type":"Point","coordinates":[30.52572,0.60034]},"properties":{"id":"aU6065dnndu","name":"Nyakarongo HC II","type":"Point"}},{"type":"Feature","geometry":{"type":"Point","coordinates":[30.88293,-0.83036]},"properties":{"id":"au6l6u0QySf","name":"Juru HC II","type":"Point"}},{"type":"Feature","geometry":{"type":"Point","coordinates":[33.0522,0.84686]},"properties":{"id":"aU7ebDxE9vM","name":"Mbulamuti HC III","type":"Point"}},{"type":"Feature","geometry":{"type":"Point","coordinates":[32.04813,0.4027]},"properties":{"id":"aUBabmiSafy","name":"Reproductive Health Uganda (Mityana) HC III","type":"Point"}},{"type":"Feature","geometry":{"type":"Point","coordinates":[34.271603,1.315471]},"properties":{"id":"aUCVOvi5Zz5","name":"Buyaga HC III","type":"Point"}},{"type":"Feature","geometry":{"type":"Point","coordinates":[34.14412,0.66114]},"properties":{"id":"auCzREvJkxl","name":"Nyalakot HC II","type":"Point"}},{"type":"Feature","geometry":{"type":"Point","coordinates":[32.98986,1.25634]},"properties":{"id":"aUha0DsNygQ","name":"Iringa HC II","type":"Point"}},{"type":"Feature","geometry":{"type":"Point","coordinates":[33.39462,1.91349]},"properties":{"id":"auhs8cHBTlW","name":"Apapai HC III","type":"Point"}},{"type":"Feature","geometry":{"type":"Point","coordinates":[33.21086,2.18058]},"properties":{"id":"aUjs9UBFWGB","name":"Awei HC III","type":"Point"}},{"type":"Feature","geometry":{"type":"Point","coordinates":[32.01136,-0.28637]},"properties":{"id":"aukuvrCNcqR","name":"Bukakata HC III","type":"Point"}},{"type":"Feature","geometry":{"type":"Point","coordinates":[32.17355,1.2419]},"properties":{"id":"AUl2LinS4Zb","name":"Kaweweeta HC III","type":"Point"}},{"type":"Feature","geometry":{"type":"Point","coordinates":[31.56832,-0.09735]},"properties":{"id":"aULXp2H2LGI","name":"Kitanda HC III","type":"Point"}},{"type":"Feature","geometry":{"type":"Point","coordinates":[30.20045,-0.6867]},"properties":{"id":"aUm6tfxcMHp","name":"Kasana West HC II","type":"Point"}},{"type":"Feature","geometry":{"type":"Point","coordinates":[29.97077,-0.56562]},"properties":{"id":"aumCjLAHfAL","name":"Bitereko HC III","type":"Point"}},{"type":"Feature","geometry":{"type":"Point","coordinates":[33.71082,1.23159]},"properties":{"id":"auN6pWDdKPY","name":"St. Stephen HC II","type":"Point"}},{"type":"Feature","geometry":{"type":"Point","coordinates":[34.00775,1.56094]},"properties":{"id":"aUnXgTzSLvC","name":"Ongino HC III","type":"Point"}},{"type":"Feature","geometry":{"type":"Point","coordinates":[33.61791,1.78725]},"properties":{"id":"aUpdwfofY85","name":"Arapai HC II","type":"Point"}},{"type":"Feature","geometry":{"type":"Point","coordinates":[34.30101,1.1196]},"properties":{"id":"aURmSknLg9S","name":"Buteza HC III","type":"Point"}},{"type":"Feature","geometry":{"type":"Point","coordinates":[31.91107,0.44072]},"properties":{"id":"ausfaeGjscI","name":"Myanzi HC III","type":"Point"}},{"type":"Feature","geometry":{"type":"Point","coordinates":[33.17651,2.32156]},"properties":{"id":"aUSFthg4pyX","name":"Anyanga HC II","type":"Point"}},{"type":"Feature","geometry":{"type":"Point","coordinates":[31.72665,1.69618]},"properties":{"id":"aUudvS1prRU","name":"Police Training School HC II","type":"Point"}},{"type":"Feature","geometry":{"type":"Point","coordinates":[31.06269,-0.79812]},"properties":{"id":"AUW1cjIB5uQ","name":"Birunduma HC II","type":"Point"}},{"type":"Feature","geometry":{"type":"Point","coordinates":[32.16817,1.98503]},"properties":{"id":"auWHq0LQsFf","name":"Katulikire HC III","type":"Point"}},{"type":"Feature","geometry":{"type":"Point","coordinates":[33.99738,0.32581]},"properties":{"id":"auwyv5FxrEm","name":"Lumino Foc Rev HC III","type":"Point"}},{"type":"Feature","geometry":{"type":"Point","coordinates":[31.61127,0.62331]},"properties":{"id":"auXkVE7IUoq","name":"Bweyongedde HC II","type":"Point"}},{"type":"Feature","geometry":{"type":"Point","coordinates":[33.93438,1.175386]},"properties":{"id":"auY0zuO56sC","name":"Galimagi (Butebo) HC III","type":"Point"}},{"type":"Feature","geometry":{"type":"Point","coordinates":[33.46668,3.41203]},"properties":{"id":"auzlyXb92mq","name":"Orom HC III","type":"Point"}},{"type":"Feature","geometry":{"type":"Point","coordinates":[33.00944,2.77578]},"properties":{"id":"auzuV39xOTU","name":"5th Military Division HC IV","type":"Point"}},{"type":"Feature","geometry":{"type":"Point","coordinates":[34.393996,1.038176]},"properties":{"id":"av5hBEV9k6X","name":"Bufuma HC III","type":"Point"}},{"type":"Feature","geometry":{"type":"Point","coordinates":[34.62179,1.4691]},"properties":{"id":"av7lBkdqD2U","name":"Sundet HC II","type":"Point"}},{"type":"Feature","geometry":{"type":"Point","coordinates":[30.68274,-0.92863]},"properties":{"id":"av9D2n2epXS","name":"Kaarokarungi HC II","type":"Point"}},{"type":"Feature","geometry":{"type":"Point","coordinates":[32.49891,0.29525]},"properties":{"id":"avaBAqrl0Df","name":"Kyengera HC III","type":"Point"}},{"type":"Feature","geometry":{"type":"Point","coordinates":[32.85962,2.44245]},"properties":{"id":"avAlXE2E7Re","name":"Alito HC III","type":"Point"}},{"type":"Feature","geometry":{"type":"Point","coordinates":[30.24025,-0.69925]},"properties":{"id":"aVbYZpMDz2f","name":"Kasana East HC II","type":"Point"}},{"type":"Feature","geometry":{"type":"Point","coordinates":[30.36832,0.63757]},"properties":{"id":"aVcdIF2qcWc","name":"Kataraka HC IV","type":"Point"}},{"type":"Feature","geometry":{"type":"Point","coordinates":[33.286101,0.048954]},"properties":{"id":"aVeE8JrylXn","name":"Bugaya HC III","type":"Point"}},{"type":"Feature","geometry":{"type":"Point","coordinates":[34.40911,1.14923]},"properties":{"id":"aVF1hN6kKkE","name":"Bugitimwa Ngo HC II","type":"Point"}},{"type":"Feature","geometry":{"type":"Point","coordinates":[32.78548,2.6862]},"properties":{"id":"avi5fZrFoo0","name":"St. Peters Awere HC II","type":"Point"}},{"type":"Feature","geometry":{"type":"Point","coordinates":[33.470735,0.820043]},"properties":{"id":"avJPCoMRZ9n","name":"Itanda HC II","type":"Point"}},{"type":"Feature","geometry":{"type":"Point","coordinates":[32.2743,0.22122]},"properties":{"id":"aVK5pJX1FPP","name":"Kafumu HC II","type":"Point"}},{"type":"Feature","geometry":{"type":"Point","coordinates":[29.983968,-1.264555]},"properties":{"id":"aVKmbSeBF1N","name":"Kamukira HC IV","type":"Point"}},{"type":"Feature","geometry":{"type":"Point","coordinates":[33.12633,0.94423]},"properties":{"id":"avKz7P8ctz4","name":"Fellowship Medical Centre HC III","type":"Point"}},{"type":"Feature","geometry":{"type":"Point","coordinates":[34.53367,1.41977]},"properties":{"id":"aVlOVOmBP2K","name":"Binyiny HC III","type":"Point"}},{"type":"Feature","geometry":{"type":"Point","coordinates":[30.418169,0.074416]},"properties":{"id":"aVLWD9zrowf","name":"Nyabbani HC III","type":"Point"}},{"type":"Feature","geometry":{"type":"Point","coordinates":[31.54257,-0.51549]},"properties":{"id":"aVMt1SBlRHi","name":"Nakasoga Muslim HC II","type":"Point"}},{"type":"Feature","geometry":{"type":"Point","coordinates":[32.86212,0.87858]},"properties":{"id":"AvO7fMz294Z","name":"Lugasa HC III","type":"Point"}},{"type":"Feature","geometry":{"type":"Point","coordinates":[32.03981,0.6907]},"properties":{"id":"aVPeLDNBucL","name":"Bukomero HC IV","type":"Point"}},{"type":"Feature","geometry":{"type":"Point","coordinates":[32.11213,0.63461]},"properties":{"id":"aVPydv9zaor","name":"Kikandwa HC III","type":"Point"}},{"type":"Feature","geometry":{"type":"Point","coordinates":[33.22673,1.42831]},"properties":{"id":"aVQCbe80pl7","name":"Aarapoo HC III","type":"Point"}},{"type":"Feature","geometry":{"type":"Point","coordinates":[31.66735,0.57933]},"properties":{"id":"avQJxIeVNUF","name":"Kikandwa HC III","type":"Point"}},{"type":"Feature","geometry":{"type":"Point","coordinates":[31.32183,-0.58615]},"properties":{"id":"aVTALGVoITy","name":"Kasankala Community Based Health Project HC II","type":"Point"}},{"type":"Feature","geometry":{"type":"Point","coordinates":[30.60432,0.97334]},"properties":{"id":"aVULsV9e3Gf","name":"Kyaterekera HC III","type":"Point"}},{"type":"Feature","geometry":{"type":"Point","coordinates":[31.40297,1.51203]},"properties":{"id":"avv19jEKJvK","name":"Kisabagwa HC II","type":"Point"}},{"type":"Feature","geometry":{"type":"Point","coordinates":[33.51755,1.032237]},"properties":{"id":"aVWOZt9GIeu","name":"Nabigwali Flep HC II","type":"Point"}},{"type":"Feature","geometry":{"type":"Point","coordinates":[31.212652,2.884883]},"properties":{"id":"avy7joRGT2x","name":"Ogoko HC II","type":"Point"}},{"type":"Feature","geometry":{"type":"Point","coordinates":[29.78092,-1.02771]},"properties":{"id":"avzQnIvljoV","name":"Ruhija HC II","type":"Point"}},{"type":"Feature","geometry":{"type":"Point","coordinates":[30.93375,2.94981]},"properties":{"id":"avzSINkwOx8","name":"Kuluva Hospital","type":"Point"}},{"type":"Feature","geometry":{"type":"Point","coordinates":[32.531388,0.417565]},"properties":{"id":"avZWtMODscD","name":"Kawanda HC III","type":"Point"}},{"type":"Feature","geometry":{"type":"Point","coordinates":[31.18098,0.35337]},"properties":{"id":"aW1eTxFPaeo","name":"Kabbo HC II","type":"Point"}},{"type":"Feature","geometry":{"type":"Point","coordinates":[34.37002,0.96036]},"properties":{"id":"aW4S9Y3XhuV","name":"Bunambale HC III","type":"Point"}},{"type":"Feature","geometry":{"type":"Point","coordinates":[30.10713,-1.24096]},"properties":{"id":"aWBQShswqcf","name":"Katenga HC II","type":"Point"}},{"type":"Feature","geometry":{"type":"Point","coordinates":[31.874558,1.789215]},"properties":{"id":"aWC5dU1Xvwh","name":"Kyatiri Mary Mother Of the Church HC III","type":"Point"}},{"type":"Feature","geometry":{"type":"Point","coordinates":[34.19622,0.70331]},"properties":{"id":"aWd1BrStd2o","name":"Benedictine Eye Hospital","type":"Point"}},{"type":"Feature","geometry":{"type":"Point","coordinates":[31.34763,1.42954]},"properties":{"id":"aWIgSZ4D5jT","name":"Hoima Ddho's Clinic HC II","type":"Point"}},{"type":"Feature","geometry":{"type":"Point","coordinates":[32.10549,3.32422]},"properties":{"id":"awjedeMiWo3","name":"Pacilo HC II","type":"Point"}},{"type":"Feature","geometry":{"type":"Point","coordinates":[33.096815,3.207657]},"properties":{"id":"aWMoXZucGiV","name":"Akuna Laber HC III","type":"Point"}},{"type":"Feature","geometry":{"type":"Point","coordinates":[30.586626,1.0212]},"properties":{"id":"awqe7z8lzoA","name":"Ndaiga HC II","type":"Point"}},{"type":"Feature","geometry":{"type":"Point","coordinates":[30.85411,0.13145]},"properties":{"id":"aWs3wHPQRRC","name":"Kiruhura Migina HC II","type":"Point"}},{"type":"Feature","geometry":{"type":"Point","coordinates":[32.57029,0.32553]},"properties":{"id":"aWtkpwtp9JE","name":"Adventist Medical Centre HC III","type":"Point"}},{"type":"Feature","geometry":{"type":"Point","coordinates":[34.31795,1.39508]},"properties":{"id":"aWwpooTj8ng","name":"Bwikhonge HC II","type":"Point"}},{"type":"Feature","geometry":{"type":"Point","coordinates":[31.04293,-0.68441]},"properties":{"id":"awXRxReJcg9","name":"Rushasha HC III","type":"Point"}},{"type":"Feature","geometry":{"type":"Point","coordinates":[33.246703,0.365255]},"properties":{"id":"aX1tLCw6glR","name":"Bugungu HC II","type":"Point"}},{"type":"Feature","geometry":{"type":"Point","coordinates":[32.08813,0.66392]},"properties":{"id":"aX6RTPDgyh1","name":"Bukalamuli HC III","type":"Point"}},{"type":"Feature","geometry":{"type":"Point","coordinates":[30.82321,-0.64962]},"properties":{"id":"axBP3PGZjM1","name":"Rwetango HC II","type":"Point"}},{"type":"Feature","geometry":{"type":"Point","coordinates":[30.95522,3.42035]},"properties":{"id":"aXGjPN0urzK","name":"Koboko Mission HC III","type":"Point"}},{"type":"Feature","geometry":{"type":"Point","coordinates":[30.67959,-0.78733]},"properties":{"id":"axKfX1OmCTn","name":"Nyamuyanja HC IV","type":"Point"}},{"type":"Feature","geometry":{"type":"Point","coordinates":[33.42786,0.60957]},"properties":{"id":"axKQfN9J4OH","name":"Nawansinge HC II","type":"Point"}},{"type":"Feature","geometry":{"type":"Point","coordinates":[32.91678,2.25021]},"properties":{"id":"AXlKF4953Sh","name":"Ayago HC III","type":"Point"}},{"type":"Feature","geometry":{"type":"Point","coordinates":[31.36069,3.387719]},"properties":{"id":"axmLtifg8dz","name":"Yoyo HC III","type":"Point"}},{"type":"Feature","geometry":{"type":"Point","coordinates":[32.92134,0.7536]},"properties":{"id":"aXN9vlaqvJx","name":"Busaale HC II","type":"Point"}},{"type":"Feature","geometry":{"type":"Point","coordinates":[31.40304,-0.713]},"properties":{"id":"axNgLDj6B5Q","name":"Rakai Hospital","type":"Point"}},{"type":"Feature","geometry":{"type":"Point","coordinates":[30.18496,-0.59209]},"properties":{"id":"aXnnYprMwTq","name":"Kabushaho HC III","type":"Point"}},{"type":"Feature","geometry":{"type":"Point","coordinates":[32.81495,0.44597]},"properties":{"id":"axNVMZcgPLU","name":"Katoogo HC III","type":"Point"}},{"type":"Feature","geometry":{"type":"Point","coordinates":[33.75866,0.41589]},"properties":{"id":"aXOYCLj6ksD","name":"Kitumba HC II","type":"Point"}},{"type":"Feature","geometry":{"type":"Point","coordinates":[33.95179,1.01983]},"properties":{"id":"aXPAwDqt65Q","name":"Budaka HC IV","type":"Point"}},{"type":"Feature","geometry":{"type":"Point","coordinates":[30.223028,0.225093]},"properties":{"id":"aXspFLZSsut","name":"Kanamba HC III","type":"Point"}},{"type":"Feature","geometry":{"type":"Point","coordinates":[31.4292,0.03763]},"properties":{"id":"aXTBxcjen8M","name":"Kagango HC II","type":"Point"}},{"type":"Feature","geometry":{"type":"Point","coordinates":[33.598918,1.628748]},"properties":{"id":"AY24xwaz8Ml","name":"Asuret HC III","type":"Point"}},{"type":"Feature","geometry":{"type":"Point","coordinates":[32.94453,3.29031]},"properties":{"id":"ayBEw3mzXtd","name":"Lukwor HC II","type":"Point"}},{"type":"Feature","geometry":{"type":"Point","coordinates":[33.896302,0.37264]},"properties":{"id":"ayBh8ous7GK","name":"Buswale St. Matia HC III","type":"Point"}},{"type":"Feature","geometry":{"type":"Point","coordinates":[33.96729,1.78356]},"properties":{"id":"ayC0ZVq8bSp","name":"St. Kevin Toroma HC III","type":"Point"}},{"type":"Feature","geometry":{"type":"Point","coordinates":[30.27954,0.6575]},"properties":{"id":"aYcUHBryDmo","name":"Lillah Muslim HC II","type":"Point"}},{"type":"Feature","geometry":{"type":"Point","coordinates":[30.58475,0.64307]},"properties":{"id":"aYcV6yUPUF5","name":"Villa Maria (Kaihura) HC II","type":"Point"}},{"type":"Feature","geometry":{"type":"Point","coordinates":[31.2997,1.26478]},"properties":{"id":"aygeogIefOQ","name":"Kitoole HC II","type":"Point"}},{"type":"Feature","geometry":{"type":"Point","coordinates":[33.53555,0.36663]},"properties":{"id":"ayit7T8VnwQ","name":"Busaala HC III","type":"Point"}},{"type":"Feature","geometry":{"type":"Point","coordinates":[32.61626,0.33581]},"properties":{"id":"ayNbdy3ARDa","name":"St. Anthony Domiciliary HC II","type":"Point"}},{"type":"Feature","geometry":{"type":"Point","coordinates":[30.82685,-0.75205]},"properties":{"id":"aYNSbanq4Fg","name":"Isingiro Katembe HC II","type":"Point"}},{"type":"Feature","geometry":{"type":"Point","coordinates":[30.25409,-0.41451]},"properties":{"id":"aYs22KZ2BES","name":"Rushambya HC II","type":"Point"}},{"type":"Feature","geometry":{"type":"Point","coordinates":[32.547209,0.68422]},"properties":{"id":"aysfx6SGoJe","name":"Nsawo HC III","type":"Point"}},{"type":"Feature","geometry":{"type":"Point","coordinates":[30.00307,0.71223]},"properties":{"id":"aySqIA0RRpH","name":"Kisuba HC III","type":"Point"}},{"type":"Feature","geometry":{"type":"Point","coordinates":[34.24069,1.062111]},"properties":{"id":"ayTrnqSyazC","name":"Kigezi (Mbale) HC II","type":"Point"}},{"type":"Feature","geometry":{"type":"Point","coordinates":[34.19265,2.9909]},"properties":{"id":"aywOCuiSQrR","name":"Nakapelimoru HC III","type":"Point"}},{"type":"Feature","geometry":{"type":"Point","coordinates":[30.38513,0.70481]},"properties":{"id":"ayyVEfFN9v7","name":"Kahangi HC II","type":"Point"}},{"type":"Feature","geometry":{"type":"Point","coordinates":[33.49037,0.71588]},"properties":{"id":"az7Fcxfmke7","name":"Namunkesu HC II","type":"Point"}},{"type":"Feature","geometry":{"type":"Point","coordinates":[34.1778,0.70426]},"properties":{"id":"aZep2aolzmX","name":"Bison HC III","type":"Point"}},{"type":"Feature","geometry":{"type":"Point","coordinates":[33.945495,2.52819]},"properties":{"id":"aZEsILFiYCF","name":"Nyakwae HC III","type":"Point"}},{"type":"Feature","geometry":{"type":"Point","coordinates":[32.581496,0.264725]},"properties":{"id":"aZG2lfuAtrU","name":"Masajja Kyabagu HC III","type":"Point"}},{"type":"Feature","geometry":{"type":"Point","coordinates":[31.56474,-0.75512]},"properties":{"id":"azhyjqRn52U","name":"Kijonjo HC II","type":"Point"}},{"type":"Feature","geometry":{"type":"Point","coordinates":[29.82802,-1.04761]},"properties":{"id":"aZMReDgAp1Q","name":"Kiyebe HC II","type":"Point"}},{"type":"Feature","geometry":{"type":"Point","coordinates":[32.89427,2.36107]},"properties":{"id":"aznzYiSnKLj","name":"Ayara HC II","type":"Point"}},{"type":"Feature","geometry":{"type":"Point","coordinates":[33.70562,1.09385]},"properties":{"id":"Azo3MsuykUZ","name":"Kasasira HC III","type":"Point"}},{"type":"Feature","geometry":{"type":"Point","coordinates":[32.12421,1.41483]},"properties":{"id":"azr8iVdWrCV","name":"Kasozi (Nakitoma) HC II","type":"Point"}},{"type":"Feature","geometry":{"type":"Point","coordinates":[31.53118,3.22009]},"properties":{"id":"AZRfSZ46cbp","name":"Aliba HC III","type":"Point"}},{"type":"Feature","geometry":{"type":"Point","coordinates":[30.95799,-0.97176]},"properties":{"id":"aZV3z5WZnpC","name":"Kigaragara HC II","type":"Point"}},{"type":"Feature","geometry":{"type":"Point","coordinates":[32.67677,0.5943]},"properties":{"id":"aZw4VQefUc4","name":"Kalagala HC IV","type":"Point"}},{"type":"Feature","geometry":{"type":"Point","coordinates":[32.58054,-0.2306]},"properties":{"id":"azzeotS1e0O","name":"Jaana HC II","type":"Point"}},{"type":"Feature","geometry":{"type":"Point","coordinates":[33.66164,3.51391]},"properties":{"id":"b00m3KfPXQw","name":"Pire HC II","type":"Point"}},{"type":"Feature","geometry":{"type":"Point","coordinates":[32.658161,0.319504]},"properties":{"id":"b0doUgekDci","name":"Capital Medical Consvultants HC II","type":"Point"}},{"type":"Feature","geometry":{"type":"Point","coordinates":[30.42895,-0.45445]},"properties":{"id":"B0fM5cE4uKL","name":"Mabaare HC II","type":"Point"}},{"type":"Feature","geometry":{"type":"Point","coordinates":[30.9682,-0.96584]},"properties":{"id":"b1Jy6LNcJUM","name":"Murema HC II","type":"Point"}},{"type":"Feature","geometry":{"type":"Point","coordinates":[33.514669,0.935481]},"properties":{"id":"b2C43iNW4sH","name":"Kasokwe HC II","type":"Point"}},{"type":"Feature","geometry":{"type":"Point","coordinates":[33.75723,0.77936]},"properties":{"id":"b2OIIMJWt0u","name":"Buyoboya HC II","type":"Point"}},{"type":"Feature","geometry":{"type":"Point","coordinates":[33.69904,0.79143]},"properties":{"id":"B3W5yafHqZE","name":"Kigalama Govt HC II","type":"Point"}},{"type":"Feature","geometry":{"type":"Point","coordinates":[34.71909,1.85608]},"properties":{"id":"b4ei3WhTRAH","name":"Nakapiripirit HC III","type":"Point"}},{"type":"Feature","geometry":{"type":"Point","coordinates":[32.04439,0.58464]},"properties":{"id":"B56X4Xsiff9","name":"Namigavu HC II","type":"Point"}},{"type":"Feature","geometry":{"type":"Point","coordinates":[31.33793,2.79519]},"properties":{"id":"b583xiTbJgi","name":"Pawor HC III","type":"Point"}},{"type":"Feature","geometry":{"type":"Point","coordinates":[34.15822,1.02337]},"properties":{"id":"b5gYOcDzgXn","name":"Bushikori HC III","type":"Point"}},{"type":"Feature","geometry":{"type":"Point","coordinates":[30.919435,1.054514]},"properties":{"id":"b5Ty8QKKPVI","name":"Mabaale HC III","type":"Point"}},{"type":"Feature","geometry":{"type":"Point","coordinates":[34.253638,3.736982]},"properties":{"id":"B5YahwaIZ6p","name":"Kamion HC II","type":"Point"}},{"type":"Feature","geometry":{"type":"Point","coordinates":[30.18625,-0.70375]},"properties":{"id":"b6OSnPPQ3Ew","name":"Rukondo HC II","type":"Point"}},{"type":"Feature","geometry":{"type":"Point","coordinates":[31.18753,3.36673]},"properties":{"id":"B7dqCVCMV5l","name":"Ambelechu HC II","type":"Point"}},{"type":"Feature","geometry":{"type":"Point","coordinates":[30.32546,-0.59092]},"properties":{"id":"B7NGo7PZu8h","name":"Rwamujojo HC II","type":"Point"}},{"type":"Feature","geometry":{"type":"Point","coordinates":[32.595157,0.354438]},"properties":{"id":"b7Y9wRcy6W2","name":"Faith Medical Center (Kisenyi) HC II","type":"Point"}},{"type":"Feature","geometry":{"type":"Point","coordinates":[34.199051,0.997924]},"properties":{"id":"b87lBxMVEGH","name":"Nasasa HC II","type":"Point"}},{"type":"Feature","geometry":{"type":"Point","coordinates":[30.97743,3.01761]},"properties":{"id":"b8XUrI7irw7","name":"Oluko Solidale HC III","type":"Point"}},{"type":"Feature","geometry":{"type":"Point","coordinates":[33.68005,2.3294]},"properties":{"id":"b9epW1JQKWV","name":"Aeket HC II","type":"Point"}},{"type":"Feature","geometry":{"type":"Point","coordinates":[33.21859,0.65783]},"properties":{"id":"B9FpgxMLSri","name":"Busegula HC II","type":"Point"}},{"type":"Feature","geometry":{"type":"Point","coordinates":[33.0335,0.9042]},"properties":{"id":"b9niqLqoyqP","name":"Bugeywa HC II","type":"Point"}},{"type":"Feature","geometry":{"type":"Point","coordinates":[30.131153,0.256647]},"properties":{"id":"ba1LabtE1fG","name":"Rukoki HC IV","type":"Point"}},{"type":"Feature","geometry":{"type":"Point","coordinates":[30.013479,-0.828956]},"properties":{"id":"ba44JvPeYSn","name":"Ndama HC III","type":"Point"}},{"type":"Feature","geometry":{"type":"Point","coordinates":[33.30068,0.73114]},"properties":{"id":"BaAs4hm4jc7","name":"Ikonia HC III","type":"Point"}},{"type":"Feature","geometry":{"type":"Point","coordinates":[32.79061,0.54285]},"properties":{"id":"bAh0tns9mFX","name":"Nakifuma HC III","type":"Point"}},{"type":"Feature","geometry":{"type":"Point","coordinates":[32.35317,2.57074]},"properties":{"id":"bah36yY0P6q","name":"Bobi HC III","type":"Point"}},{"type":"Feature","geometry":{"type":"Point","coordinates":[31.854467,3.35945]},"properties":{"id":"BAl377s28jZ","name":"Zoka HC II","type":"Point"}},{"type":"Feature","geometry":{"type":"Point","coordinates":[29.65435,-1.15936]},"properties":{"id":"bAyAiJKq92R","name":"Rutaka HC III","type":"Point"}},{"type":"Feature","geometry":{"type":"Point","coordinates":[30.130963,-1.306857]},"properties":{"id":"bbKOU8p1S9A","name":"Karweru HC II","type":"Point"}},{"type":"Feature","geometry":{"type":"Point","coordinates":[32.91267,0.01423]},"properties":{"id":"bBNSvGxVrSq","name":"Lwajje HC II","type":"Point"}},{"type":"Feature","geometry":{"type":"Point","coordinates":[31.29181,2.64054]},"properties":{"id":"bBWKdgjioMZ","name":"Kikobe HC II","type":"Point"}},{"type":"Feature","geometry":{"type":"Point","coordinates":[31.25574,3.42585]},"properties":{"id":"BCZsCRvBWTa","name":"Aliapi HC II","type":"Point"}},{"type":"Feature","geometry":{"type":"Point","coordinates":[33.815473,0.366632]},"properties":{"id":"BDcuYvb84Bv","name":"Namavundu HC II","type":"Point"}},{"type":"Feature","geometry":{"type":"Point","coordinates":[30.21947,-0.4528]},"properties":{"id":"bDQh7NSmTZd","name":"Ruhumuro HC III","type":"Point"}},{"type":"Feature","geometry":{"type":"Point","coordinates":[32.23001,0.26205]},"properties":{"id":"BE5LiYZjBvM","name":"Kabasanda HC II","type":"Point"}},{"type":"Feature","geometry":{"type":"Point","coordinates":[30.85217,0.31908]},"properties":{"id":"Benovv4DP4c","name":"Byamungu Diagnostic Nursing Home (Mpara) HC II","type":"Point"}},{"type":"Feature","geometry":{"type":"Point","coordinates":[30.51691,-0.40478]},"properties":{"id":"BF4V8LnfSsj","name":"Bukiiro HC III","type":"Point"}},{"type":"Feature","geometry":{"type":"Point","coordinates":[32.61504,0.30341]},"properties":{"id":"bFJN3PDbNO4","name":"Kairos Medical Centre HC II","type":"Point"}},{"type":"Feature","geometry":{"type":"Point","coordinates":[30.35728,-0.61181]},"properties":{"id":"BfumzskZzcA","name":"Kihunda HC III","type":"Point"}},{"type":"Feature","geometry":{"type":"Point","coordinates":[33.72446,0.89134]},"properties":{"id":"bfvn50ACB0b","name":"Magada HC III","type":"Point"}},{"type":"Feature","geometry":{"type":"Point","coordinates":[34.08268,3.5548]},"properties":{"id":"BHDGxcwYHhC","name":"Lokerui HC II","type":"Point"}},{"type":"Feature","geometry":{"type":"Point","coordinates":[30.03813,-1.10806]},"properties":{"id":"bheELZZ9xQ6","name":"Nyarurambi HC II","type":"Point"}},{"type":"Feature","geometry":{"type":"Point","coordinates":[30.07891,0.0145]},"properties":{"id":"bhJFKwRg9fE","name":"Hamukungu HC II","type":"Point"}},{"type":"Feature","geometry":{"type":"Point","coordinates":[34.11815,1.0783]},"properties":{"id":"BI0RPyX7pY3","name":"River Side Medical Research Centre","type":"Point"}},{"type":"Feature","geometry":{"type":"Point","coordinates":[34.22065,0.654]},"properties":{"id":"BiACo115FNv","name":"Tororo Main Prisons HC III","type":"Point"}},{"type":"Feature","geometry":{"type":"Point","coordinates":[30.41584,-0.19204]},"properties":{"id":"BIALUmuJv3J","name":"Mpasha HC II","type":"Point"}},{"type":"Feature","geometry":{"type":"Point","coordinates":[33.14999,0.27089]},"properties":{"id":"BIiLhy7eYLl","name":"Makonge HC III","type":"Point"}},{"type":"Feature","geometry":{"type":"Point","coordinates":[34.71862,1.36276]},"properties":{"id":"bio2daBw6XN","name":"Aralam HC II","type":"Point"}},{"type":"Feature","geometry":{"type":"Point","coordinates":[31.58361,3.58468]},"properties":{"id":"biQmsTGoRmT","name":"Gbalala HC II","type":"Point"}},{"type":"Feature","geometry":{"type":"Point","coordinates":[30.32027,-0.53735]},"properties":{"id":"biRUEhJhHDP","name":"Kitojo (Sheema) HC II","type":"Point"}},{"type":"Feature","geometry":{"type":"Point","coordinates":[33.85722,0.822326]},"properties":{"id":"BjDvpnOuxT0","name":"Budumba HC III","type":"Point"}},{"type":"Feature","geometry":{"type":"Point","coordinates":[33.03053,1.00815]},"properties":{"id":"BkHWB9QXVou","name":"Nawankofu HC II","type":"Point"}},{"type":"Feature","geometry":{"type":"Point","coordinates":[31.96618,-0.2265]},"properties":{"id":"bKLzfbdzjIq","name":"Makonzi HC II","type":"Point"}},{"type":"Feature","geometry":{"type":"Point","coordinates":[32.526297,0.60623]},"properties":{"id":"blgq5zG8Awb","name":"Mazzi HC II","type":"Point"}},{"type":"Feature","geometry":{"type":"Point","coordinates":[32.56768,3.36219]},"properties":{"id":"bLzMzz5fzGQ","name":"Anaka HC II","type":"Point"}},{"type":"Feature","geometry":{"type":"Point","coordinates":[33.20341,0.45029]},"properties":{"id":"BMmhOqlF4EB","name":"Gaddafi Barracks HC III","type":"Point"}},{"type":"Feature","geometry":{"type":"Point","coordinates":[32.46226,0.19363]},"properties":{"id":"bmQmfGiYGAM","name":"Nakawuka HC III","type":"Point"}},{"type":"Feature","geometry":{"type":"Point","coordinates":[32.620335,0.31558]},"properties":{"id":"bnKRmW2sm3g","name":"Bugolobi Medical Centre HC II","type":"Point"}},{"type":"Feature","geometry":{"type":"Point","coordinates":[33.833995,0.557728]},"properties":{"id":"BNsfT2yL0kW","name":"Kayango HC III","type":"Point"}},{"type":"Feature","geometry":{"type":"Point","coordinates":[32.55999,0.31306]},"properties":{"id":"BnSVCAr2iAw","name":"Mengo Hospital","type":"Point"}},{"type":"Feature","geometry":{"type":"Point","coordinates":[34.19819,3.48573]},"properties":{"id":"bo4RxIQrXvP","name":"Lokanayona HC II","type":"Point"}},{"type":"Feature","geometry":{"type":"Point","coordinates":[31.3925,1.35646]},"properties":{"id":"bOBFFFr0Cls","name":"Lucy Bisereko HC III","type":"Point"}},{"type":"Feature","geometry":{"type":"Point","coordinates":[30.11174,-0.4208]},"properties":{"id":"BoGS6ZmpQc2","name":"Ankole Tea Factory HC II","type":"Point"}},{"type":"Feature","geometry":{"type":"Point","coordinates":[34.38032,1.44676]},"properties":{"id":"boWtTtxORe7","name":"Kata HC III","type":"Point"}},{"type":"Feature","geometry":{"type":"Point","coordinates":[30.92827,3.30081]},"properties":{"id":"bq8JZONb0MA","name":"Oleba HC III","type":"Point"}},{"type":"Feature","geometry":{"type":"Point","coordinates":[32.12875,0.72188]},"properties":{"id":"bQIMnhjAURl","name":"Katalama HC II","type":"Point"}},{"type":"Feature","geometry":{"type":"Point","coordinates":[32.52545,0.58033]},"properties":{"id":"BQrPJsVTpud","name":"Bombo HC III","type":"Point"}},{"type":"Feature","geometry":{"type":"Point","coordinates":[34.83218,2.50153]},"properties":{"id":"Br549Av2Wrw","name":"Lopelipel HC II","type":"Point"}},{"type":"Feature","geometry":{"type":"Point","coordinates":[30.13397,0.362648]},"properties":{"id":"BRH5EkhM62G","name":"Kihyo HC II","type":"Point"}},{"type":"Feature","geometry":{"type":"Point","coordinates":[32.36387,3.28547]},"properties":{"id":"bRt4VDvHDPQ","name":"Oroko HC II","type":"Point"}},{"type":"Feature","geometry":{"type":"Point","coordinates":[32.59793,1.68949]},"properties":{"id":"BRYcaY1oeHd","name":"Abei HC II","type":"Point"}},{"type":"Feature","geometry":{"type":"Point","coordinates":[33.63084,0.48818]},"properties":{"id":"bs5xBJK6Qrb","name":"Namayemba Safe Motherhood HC II","type":"Point"}},{"type":"Feature","geometry":{"type":"Point","coordinates":[29.76856,-0.70138]},"properties":{"id":"bSj21Ydq4fP","name":"Nyamirama HC III","type":"Point"}},{"type":"Feature","geometry":{"type":"Point","coordinates":[30.41521,0.81041]},"properties":{"id":"BsqCx1RBM4V","name":"Toro Kahuna HC III","type":"Point"}},{"type":"Feature","geometry":{"type":"Point","coordinates":[31.785253,3.25808]},"properties":{"id":"BSrrPPLiBZo","name":"Ofua (Ofua) HC III","type":"Point"}},{"type":"Feature","geometry":{"type":"Point","coordinates":[33.78212,1.21536]},"properties":{"id":"BsWuppxjpNO","name":"Kibale HC III","type":"Point"}},{"type":"Feature","geometry":{"type":"Point","coordinates":[30.16536,-0.49512]},"properties":{"id":"bSx9pG1hyaL","name":"Rushinya HC II","type":"Point"}},{"type":"Feature","geometry":{"type":"Point","coordinates":[33.16165,0.51725]},"properties":{"id":"BTNeWyNJanq","name":"Budondo HC IV","type":"Point"}},{"type":"Feature","geometry":{"type":"Point","coordinates":[32.89773,2.23864]},"properties":{"id":"BTQIO9sgvpP","name":"Pag Mission Hospital","type":"Point"}},{"type":"Feature","geometry":{"type":"Point","coordinates":[31.81175,3.64576]},"properties":{"id":"btRLfMJVynr","name":"Cohwe HC II","type":"Point"}},{"type":"Feature","geometry":{"type":"Point","coordinates":[30.58519,0.20041]},"properties":{"id":"BttsyxGJcTm","name":"Kabingo (Bihanga) HC II","type":"Point"}},{"type":"Feature","geometry":{"type":"Point","coordinates":[30.3814,0.13174]},"properties":{"id":"btYQmvsgNkg","name":"Kanara HC III","type":"Point"}},{"type":"Feature","geometry":{"type":"Point","coordinates":[32.651782,0.306561]},"properties":{"id":"BTZ8j00Zmjv","name":"Pearl Medical Centre HC II","type":"Point"}},{"type":"Feature","geometry":{"type":"Point","coordinates":[31.33463,0.67851]},"properties":{"id":"BuBhkTtnfuE","name":"Kiyuni (Mubende) HC III","type":"Point"}},{"type":"Feature","geometry":{"type":"Point","coordinates":[30.75821,0.12292]},"properties":{"id":"BuBuZ3iYluV","name":"Nkungu HC II","type":"Point"}},{"type":"Feature","geometry":{"type":"Point","coordinates":[32.16433,-0.5037]},"properties":{"id":"BUPmAz8RgAa","name":"Mulabana HC II","type":"Point"}},{"type":"Feature","geometry":{"type":"Point","coordinates":[33.934849,1.123823]},"properties":{"id":"BUS1uU9bfh8","name":"Kaderuna HC III","type":"Point"}},{"type":"Feature","geometry":{"type":"Point","coordinates":[33.8013,0.40711]},"properties":{"id":"bV0ljliUSvK","name":"Bugiri Mayuge HC III","type":"Point"}},{"type":"Feature","geometry":{"type":"Point","coordinates":[33.85373,2.29253]},"properties":{"id":"bVlV8NMWfoE","name":"Okoboi HC II","type":"Point"}},{"type":"Feature","geometry":{"type":"Point","coordinates":[33.33787,1.82239]},"properties":{"id":"BvO9dRkpqen","name":"Kalaki HC III","type":"Point"}},{"type":"Feature","geometry":{"type":"Point","coordinates":[30.03524,-1.26126]},"properties":{"id":"bVZDLfQXL5H","name":"Kyanamira HC III","type":"Point"}},{"type":"Feature","geometry":{"type":"Point","coordinates":[32.98553,0.10961]},"properties":{"id":"bWOR5fD8vdv","name":"Kavule (Buikwe) HC II","type":"Point"}},{"type":"Feature","geometry":{"type":"Point","coordinates":[32.038459,-0.301866]},"properties":{"id":"bwxDEhvrpVw","name":"Bulamu Bw'Ebugagga HC II","type":"Point"}},{"type":"Feature","geometry":{"type":"Point","coordinates":[33.15657,1.75404]},"properties":{"id":"BWY57NKHPc0","name":"Kaberamaido Catholic Mission HC III","type":"Point"}},{"type":"Feature","geometry":{"type":"Point","coordinates":[32.61274,0.24828]},"properties":{"id":"bx3TaSA8nvK","name":"Kiruddu NRH - Burns Clinic (IPD & OPD)","type":"Point"}},{"type":"Feature","geometry":{"type":"Point","coordinates":[33.169633,1.0055]},"properties":{"id":"BXdPG3XpRk8","name":"Nabirumba HC III","type":"Point"}},{"type":"Feature","geometry":{"type":"Point","coordinates":[33.46544,0.67696]},"properties":{"id":"BxF2c8dwf02","name":"Bunyiiro HC III","type":"Point"}},{"type":"Feature","geometry":{"type":"Point","coordinates":[29.79816,-0.89973]},"properties":{"id":"bYiacbVu7wC","name":"Kifunjo HC II","type":"Point"}},{"type":"Feature","geometry":{"type":"Point","coordinates":[31.19558,-0.24298]},"properties":{"id":"bynKkUzEQmD","name":"Kemunyu HC II","type":"Point"}},{"type":"Feature","geometry":{"type":"Point","coordinates":[33.04301,2.30099]},"properties":{"id":"bySgMOvuyJ2","name":"Abunga HC II","type":"Point"}},{"type":"Feature","geometry":{"type":"Point","coordinates":[30.39314,-0.40102]},"properties":{"id":"bYYKbpHb8Y7","name":"Burere HC III","type":"Point"}},{"type":"Feature","geometry":{"type":"Point","coordinates":[34.120618,1.211426]},"properties":{"id":"BzFE9hikp6J","name":"Kachumbala HC III","type":"Point"}},{"type":"Feature","geometry":{"type":"Point","coordinates":[32.36704,0.50478]},"properties":{"id":"BzFOI8BjIMz","name":"Kiziba Catholic/Kiziba St. Ulrika HC III","type":"Point"}},{"type":"Feature","geometry":{"type":"Point","coordinates":[31.73522,0.97276]},"properties":{"id":"C3MNT20vksq","name":"Massodde Social Service Centre HC II","type":"Point"}},{"type":"Feature","geometry":{"type":"Point","coordinates":[31.4301,-0.58601]},"properties":{"id":"c4QCM3YpqqE","name":"Makondo HC II","type":"Point"}},{"type":"Feature","geometry":{"type":"Point","coordinates":[33.84979,1.58285]},"properties":{"id":"c50gQsWftA9","name":"Mukura HC III","type":"Point"}},{"type":"Feature","geometry":{"type":"Point","coordinates":[33.50574,2.44571]},"properties":{"id":"c5ebeykuexn","name":"Angetta HC III","type":"Point"}},{"type":"Feature","geometry":{"type":"Point","coordinates":[31.081911,3.390477]},"properties":{"id":"C7aRTKKbxEP","name":"Dramba HC III","type":"Point"}},{"type":"Feature","geometry":{"type":"Point","coordinates":[32.106284,2.964551]},"properties":{"id":"C8i6PL7Rmim","name":"Odokonyero HC II","type":"Point"}},{"type":"Feature","geometry":{"type":"Point","coordinates":[33.30068,0.73114]},"properties":{"id":"c8x0zJDdow6","name":"Nakiswiga HC II","type":"Point"}},{"type":"Feature","geometry":{"type":"Point","coordinates":[29.997693,-1.395072]},"properties":{"id":"c9Fq5DlB3y5","name":"Kamuganguzi HC III","type":"Point"}},{"type":"Feature","geometry":{"type":"Point","coordinates":[31.02399,3.389]},"properties":{"id":"cacYqraIAeB","name":"Lobule HC III","type":"Point"}},{"type":"Feature","geometry":{"type":"Point","coordinates":[32.88803,3.00013]},"properties":{"id":"CADR9HaNyWH","name":"Lawire HC II","type":"Point"}},{"type":"Feature","geometry":{"type":"Point","coordinates":[32.40002,0.27582]},"properties":{"id":"CB9zwzOqEbX","name":"Sekiwunga HC III","type":"Point"}},{"type":"Feature","geometry":{"type":"Point","coordinates":[33.67527,0.39388]},"properties":{"id":"cBT4skCUyC3","name":"Busira HC II","type":"Point"}},{"type":"Feature","geometry":{"type":"Point","coordinates":[34.04097,1.11135]},"properties":{"id":"CbZsLxa0Zp6","name":"Katira HC III","type":"Point"}},{"type":"Feature","geometry":{"type":"Point","coordinates":[32.05213,0.2239]},"properties":{"id":"CcCjT4HFRuy","name":"Mpenja HC III","type":"Point"}},{"type":"Feature","geometry":{"type":"Point","coordinates":[33.80016,2.22782]},"properties":{"id":"cCHq8KlwI1c","name":"Amaseniko HC II","type":"Point"}},{"type":"Feature","geometry":{"type":"Point","coordinates":[31.13651,1.5469]},"properties":{"id":"ccVG52jNm8D","name":"Buseruka HC III","type":"Point"}},{"type":"Feature","geometry":{"type":"Point","coordinates":[29.8059,-0.80811]},"properties":{"id":"CCW0LpJoTnO","name":"Kambuga Hospital","type":"Point"}},{"type":"Feature","geometry":{"type":"Point","coordinates":[31.39745,2.9761]},"properties":{"id":"ccY5TpGvBqo","name":"Rhino Camp HC IV","type":"Point"}},{"type":"Feature","geometry":{"type":"Point","coordinates":[31.44403,1.18711]},"properties":{"id":"cdusFUkNTOC","name":"Mujunza HC III","type":"Point"}},{"type":"Feature","geometry":{"type":"Point","coordinates":[33.27092,0.65014]},"properties":{"id":"cDySnTOLPKt","name":"Kakaire HC III","type":"Point"}},{"type":"Feature","geometry":{"type":"Point","coordinates":[33.49468,1.4565]},"properties":{"id":"CeThdXtRHzx","name":"Kateta Ngo HC II","type":"Point"}},{"type":"Feature","geometry":{"type":"Point","coordinates":[31.900778,0.715908]},"properties":{"id":"cf80tiiMBsh","name":"Nakasozi HC II","type":"Point"}},{"type":"Feature","geometry":{"type":"Point","coordinates":[33.63774,0.78943]},"properties":{"id":"cFuBcFolwHe","name":"Bukonte Ngo HC III","type":"Point"}},{"type":"Feature","geometry":{"type":"Point","coordinates":[33.10371,0.64177]},"properties":{"id":"CfUwC7rnAVI","name":"Budima HC III","type":"Point"}},{"type":"Feature","geometry":{"type":"Point","coordinates":[29.732002,-1.280504]},"properties":{"id":"cfVjkhcqQqr","name":"Nyakabande HC II","type":"Point"}},{"type":"Feature","geometry":{"type":"Point","coordinates":[34.37704,1.28887]},"properties":{"id":"CHqwTZx7Pym","name":"Masira HC III","type":"Point"}},{"type":"Feature","geometry":{"type":"Point","coordinates":[30.062,-0.53316]},"properties":{"id":"ci2uaeBv4Jg","name":"Nyabubare HC III","type":"Point"}},{"type":"Feature","geometry":{"type":"Point","coordinates":[33.61412,1.25442]},"properties":{"id":"ci6s0lgQqFZ","name":"Gogonyo HC III","type":"Point"}},{"type":"Feature","geometry":{"type":"Point","coordinates":[33.08715,0.61807]},"properties":{"id":"CIirnzcYtLI","name":"Iwololo HC II","type":"Point"}},{"type":"Feature","geometry":{"type":"Point","coordinates":[31.68109,-0.31302]},"properties":{"id":"CijKO0Edzep","name":"Mbirizi Muslim HC III","type":"Point"}},{"type":"Feature","geometry":{"type":"Point","coordinates":[31.83476,0.67428]},"properties":{"id":"CiNybZErM6Q","name":"Bukuya HC III","type":"Point"}},{"type":"Feature","geometry":{"type":"Point","coordinates":[31.256913,0.905765]},"properties":{"id":"ciUSl2fbKMZ","name":"Kasambya (Kakumiro) HC III","type":"Point"}},{"type":"Feature","geometry":{"type":"Point","coordinates":[34.38233,0.83204]},"properties":{"id":"CIVkMjSRVBX","name":"Bumwoni HC III","type":"Point"}},{"type":"Feature","geometry":{"type":"Point","coordinates":[29.71087,-0.8639]},"properties":{"id":"CIz5smUn1p1","name":"Rubimbwa HC II","type":"Point"}},{"type":"Feature","geometry":{"type":"Point","coordinates":[32.616703,0.323407]},"properties":{"id":"cjC5Ij5U7le","name":"Kiswa HC III","type":"Point"}},{"type":"Feature","geometry":{"type":"Point","coordinates":[30.19985,-0.64164]},"properties":{"id":"CJElkDJPuqa","name":"Kyeibanga HC II","type":"Point"}},{"type":"Feature","geometry":{"type":"Point","coordinates":[34.11891,1.22094]},"properties":{"id":"CJfa9yR5Db5","name":"St Martha Maternity Home","type":"Point"}},{"type":"Feature","geometry":{"type":"Point","coordinates":[32.87815,3.29907]},"properties":{"id":"CK05rJs1H25","name":"Diocese Of Kitgum HC II","type":"Point"}},{"type":"Feature","geometry":{"type":"Point","coordinates":[34.65707,2.541381]},"properties":{"id":"cK0jOJzBIvd","name":"Moroto Regional Referral Hospital","type":"Point"}},{"type":"Feature","geometry":{"type":"Point","coordinates":[32.90135,2.25553]},"properties":{"id":"cK5namCwmbW","name":"Lira Regional Referral Hospital","type":"Point"}},{"type":"Feature","geometry":{"type":"Point","coordinates":[33.02732,0.34348]},"properties":{"id":"cK5zkZIUFsN","name":"Buikwe HC III","type":"Point"}},{"type":"Feature","geometry":{"type":"Point","coordinates":[30.16812,0.56024]},"properties":{"id":"cK771z6IUQW","name":"Rubona HC II","type":"Point"}},{"type":"Feature","geometry":{"type":"Point","coordinates":[31.53916,-0.643993]},"properties":{"id":"cK7tKflXLEi","name":"Kyakonda HC II","type":"Point"}},{"type":"Feature","geometry":{"type":"Point","coordinates":[30.6522,0.33991]},"properties":{"id":"CK8TCNDBPNc","name":"Rwamwanja HC III","type":"Point"}},{"type":"Feature","geometry":{"type":"Point","coordinates":[30.86305,0.31587]},"properties":{"id":"ck9FaUIhQAl","name":"Kazinga HC III","type":"Point"}},{"type":"Feature","geometry":{"type":"Point","coordinates":[30.069277,-0.915033]},"properties":{"id":"CKPFNnfrvbR","name":"Kyafoora HC II","type":"Point"}},{"type":"Feature","geometry":{"type":"Point","coordinates":[32.82911,0.33581]},"properties":{"id":"CLiNJ245Vaa","name":"Mwanyangiri HC II","type":"Point"}},{"type":"Feature","geometry":{"type":"Point","coordinates":[32.31089,2.77315]},"properties":{"id":"CM43BBuBghi","name":"Sos (Hgmc) HC II","type":"Point"}},{"type":"Feature","geometry":{"type":"Point","coordinates":[32.677874,0.358693]},"properties":{"id":"cmB5Q4tejGP","name":"Bweyogerere HC III","type":"Point"}},{"type":"Feature","geometry":{"type":"Point","coordinates":[32.578377,0.198975]},"properties":{"id":"Cmbq9SjsCCv","name":"Kigo Womens Prisons HC II","type":"Point"}},{"type":"Feature","geometry":{"type":"Point","coordinates":[31.78765,0.80583]},"properties":{"id":"CMNFahpvV4I","name":"Kambugu HC III","type":"Point"}},{"type":"Feature","geometry":{"type":"Point","coordinates":[33.742088,0.575261]},"properties":{"id":"CNG62dd4mE1","name":"Bugiri Hospital","type":"Point"}},{"type":"Feature","geometry":{"type":"Point","coordinates":[32.22939,0.12499]},"properties":{"id":"Co0DLFVgmGz","name":"Butoolo HC III","type":"Point"}},{"type":"Feature","geometry":{"type":"Point","coordinates":[32.09564,0.32821]},"properties":{"id":"CO2DiW7QnWL","name":"Nawangiri - Bekina HC II","type":"Point"}},{"type":"Feature","geometry":{"type":"Point","coordinates":[31.757133,3.462641]},"properties":{"id":"COA705FeCbj","name":"Alere HC II","type":"Point"}},{"type":"Feature","geometry":{"type":"Point","coordinates":[30.54845,-0.31557]},"properties":{"id":"COHtAqML4yd","name":"Karwesanga HC II","type":"Point"}},{"type":"Feature","geometry":{"type":"Point","coordinates":[30.298607,-0.748821]},"properties":{"id":"cOpgsVK1JpT","name":"Buhanama HC II","type":"Point"}},{"type":"Feature","geometry":{"type":"Point","coordinates":[30.41303,0.84169]},"properties":{"id":"COvmH17foma","name":"Nsorro HC II","type":"Point"}},{"type":"Feature","geometry":{"type":"Point","coordinates":[31.12135,2.83285]},"properties":{"id":"cP60sZpyWCs","name":"Odraka HC II","type":"Point"}},{"type":"Feature","geometry":{"type":"Point","coordinates":[30.7743,0.955523]},"properties":{"id":"CP6vWKKiD57","name":"St. Michael Nyankoma HC III","type":"Point"}},{"type":"Feature","geometry":{"type":"Point","coordinates":[33.30035,1.20019]},"properties":{"id":"cPD20WxZQ27","name":"Joy Health Unit HC II","type":"Point"}},{"type":"Feature","geometry":{"type":"Point","coordinates":[33.143829,2.809988]},"properties":{"id":"cPeDqm6vYHn","name":"Obolokome (Lira) HC II","type":"Point"}},{"type":"Feature","geometry":{"type":"Point","coordinates":[31.668685,1.485433]},"properties":{"id":"cpYuPp3UyYN","name":"Kyamaiso HC II","type":"Point"}},{"type":"Feature","geometry":{"type":"Point","coordinates":[33.03928,2.25043]},"properties":{"id":"CpZY2oCsE5i","name":"Barr HC III","type":"Point"}},{"type":"Feature","geometry":{"type":"Point","coordinates":[32.45452,2.81962]},"properties":{"id":"CQ5zCINpLm3","name":"Te-Ato HC II","type":"Point"}},{"type":"Feature","geometry":{"type":"Point","coordinates":[33.08672,0.2888]},"properties":{"id":"CqBb08p28JJ","name":"Makindu HC III","type":"Point"}},{"type":"Feature","geometry":{"type":"Point","coordinates":[33.62551,1.86022]},"properties":{"id":"CqefEf18FFW","name":"Dakabela HC III","type":"Point"}},{"type":"Feature","geometry":{"type":"Point","coordinates":[31.80701,3.78231]},"properties":{"id":"cqExOqLOqNY","name":"Ori HC II","type":"Point"}},{"type":"Feature","geometry":{"type":"Point","coordinates":[31.87623,-0.15115]},"properties":{"id":"cQlhVgIOXko","name":"Mukwano Medical Centre HC II","type":"Point"}},{"type":"Feature","geometry":{"type":"Point","coordinates":[34.00364,1.10369]},"properties":{"id":"cqonmIvPuVM","name":"Iki Iki HC III","type":"Point"}},{"type":"Feature","geometry":{"type":"Point","coordinates":[34.18607,0.69611]},"properties":{"id":"CQqWk34vLNB","name":"TASO Tororo Special Clinic","type":"Point"}},{"type":"Feature","geometry":{"type":"Point","coordinates":[31.31244,0.60789]},"properties":{"id":"CqzxNyWUzno","name":"Kayinja HC II","type":"Point"}},{"type":"Feature","geometry":{"type":"Point","coordinates":[31.25227,1.42095]},"properties":{"id":"CRKrLT3w8EQ","name":"Bugambe HC III","type":"Point"}},{"type":"Feature","geometry":{"type":"Point","coordinates":[31.98301,1.80219]},"properties":{"id":"csFo3Bw4oTt","name":"Kigumba HC III","type":"Point"}},{"type":"Feature","geometry":{"type":"Point","coordinates":[30.8814,1.00431]},"properties":{"id":"cSicnfTktbO","name":"Mugalike Ngo HC III","type":"Point"}},{"type":"Feature","geometry":{"type":"Point","coordinates":[30.13333,-0.83334]},"properties":{"id":"CSpqU3MIZuC","name":"Rwashamaire HC IV","type":"Point"}},{"type":"Feature","geometry":{"type":"Point","coordinates":[32.45454,2.90014]},"properties":{"id":"cStwSlODOpK","name":"Kal Alii HC II","type":"Point"}},{"type":"Feature","geometry":{"type":"Point","coordinates":[30.52007,-0.74294]},"properties":{"id":"cTp1LWth7hI","name":"Bugamba HC IV","type":"Point"}},{"type":"Feature","geometry":{"type":"Point","coordinates":[29.75216,-0.83695]},"properties":{"id":"CUxYjeZrx4B","name":"Kihanda HC II","type":"Point"}},{"type":"Feature","geometry":{"type":"Point","coordinates":[33.39105,1.85028]},"properties":{"id":"cV6erj5W4Nh","name":"Kakure HC III","type":"Point"}},{"type":"Feature","geometry":{"type":"Point","coordinates":[30.21165,0.42381]},"properties":{"id":"cvhndG0NLZe","name":"Kasunganyanja HC III","type":"Point"}},{"type":"Feature","geometry":{"type":"Point","coordinates":[32.43298,1.8996]},"properties":{"id":"CVoCN3sspyt","name":"Alado HC II","type":"Point"}},{"type":"Feature","geometry":{"type":"Point","coordinates":[34.07645,0.36332]},"properties":{"id":"cVTNNi4z9b2","name":"Sibona HC II","type":"Point"}},{"type":"Feature","geometry":{"type":"Point","coordinates":[32.206331,1.506934]},"properties":{"id":"cVZrPQHkHcg","name":"Buyamba HC II","type":"Point"}},{"type":"Feature","geometry":{"type":"Point","coordinates":[32.65687,0.49757]},"properties":{"id":"CWamWxvYUWQ","name":"Kabubbu HC IV","type":"Point"}},{"type":"Feature","geometry":{"type":"Point","coordinates":[30.00461,-1.10553]},"properties":{"id":"CWbuLp56zb8","name":"Kitanga Hilbe HC III","type":"Point"}},{"type":"Feature","geometry":{"type":"Point","coordinates":[31.772046,1.476629]},"properties":{"id":"CwftR8k7pWb","name":"Kijunjubwa HC III","type":"Point"}},{"type":"Feature","geometry":{"type":"Point","coordinates":[34.02468,0.96905]},"properties":{"id":"cwGt2cWV5TN","name":"Nabiganda HC IV","type":"Point"}},{"type":"Feature","geometry":{"type":"Point","coordinates":[34.32551,1.27154]},"properties":{"id":"CwPZMYQPea5","name":"Bumugusha HC III","type":"Point"}},{"type":"Feature","geometry":{"type":"Point","coordinates":[32.70076,1.84939]},"properties":{"id":"CWtHofajIfs","name":"Apwori HC III","type":"Point"}},{"type":"Feature","geometry":{"type":"Point","coordinates":[32.53581,0.29273]},"properties":{"id":"CwvqwFHri4e","name":"St. James Medical Centre (Rubaga) HC II","type":"Point"}},{"type":"Feature","geometry":{"type":"Point","coordinates":[31.01202,3.58567]},"properties":{"id":"CwYdhzM9BRY","name":"Pamodo HC II","type":"Point"}},{"type":"Feature","geometry":{"type":"Point","coordinates":[31.81268,-0.09462]},"properties":{"id":"Cx3eXkf07dC","name":"Kabaale HC II","type":"Point"}},{"type":"Feature","geometry":{"type":"Point","coordinates":[34.38773,1.35602]},"properties":{"id":"Cxa96htrVdt","name":"Chebonet HC III","type":"Point"}},{"type":"Feature","geometry":{"type":"Point","coordinates":[31.34908,1.6822]},"properties":{"id":"cxmFH4hcpsH","name":"Kapapi HC III","type":"Point"}},{"type":"Feature","geometry":{"type":"Point","coordinates":[30.75617,0.91194]},"properties":{"id":"CXRfI4pT3bm","name":"Muhorro Ngo HC III","type":"Point"}},{"type":"Feature","geometry":{"type":"Point","coordinates":[33.10195,0.31181]},"properties":{"id":"cxWQMqqkkAF","name":"Kisimba Muslim HC II","type":"Point"}},{"type":"Feature","geometry":{"type":"Point","coordinates":[33.62192,1.7211]},"properties":{"id":"cY2kQBkzz17","name":"Soroti HC III","type":"Point"}},{"type":"Feature","geometry":{"type":"Point","coordinates":[33.42238,2.7158]},"properties":{"id":"CYCMFtMgnfI","name":"Orina HC II","type":"Point"}},{"type":"Feature","geometry":{"type":"Point","coordinates":[33.07548,2.98064]},"properties":{"id":"cYnbNkuMQpk","name":"Ogago HC II","type":"Point"}},{"type":"Feature","geometry":{"type":"Point","coordinates":[32.51132,0.81903]},"properties":{"id":"cYPtAEauxNe","name":"Katuugo HC III","type":"Point"}},{"type":"Feature","geometry":{"type":"Point","coordinates":[32.49503,2.49844]},"properties":{"id":"cyWgf6Xmo8Z","name":"Ngai HC III","type":"Point"}},{"type":"Feature","geometry":{"type":"Point","coordinates":[30.94196,3.50594]},"properties":{"id":"CyZwgWizfmy","name":"Kuluba HC II","type":"Point"}},{"type":"Feature","geometry":{"type":"Point","coordinates":[30.97961,0.66767]},"properties":{"id":"czyJDi9E4Y4","name":"Kigambo HC III","type":"Point"}},{"type":"Feature","geometry":{"type":"Point","coordinates":[30.59054,-0.74392]},"properties":{"id":"D11nkCo4cOw","name":"Kikonkoma HC II","type":"Point"}},{"type":"Feature","geometry":{"type":"Point","coordinates":[31.43938,-0.69232]},"properties":{"id":"D1FqsDMWIeq","name":"Bitabago HC II","type":"Point"}},{"type":"Feature","geometry":{"type":"Point","coordinates":[30.15559,-0.51203]},"properties":{"id":"d2dmppHhFZO","name":"Kakanju UMSC HC II","type":"Point"}},{"type":"Feature","geometry":{"type":"Point","coordinates":[30.25465,0.59063]},"properties":{"id":"D2qwnO0egnU","name":"Kabahango HC III","type":"Point"}},{"type":"Feature","geometry":{"type":"Point","coordinates":[33.69329,1.38761]},"properties":{"id":"d36gK81XRga","name":"Opot HC II","type":"Point"}},{"type":"Feature","geometry":{"type":"Point","coordinates":[30.40955,0.403203]},"properties":{"id":"d3ugFJbENWb","name":"Bigodi HC III","type":"Point"}},{"type":"Feature","geometry":{"type":"Point","coordinates":[34.34611,1.12778]},"properties":{"id":"D4NIfKfOjKu","name":"Bulujewa HC III","type":"Point"}},{"type":"Feature","geometry":{"type":"Point","coordinates":[30.10333,0.72529]},"properties":{"id":"D63IKQOEOlL","name":"Bundimulangya HC II","type":"Point"}},{"type":"Feature","geometry":{"type":"Point","coordinates":[31.33246,1.39596]},"properties":{"id":"d6BLcmYUPVy","name":"Bacayaya HC II","type":"Point"}},{"type":"Feature","geometry":{"type":"Point","coordinates":[33.35092,0.89493]},"properties":{"id":"d6cSq5xJr84","name":"Bukoova HC III","type":"Point"}},{"type":"Feature","geometry":{"type":"Point","coordinates":[33.07063,0.77995]},"properties":{"id":"d6LKSCl9Pq7","name":"Kiyunga HC II","type":"Point"}},{"type":"Feature","geometry":{"type":"Point","coordinates":[34.28756,1.16299]},"properties":{"id":"d6whuavCciB","name":"Buyobo HC II","type":"Point"}},{"type":"Feature","geometry":{"type":"Point","coordinates":[33.89529,1.46231]},"properties":{"id":"D6wxWnyZ0vc","name":"Agurut HC II","type":"Point"}},{"type":"Feature","geometry":{"type":"Point","coordinates":[30.180733,0.302725]},"properties":{"id":"D76MlGzidHn","name":"Hima HC III","type":"Point"}},{"type":"Feature","geometry":{"type":"Point","coordinates":[30.19874,-0.61665]},"properties":{"id":"D83eLvASVum","name":"Numba HC II","type":"Point"}},{"type":"Feature","geometry":{"type":"Point","coordinates":[30.69019,-1.0128]},"properties":{"id":"D8FP89iQcBM","name":"Kyezimbire HC II","type":"Point"}},{"type":"Feature","geometry":{"type":"Point","coordinates":[30.077756,0.178694]},"properties":{"id":"d8wJvZXLzrK","name":"Afya Kamili HC III","type":"Point"}},{"type":"Feature","geometry":{"type":"Point","coordinates":[34.35919,1.23409]},"properties":{"id":"D90178rMBih","name":"Bulaago HC II","type":"Point"}},{"type":"Feature","geometry":{"type":"Point","coordinates":[32.48919,0.88588]},"properties":{"id":"DAcqiebFOcd","name":"St. Mary's Kasaala HC III","type":"Point"}},{"type":"Feature","geometry":{"type":"Point","coordinates":[31.79959,1.69987]},"properties":{"id":"daeejMMdxWB","name":"Kigezi HC II","type":"Point"}},{"type":"Feature","geometry":{"type":"Point","coordinates":[30.53043,0.56514]},"properties":{"id":"Dakg2qxUXlR","name":"Mbale HC II","type":"Point"}},{"type":"Feature","geometry":{"type":"Point","coordinates":[33.57045,0.34824]},"properties":{"id":"DaUdxUUVqCJ","name":"Wandegeya HC II","type":"Point"}},{"type":"Feature","geometry":{"type":"Point","coordinates":[32.45454,0.28934]},"properties":{"id":"db9VzQveTzE","name":"Muvubuka Agunjuse HC II","type":"Point"}},{"type":"Feature","geometry":{"type":"Point","coordinates":[32.64342,2.23017]},"properties":{"id":"DBbZ5zoI94F","name":"Ayer HC III","type":"Point"}},{"type":"Feature","geometry":{"type":"Point","coordinates":[33.40877,0.55601]},"properties":{"id":"dBJMmXzJwYi","name":"Baitambogwe HC III","type":"Point"}},{"type":"Feature","geometry":{"type":"Point","coordinates":[31.041289,0.003966]},"properties":{"id":"dBqwMoaIXRI","name":"Kampala HC II","type":"Point"}},{"type":"Feature","geometry":{"type":"Point","coordinates":[30.13424,-0.39021]},"properties":{"id":"DCbGH1zVHqq","name":"Kibazi HC III","type":"Point"}},{"type":"Feature","geometry":{"type":"Point","coordinates":[33.07104,1.20407]},"properties":{"id":"DCjQKtUiiHH","name":"Wesunire Flep HC II","type":"Point"}},{"type":"Feature","geometry":{"type":"Point","coordinates":[31.28175,3.23418]},"properties":{"id":"DDbLsI5S91i","name":"Imvepi HC II","type":"Point"}},{"type":"Feature","geometry":{"type":"Point","coordinates":[31.05727,1.11383]},"properties":{"id":"DdEgPYS7ttc","name":"Kiryanga HC III","type":"Point"}},{"type":"Feature","geometry":{"type":"Point","coordinates":[33.68886,0.38927]},"properties":{"id":"dDGnJy0fVxF","name":"Mairinya HC II","type":"Point"}},{"type":"Feature","geometry":{"type":"Point","coordinates":[33.614172,1.254715]},"properties":{"id":"DE5VuZb0Xei","name":"Apopong HC III","type":"Point"}},{"type":"Feature","geometry":{"type":"Point","coordinates":[34.255636,1.306331]},"properties":{"id":"DeLCxOv0IDy","name":"Bukhalu HC III","type":"Point"}},{"type":"Feature","geometry":{"type":"Point","coordinates":[33.53648,1.84163]},"properties":{"id":"DEMEh3VEW72","name":"Ojom HC II","type":"Point"}},{"type":"Feature","geometry":{"type":"Point","coordinates":[30.10229,-0.25642]},"properties":{"id":"deqUOFQ4Gqn","name":"Kicwamba (Rubirizi) HC III","type":"Point"}},{"type":"Feature","geometry":{"type":"Point","coordinates":[32.75637,3.02528]},"properties":{"id":"DEr5sDrC7T2","name":"Amilobo HC II","type":"Point"}},{"type":"Feature","geometry":{"type":"Point","coordinates":[33.77064,3.428786]},"properties":{"id":"dfFefs1HDIs","name":"Lobalangit HC III","type":"Point"}},{"type":"Feature","geometry":{"type":"Point","coordinates":[31.844494,-0.178123]},"properties":{"id":"DFuALUpGId9","name":"Bukulula HC IV","type":"Point"}},{"type":"Feature","geometry":{"type":"Point","coordinates":[32.684918,0.783465]},"properties":{"id":"dFYNT2kcChE","name":"Bubuubi HC II","type":"Point"}},{"type":"Feature","geometry":{"type":"Point","coordinates":[32.31604,2.7874]},"properties":{"id":"DgcoJ3W21vA","name":"Flama Uganda HC II","type":"Point"}},{"type":"Feature","geometry":{"type":"Point","coordinates":[30.94851,1.24688]},"properties":{"id":"dGIRbXEYTuQ","name":"Nsozi HC III","type":"Point"}},{"type":"Feature","geometry":{"type":"Point","coordinates":[32.551622,0.30797]},"properties":{"id":"dgmy0Fjx1KZ","name":"Lubaga Hospital","type":"Point"}},{"type":"Feature","geometry":{"type":"Point","coordinates":[31.18214,0.48527]},"properties":{"id":"DgpugjmuhEo","name":"Nabingoola HC III","type":"Point"}},{"type":"Feature","geometry":{"type":"Point","coordinates":[33.26061,0.68651]},"properties":{"id":"DHRgoZsi4Mx","name":"Irongo HC III","type":"Point"}},{"type":"Feature","geometry":{"type":"Point","coordinates":[32.95974,0.84443]},"properties":{"id":"di1Z12IwZYW","name":"Bulawula HC II","type":"Point"}},{"type":"Feature","geometry":{"type":"Point","coordinates":[30.32354,-0.25918]},"properties":{"id":"DIE1bNkw04b","name":"Engaju HC III","type":"Point"}},{"type":"Feature","geometry":{"type":"Point","coordinates":[33.749938,0.539924]},"properties":{"id":"dIkUObxFycV","name":"Nanderema HC II","type":"Point"}},{"type":"Feature","geometry":{"type":"Point","coordinates":[29.925286,-1.154624]},"properties":{"id":"dILdbpei9pW","name":"Kakore HC II","type":"Point"}},{"type":"Feature","geometry":{"type":"Point","coordinates":[29.909357,-0.958472]},"properties":{"id":"DjB72S6GhfB","name":"Nyakishenyi Ngo HC III","type":"Point"}},{"type":"Feature","geometry":{"type":"Point","coordinates":[33.95397,1.01045]},"properties":{"id":"dJd3ohZ6VTQ","name":"Namengo HC III","type":"Point"}},{"type":"Feature","geometry":{"type":"Point","coordinates":[33.08377,1.13765]},"properties":{"id":"DjgbWcdzpkC","name":"Kasolwe HC II","type":"Point"}},{"type":"Feature","geometry":{"type":"Point","coordinates":[29.97479,-1.29879]},"properties":{"id":"DJj3j0lGtlA","name":"Kijurera HC II","type":"Point"}},{"type":"Feature","geometry":{"type":"Point","coordinates":[33.470218,2.940951]},"properties":{"id":"DjuTQL7H5ck","name":"Amyel HC II","type":"Point"}},{"type":"Feature","geometry":{"type":"Point","coordinates":[31.289638,0.561512]},"properties":{"id":"dJVAxcfHq5Z","name":"Mubende Police HC II","type":"Point"}},{"type":"Feature","geometry":{"type":"Point","coordinates":[30.03282,-0.51822]},"properties":{"id":"Dk1SkAipwsf","name":"Nyakatsiro HC III","type":"Point"}},{"type":"Feature","geometry":{"type":"Point","coordinates":[31.68427,0.44964]},"properties":{"id":"dK6URDbvHgL","name":"Kiganda HC IV","type":"Point"}},{"type":"Feature","geometry":{"type":"Point","coordinates":[31.87777,-0.14326]},"properties":{"id":"dkhfFpWRiL0","name":"St. Francis Maternity Home HC II","type":"Point"}},{"type":"Feature","geometry":{"type":"Point","coordinates":[33.57929,0.81139]},"properties":{"id":"dkK7pcIHnC7","name":"Buwongo HC II","type":"Point"}},{"type":"Feature","geometry":{"type":"Point","coordinates":[32.51147,0.36433]},"properties":{"id":"DKkXEo4zUy7","name":"Kyebando Nursing Home HC III","type":"Point"}},{"type":"Feature","geometry":{"type":"Point","coordinates":[29.74667,-0.75215]},"properties":{"id":"dLltT9lhShc","name":"Nyakinoni HC II","type":"Point"}},{"type":"Feature","geometry":{"type":"Point","coordinates":[32.570068,0.38033]},"properties":{"id":"DlnDFHxW9BQ","name":"St. Jordan Medical Services HC II","type":"Point"}},{"type":"Feature","geometry":{"type":"Point","coordinates":[31.55586,0.61327]},"properties":{"id":"dM6qCDmZMFO","name":"Kansambya HC II","type":"Point"}},{"type":"Feature","geometry":{"type":"Point","coordinates":[32.30539,1.6067]},"properties":{"id":"DMgpwxmDteF","name":"Kikooge HC II","type":"Point"}},{"type":"Feature","geometry":{"type":"Point","coordinates":[32.79062,0.45413]},"properties":{"id":"dMNYKt7qH4n","name":"Mbaliga HC II","type":"Point"}},{"type":"Feature","geometry":{"type":"Point","coordinates":[33.48447,2.17671]},"properties":{"id":"dmsWl4MpI5p","name":"Olwa HC II","type":"Point"}},{"type":"Feature","geometry":{"type":"Point","coordinates":[32.45935,0.26414]},"properties":{"id":"dnBlbbDr5m1","name":"Crane Services HC II","type":"Point"}},{"type":"Feature","geometry":{"type":"Point","coordinates":[32.90985,2.24547]},"properties":{"id":"DNDNErLjgOa","name":"Lira Army Barracks HC III","type":"Point"}},{"type":"Feature","geometry":{"type":"Point","coordinates":[32.71546,2.44086]},"properties":{"id":"dNP6KRlY9L6","name":"Opeta HC II","type":"Point"}},{"type":"Feature","geometry":{"type":"Point","coordinates":[33.492991,1.109248]},"properties":{"id":"dOgKEHNZdQl","name":"Buyuge Flep HC II","type":"Point"}},{"type":"Feature","geometry":{"type":"Point","coordinates":[31.18916,0.23242]},"properties":{"id":"dOJEmqARABq","name":"Kyakasa HC II","type":"Point"}},{"type":"Feature","geometry":{"type":"Point","coordinates":[33.256728,1.018743]},"properties":{"id":"Dp5AvjsBoN3","name":"Ngandho HC II","type":"Point"}},{"type":"Feature","geometry":{"type":"Point","coordinates":[34.19065,0.69148]},"properties":{"id":"dPHGsGPWCmY","name":"Tororo Police HC III","type":"Point"}},{"type":"Feature","geometry":{"type":"Point","coordinates":[34.61528,1.84044]},"properties":{"id":"Dpn8dDNGrCR","name":"Nakaale HC II","type":"Point"}},{"type":"Feature","geometry":{"type":"Point","coordinates":[32.537661,0.21056]},"properties":{"id":"DPRgzXMkh9U","name":"Kajjansi HC IV","type":"Point"}},{"type":"Feature","geometry":{"type":"Point","coordinates":[31.8872,3.56936]},"properties":{"id":"Dpv2z5tBsQK","name":"Dufile HC III","type":"Point"}},{"type":"Feature","geometry":{"type":"Point","coordinates":[30.87409,3.19998]},"properties":{"id":"dqVrBFvJg3n","name":"Oluvu HC III","type":"Point"}},{"type":"Feature","geometry":{"type":"Point","coordinates":[31.758028,-0.122761]},"properties":{"id":"DRp4b31su0D","name":"St. Agnes Kasanje HC II","type":"Point"}},{"type":"Feature","geometry":{"type":"Point","coordinates":[31.6726,-0.03104]},"properties":{"id":"dRVlZtrIfcM","name":"Kigangazzi HC II","type":"Point"}},{"type":"Feature","geometry":{"type":"Point","coordinates":[32.02506,0.585167]},"properties":{"id":"DsaeEp9J3X4","name":"Kyantungo HC IV","type":"Point"}},{"type":"Feature","geometry":{"type":"Point","coordinates":[31.508466,-0.608351]},"properties":{"id":"DsCPAvIFVwD","name":"Nkenge HC II","type":"Point"}},{"type":"Feature","geometry":{"type":"Point","coordinates":[30.282,0.655]},"properties":{"id":"Dt6WipQhr4Q","name":"Fort Portal Regional Referral Hospital","type":"Point"}},{"type":"Feature","geometry":{"type":"Point","coordinates":[33.11795,1.63597]},"properties":{"id":"DTFOPqR4WLH","name":"Murem HC II","type":"Point"}},{"type":"Feature","geometry":{"type":"Point","coordinates":[30.06667,-0.81668]},"properties":{"id":"dTLwhS7Lpm2","name":"Iterero HC II","type":"Point"}},{"type":"Feature","geometry":{"type":"Point","coordinates":[32.03532,0.66015]},"properties":{"id":"DtmNrJzXRHm","name":"Mwezi HC II","type":"Point"}},{"type":"Feature","geometry":{"type":"Point","coordinates":[30.065961,0.370333]},"properties":{"id":"dtVDXhCkmL8","name":"Isule HC III","type":"Point"}},{"type":"Feature","geometry":{"type":"Point","coordinates":[32.92885,3.20839]},"properties":{"id":"Du5ZInfaPW0","name":"Dure HC II","type":"Point"}},{"type":"Feature","geometry":{"type":"Point","coordinates":[32.22965,2.67768]},"properties":{"id":"du8F23WZLMw","name":"Ongako HC III","type":"Point"}},{"type":"Feature","geometry":{"type":"Point","coordinates":[33.41978,0.27882]},"properties":{"id":"DUDZxVy6oKw","name":"Namoni HC II","type":"Point"}},{"type":"Feature","geometry":{"type":"Point","coordinates":[29.77615,0.04556]},"properties":{"id":"DUIjxnnEApZ","name":"Kasanga Phc HC III","type":"Point"}},{"type":"Feature","geometry":{"type":"Point","coordinates":[33.15596,1.78072]},"properties":{"id":"dusS2wts7ax","name":"Kaberamaido COU (Alem) HC II","type":"Point"}},{"type":"Feature","geometry":{"type":"Point","coordinates":[32.521524,0.314146]},"properties":{"id":"DuStC8e98ns","name":"Hosana Medical Centre HC II","type":"Point"}},{"type":"Feature","geometry":{"type":"Point","coordinates":[29.99586,0.18437]},"properties":{"id":"dUTmAyJW63T","name":"Kalibu HC III","type":"Point"}},{"type":"Feature","geometry":{"type":"Point","coordinates":[30.99093,3.10997]},"properties":{"id":"DVPFLWaZInR","name":"Wandi HC III","type":"Point"}},{"type":"Feature","geometry":{"type":"Point","coordinates":[30.639296,0.61659]},"properties":{"id":"DVWgXBCqWXD","name":"Kyenjojo Hospital","type":"Point"}},{"type":"Feature","geometry":{"type":"Point","coordinates":[29.74796,0.00024]},"properties":{"id":"DWFZOBH1pRV","name":"Kyempara HC II","type":"Point"}},{"type":"Feature","geometry":{"type":"Point","coordinates":[30.50515,-0.24289]},"properties":{"id":"DwSFdp1Zd4h","name":"Bwahwa HC II","type":"Point"}},{"type":"Feature","geometry":{"type":"Point","coordinates":[32.25959,0.59286]},"properties":{"id":"DwudfdiJ3gq","name":"Kalege HC II","type":"Point"}},{"type":"Feature","geometry":{"type":"Point","coordinates":[31.199937,0.052656]},"properties":{"id":"DWXYwCh0PuW","name":"Ntuusi HC III","type":"Point"}},{"type":"Feature","geometry":{"type":"Point","coordinates":[32.56665,2.63611]},"properties":{"id":"Dxbu2QPZahI","name":"Lalogi HC IV","type":"Point"}},{"type":"Feature","geometry":{"type":"Point","coordinates":[33.45971,1.52179]},"properties":{"id":"DXmJVAw33mJ","name":"Serere HC IV","type":"Point"}},{"type":"Feature","geometry":{"type":"Point","coordinates":[34.94363,1.66444]},"properties":{"id":"DXPEWHcbZwC","name":"Achorichor HC II","type":"Point"}},{"type":"Feature","geometry":{"type":"Point","coordinates":[31.59773,1.13073]},"properties":{"id":"dxqfSox63Rh","name":"Bukwiri COU HC II","type":"Point"}},{"type":"Feature","geometry":{"type":"Point","coordinates":[32.621906,0.32253]},"properties":{"id":"dYj7fcY7A8G","name":"Bugolobi Medical Center HC IV","type":"Point"}},{"type":"Feature","geometry":{"type":"Point","coordinates":[31.35451,1.44278]},"properties":{"id":"DyxRfkwicX2","name":"Bujumbura HC III","type":"Point"}},{"type":"Feature","geometry":{"type":"Point","coordinates":[33.7091,1.16494]},"properties":{"id":"DZF9rPxVxuv","name":"Pallisa Town Council HC III","type":"Point"}},{"type":"Feature","geometry":{"type":"Point","coordinates":[30.030806,-0.810736]},"properties":{"id":"DZjkWHQOCGg","name":"Nyakazinga HC II","type":"Point"}},{"type":"Feature","geometry":{"type":"Point","coordinates":[30.73435,-0.67181]},"properties":{"id":"dZKfMZLWA5D","name":"Nyarubungo HC III","type":"Point"}},{"type":"Feature","geometry":{"type":"Point","coordinates":[30.96583,3.0714]},"properties":{"id":"dZRCLuC8sry","name":"Ombidriondrea HC III","type":"Point"}},{"type":"Feature","geometry":{"type":"Point","coordinates":[33.49555,1.00204]},"properties":{"id":"dZSLpFo3Ow2","name":"Bumanya HC IV","type":"Point"}},{"type":"Feature","geometry":{"type":"Point","coordinates":[29.8444,-0.79222]},"properties":{"id":"dzVt4uU3KHJ","name":"Rwerere HC II","type":"Point"}},{"type":"Feature","geometry":{"type":"Point","coordinates":[33.70225,0.74273]},"properties":{"id":"E0iTAuyvRrd","name":"Bulange HC III","type":"Point"}},{"type":"Feature","geometry":{"type":"Point","coordinates":[31.338106,3.492237]},"properties":{"id":"e1kEs6glxbT","name":"Barakala HC III","type":"Point"}},{"type":"Feature","geometry":{"type":"Point","coordinates":[32.4549,1.31329]},"properties":{"id":"e1pByDp3Nxo","name":"Nakasongola Prisons HC III","type":"Point"}},{"type":"Feature","geometry":{"type":"Point","coordinates":[32.19945,0.22383]},"properties":{"id":"E1TxjBqAvWB","name":"Epi-Centre Senge HC III","type":"Point"}},{"type":"Feature","geometry":{"type":"Point","coordinates":[30.01662,-1.14569]},"properties":{"id":"e1yDQz1fohd","name":"Noozi HC II","type":"Point"}},{"type":"Feature","geometry":{"type":"Point","coordinates":[32.96188,2.76499]},"properties":{"id":"e2i5c23d8cq","name":"Kilak HC III","type":"Point"}},{"type":"Feature","geometry":{"type":"Point","coordinates":[32.53033,0.45391]},"properties":{"id":"E2IJ8h2nDxh","name":"Matuga HC II","type":"Point"}},{"type":"Feature","geometry":{"type":"Point","coordinates":[33.22508,0.43824]},"properties":{"id":"E2mdeU0lkNe","name":"Walukuba HC IV","type":"Point"}},{"type":"Feature","geometry":{"type":"Point","coordinates":[33.94886,3.69413]},"properties":{"id":"e3dC0j3kZvg","name":"St. Jude Kapedo HC II","type":"Point"}},{"type":"Feature","geometry":{"type":"Point","coordinates":[31.29376,-0.1841]},"properties":{"id":"e3pk4rlUWj7","name":"Lyakajura HC II","type":"Point"}},{"type":"Feature","geometry":{"type":"Point","coordinates":[32.490559,0.759791]},"properties":{"id":"E49UQK1wLQ2","name":"Kyalugondo HC III","type":"Point"}},{"type":"Feature","geometry":{"type":"Point","coordinates":[32.5479,0.26099]},"properties":{"id":"E4I0kczftmi","name":"Bunamwaya HC II","type":"Point"}},{"type":"Feature","geometry":{"type":"Point","coordinates":[30.81565,-0.79116]},"properties":{"id":"E5kPcprgHM5","name":"Isibuka Nursing Home HC III","type":"Point"}},{"type":"Feature","geometry":{"type":"Point","coordinates":[32.576766,0.283351]},"properties":{"id":"E6UEVvPSXVk","name":"Masaba Consultative Clinic HC II","type":"Point"}},{"type":"Feature","geometry":{"type":"Point","coordinates":[30.527914,-0.851241]},"properties":{"id":"e8DyC8c45AO","name":"Rwoho HC II","type":"Point"}},{"type":"Feature","geometry":{"type":"Point","coordinates":[32.48249,0.72365]},"properties":{"id":"E8mh7Ie50xY","name":"Bulyake HC II","type":"Point"}},{"type":"Feature","geometry":{"type":"Point","coordinates":[33.68069,0.45217]},"properties":{"id":"E8VBctyrVK1","name":"Nankoma Islamic HC II","type":"Point"}},{"type":"Feature","geometry":{"type":"Point","coordinates":[32.97643,2.531]},"properties":{"id":"E9a1cflRJZf","name":"Abala HC III","type":"Point"}},{"type":"Feature","geometry":{"type":"Point","coordinates":[31.73442,-0.34567]},"properties":{"id":"e9ClLYWDcre","name":"Masaka-Ssaza Prisons HC II","type":"Point"}},{"type":"Feature","geometry":{"type":"Point","coordinates":[32.54522,0.33817]},"properties":{"id":"e9F9XvTFIrI","name":"Holy Cross Orthodox Mission Namungoona Hospital","type":"Point"}},{"type":"Feature","geometry":{"type":"Point","coordinates":[31.06687,3.0741]},"properties":{"id":"E9FHg5HyYzC","name":"St. Francis (Ocodri) HC III","type":"Point"}},{"type":"Feature","geometry":{"type":"Point","coordinates":[32.5324,0.72056]},"properties":{"id":"ea1Bvu4qzmW","name":"Orient Medical Center HC III","type":"Point"}},{"type":"Feature","geometry":{"type":"Point","coordinates":[31.44298,2.52586]},"properties":{"id":"Ea3Z8ofIGDw","name":"Pakia HC III","type":"Point"}},{"type":"Feature","geometry":{"type":"Point","coordinates":[31.449064,3.581845]},"properties":{"id":"eagCoWlLIhR","name":"Kochi HC III","type":"Point"}},{"type":"Feature","geometry":{"type":"Point","coordinates":[32.38977,0.41943]},"properties":{"id":"EAr7pVCRxF3","name":"Kakiri HC III","type":"Point"}},{"type":"Feature","geometry":{"type":"Point","coordinates":[32.19381,1.94112]},"properties":{"id":"eAuFbAc1MUZ","name":"Panyadoli Hill HC II","type":"Point"}},{"type":"Feature","geometry":{"type":"Point","coordinates":[32.43398,1.21347]},"properties":{"id":"eB1Eg8cJGne","name":"Kiralamba HC III","type":"Point"}},{"type":"Feature","geometry":{"type":"Point","coordinates":[30.194506,0.480384]},"properties":{"id":"EBCRwGo5bqm","name":"Rwagimba HC III","type":"Point"}},{"type":"Feature","geometry":{"type":"Point","coordinates":[30.90172,2.82491]},"properties":{"id":"EBlM7SeLR4c","name":"Opia HC III","type":"Point"}},{"type":"Feature","geometry":{"type":"Point","coordinates":[31.637041,-0.340851]},"properties":{"id":"EBmWiWJFu2L","name":"Nkoni HC III","type":"Point"}},{"type":"Feature","geometry":{"type":"Point","coordinates":[31.721369,-0.148185]},"properties":{"id":"EbUv0a1HNlA","name":"Nabutongwa HC II","type":"Point"}},{"type":"Feature","geometry":{"type":"Point","coordinates":[29.80597,-0.80768]},"properties":{"id":"EC1LoiV2HmY","name":"Nyarutojo HC II","type":"Point"}},{"type":"Feature","geometry":{"type":"Point","coordinates":[32.52895,0.73055]},"properties":{"id":"Ec5yJybMqpe","name":"Katikamu HC III","type":"Point"}},{"type":"Feature","geometry":{"type":"Point","coordinates":[32.684859,0.678746]},"properties":{"id":"ec6ZVy4whk5","name":"Zirobwe HC III","type":"Point"}},{"type":"Feature","geometry":{"type":"Point","coordinates":[33.3224,0.62429]},"properties":{"id":"ECcU4nC1MjT","name":"Nabitambala HC II","type":"Point"}},{"type":"Feature","geometry":{"type":"Point","coordinates":[33.15987,0.70534]},"properties":{"id":"ECSAxXG3JMh","name":"Bupadhengo HC III","type":"Point"}},{"type":"Feature","geometry":{"type":"Point","coordinates":[32.41954,2.63485]},"properties":{"id":"ede2KlZ1gtL","name":"Lanenober HC III","type":"Point"}},{"type":"Feature","geometry":{"type":"Point","coordinates":[34.049877,1.437915]},"properties":{"id":"EdfrvsY7Giu","name":"Malera HC III","type":"Point"}},{"type":"Feature","geometry":{"type":"Point","coordinates":[31.0372,-0.3436]},"properties":{"id":"edGJUvFwlKN","name":"Rurambira HC II","type":"Point"}},{"type":"Feature","geometry":{"type":"Point","coordinates":[34.003536,0.555853]},"properties":{"id":"eDMgteYPoGT","name":"Habuleke HC II","type":"Point"}},{"type":"Feature","geometry":{"type":"Point","coordinates":[33.35786,0.708]},"properties":{"id":"edqx4oFg95R","name":"Bukanga HC III","type":"Point"}},{"type":"Feature","geometry":{"type":"Point","coordinates":[29.75691,0.07352]},"properties":{"id":"edthEPGV3v4","name":"Kikyo HC II","type":"Point"}},{"type":"Feature","geometry":{"type":"Point","coordinates":[31.829765,3.681561]},"properties":{"id":"EEDxS26updx","name":"Aya HC II","type":"Point"}},{"type":"Feature","geometry":{"type":"Point","coordinates":[32.5013,1.66923]},"properties":{"id":"EEQf2mLM09R","name":"Wansolo HC II","type":"Point"}},{"type":"Feature","geometry":{"type":"Point","coordinates":[33.89222,1.24351]},"properties":{"id":"EEuh52Rx0HI","name":"Kanyumu HC II","type":"Point"}},{"type":"Feature","geometry":{"type":"Point","coordinates":[33.98406,2.03128]},"properties":{"id":"EEwBWZQ7Qre","name":"Koritok HC II","type":"Point"}},{"type":"Feature","geometry":{"type":"Point","coordinates":[32.345573,1.390264]},"properties":{"id":"Eez5B2wLHH5","name":"Walukunyu HC II","type":"Point"}},{"type":"Feature","geometry":{"type":"Point","coordinates":[33.32662,2.28928]},"properties":{"id":"Ef6JLaKeELl","name":"Omarari HC II","type":"Point"}},{"type":"Feature","geometry":{"type":"Point","coordinates":[30.21566,0.38292]},"properties":{"id":"efN24flmJeb","name":"Kisomoro HC III","type":"Point"}},{"type":"Feature","geometry":{"type":"Point","coordinates":[33.25796,0.19614]},"properties":{"id":"Eg7Efn5rKSj","name":"Namiti Health Centre HC II","type":"Point"}},{"type":"Feature","geometry":{"type":"Point","coordinates":[29.996539,-1.289182]},"properties":{"id":"EgNsQqE3k5S","name":"Rushoroza Hospital","type":"Point"}},{"type":"Feature","geometry":{"type":"Point","coordinates":[29.80258,-1.0037]},"properties":{"id":"EgpwM2XO0oK","name":"Kinaaba Ngo HC II","type":"Point"}},{"type":"Feature","geometry":{"type":"Point","coordinates":[30.19526,0.47767]},"properties":{"id":"egswmCc8ssL","name":"Kibiito HC IV","type":"Point"}},{"type":"Feature","geometry":{"type":"Point","coordinates":[33.99738,0.32581]},"properties":{"id":"eheRSS5qlxR","name":"Lumino HC III","type":"Point"}},{"type":"Feature","geometry":{"type":"Point","coordinates":[33.8649,1.48458]},"properties":{"id":"ehjI0b4szUT","name":"Nyero HC III","type":"Point"}},{"type":"Feature","geometry":{"type":"Point","coordinates":[31.11511,3.27945]},"properties":{"id":"ehmgxZaocae","name":"Omugo HC IV","type":"Point"}},{"type":"Feature","geometry":{"type":"Point","coordinates":[32.643929,0.357184]},"properties":{"id":"ei0UeTsnCl9","name":"Well Spring HC II","type":"Point"}},{"type":"Feature","geometry":{"type":"Point","coordinates":[33.12288,0.65788]},"properties":{"id":"eiUNndfmJIW","name":"Mawoito HC II","type":"Point"}},{"type":"Feature","geometry":{"type":"Point","coordinates":[30.77994,0.98734]},"properties":{"id":"eJgKrwRqQaC","name":"Galiboleka HC II","type":"Point"}},{"type":"Feature","geometry":{"type":"Point","coordinates":[31.86382,-0.31139]},"properties":{"id":"EJjtvQaTkx8","name":"Ssunga HC III","type":"Point"}},{"type":"Feature","geometry":{"type":"Point","coordinates":[30.88293,0.44464]},"properties":{"id":"ejl0uMalFn1","name":"Migamba HC II","type":"Point"}},{"type":"Feature","geometry":{"type":"Point","coordinates":[33.1813,0.64699]},"properties":{"id":"EjmlzBc8RyM","name":"Bunawona HC II","type":"Point"}},{"type":"Feature","geometry":{"type":"Point","coordinates":[30.890397,0.127995]},"properties":{"id":"EJSR69XSWFB","name":"Lamezia HC III","type":"Point"}},{"type":"Feature","geometry":{"type":"Point","coordinates":[30.062235,-1.162504]},"properties":{"id":"eJzlHnYHBcW","name":"Mparo HC IV","type":"Point"}},{"type":"Feature","geometry":{"type":"Point","coordinates":[31.25421,2.59031]},"properties":{"id":"eKAZwpYo3r5","name":"Padwot Midyere HC III","type":"Point"}},{"type":"Feature","geometry":{"type":"Point","coordinates":[33.00637,0.84222]},"properties":{"id":"EKbyglK4z19","name":"Namusaala HC II","type":"Point"}},{"type":"Feature","geometry":{"type":"Point","coordinates":[33.48449,0.61649]},"properties":{"id":"EKPCmrHaBSg","name":"Iganga Hospital","type":"Point"}},{"type":"Feature","geometry":{"type":"Point","coordinates":[31.24664,-0.61042]},"properties":{"id":"eL7emUa9LQz","name":"Kakundi HC II","type":"Point"}},{"type":"Feature","geometry":{"type":"Point","coordinates":[30.01982,0.64282]},"properties":{"id":"ELoK6BN0Tbo","name":"Mirambi HC II","type":"Point"}},{"type":"Feature","geometry":{"type":"Point","coordinates":[32.32477,2.78843]},"properties":{"id":"elqHQKpMveQ","name":"Laroo HC III","type":"Point"}},{"type":"Feature","geometry":{"type":"Point","coordinates":[30.15209,-0.67669]},"properties":{"id":"EMHl20viu7L","name":"Kitagata Hospital","type":"Point"}},{"type":"Feature","geometry":{"type":"Point","coordinates":[34.67599,1.27437]},"properties":{"id":"emKicrlso4o","name":"Kapsarur HC II","type":"Point"}},{"type":"Feature","geometry":{"type":"Point","coordinates":[30.46771,-0.69613]},"properties":{"id":"En3XPANSpY4","name":"Ihunga (Mbarara) HC II","type":"Point"}},{"type":"Feature","geometry":{"type":"Point","coordinates":[34.35095,1.29666]},"properties":{"id":"eN47KTA7oAK","name":"Gamatimbei HC III","type":"Point"}},{"type":"Feature","geometry":{"type":"Point","coordinates":[33.42819,0.81778]},"properties":{"id":"eN9V8wuZGOa","name":"Kiwanyi HC II","type":"Point"}},{"type":"Feature","geometry":{"type":"Point","coordinates":[34.115129,1.670905]},"properties":{"id":"entiI5xAKZs","name":"Opeta HC II","type":"Point"}},{"type":"Feature","geometry":{"type":"Point","coordinates":[34.75617,1.33159]},"properties":{"id":"enZvQfJk9cO","name":"Brim HC II","type":"Point"}},{"type":"Feature","geometry":{"type":"Point","coordinates":[33.55625,0.44188]},"properties":{"id":"EoHnqQ9tho5","name":"Kasutaime HC II","type":"Point"}},{"type":"Feature","geometry":{"type":"Point","coordinates":[30.64145,0.54201]},"properties":{"id":"eOkoXVVoloS","name":"St. Edwards (Kyenjojo) HC II","type":"Point"}},{"type":"Feature","geometry":{"type":"Point","coordinates":[33.62563,1.74554]},"properties":{"id":"eOVudSriqIu","name":"Madera Ngo HC II","type":"Point"}},{"type":"Feature","geometry":{"type":"Point","coordinates":[31.55498,-0.57789]},"properties":{"id":"eOztkViRyTv","name":"Buziranduulu HC II","type":"Point"}},{"type":"Feature","geometry":{"type":"Point","coordinates":[31.91107,3.44563]},"properties":{"id":"EP9BtvXaTsa","name":"Ajugopi HC II","type":"Point"}},{"type":"Feature","geometry":{"type":"Point","coordinates":[33.19592,1.27182]},"properties":{"id":"ePBBFCBzmt1","name":"Kakooge HC II","type":"Point"}},{"type":"Feature","geometry":{"type":"Point","coordinates":[31.41986,1.7609]},"properties":{"id":"EPMb6dGjqnz","name":"Biiso HC IV","type":"Point"}},{"type":"Feature","geometry":{"type":"Point","coordinates":[32.02553,2.68719]},"properties":{"id":"EPyMwPkmKPx","name":"Alero HC III","type":"Point"}},{"type":"Feature","geometry":{"type":"Point","coordinates":[30.44231,-0.35558]},"properties":{"id":"EqekiAuWsDE","name":"Bitsya HC II","type":"Point"}},{"type":"Feature","geometry":{"type":"Point","coordinates":[32.80554,0.61732]},"properties":{"id":"Eqtsf0ozlnj","name":"Kasana HC II","type":"Point"}},{"type":"Feature","geometry":{"type":"Point","coordinates":[34.19041,1.00692]},"properties":{"id":"eQUTo4Kz4Cv","name":"Siira HC III","type":"Point"}},{"type":"Feature","geometry":{"type":"Point","coordinates":[32.21542,0.86586]},"properties":{"id":"eQXTs1XHYpK","name":"Wakyato HC III","type":"Point"}},{"type":"Feature","geometry":{"type":"Point","coordinates":[32.34985,1.85142]},"properties":{"id":"eR77udlIWIM","name":"Alenga HC III","type":"Point"}},{"type":"Feature","geometry":{"type":"Point","coordinates":[30.68181,-0.60434]},"properties":{"id":"ERNih4fCcwx","name":"Kakoba HC III","type":"Point"}},{"type":"Feature","geometry":{"type":"Point","coordinates":[33.36586,3.03567]},"properties":{"id":"err2diilQ8C","name":"Pakor HC II","type":"Point"}},{"type":"Feature","geometry":{"type":"Point","coordinates":[31.49797,-0.79501]},"properties":{"id":"esaIYgP3vSp","name":"St. Jude Sanje HC II","type":"Point"}},{"type":"Feature","geometry":{"type":"Point","coordinates":[32.35757,2.72746]},"properties":{"id":"EsXcenXz99W","name":"Lapainat HC III","type":"Point"}},{"type":"Feature","geometry":{"type":"Point","coordinates":[31.71605,1.68414]},"properties":{"id":"esxeUWbV3si","name":"Masindi Hospital","type":"Point"}},{"type":"Feature","geometry":{"type":"Point","coordinates":[33.087253,2.861683]},"properties":{"id":"EsyH7yKQHiP","name":"Pader HC III","type":"Point"}},{"type":"Feature","geometry":{"type":"Point","coordinates":[33.20304,2.12141]},"properties":{"id":"etPrOnArvd1","name":"Abako-Elim HC II","type":"Point"}},{"type":"Feature","geometry":{"type":"Point","coordinates":[34.90565,1.84317]},"properties":{"id":"etUWDKFTBfq","name":"Alakas HC II","type":"Point"}},{"type":"Feature","geometry":{"type":"Point","coordinates":[29.77882,-0.89903]},"properties":{"id":"EU9ZacQmfpW","name":"Kanungu HC IV","type":"Point"}},{"type":"Feature","geometry":{"type":"Point","coordinates":[33.915642,1.577301]},"properties":{"id":"euiuFSL4Sdb","name":"Omatenga HC III","type":"Point"}},{"type":"Feature","geometry":{"type":"Point","coordinates":[32.840675,0.59047]},"properties":{"id":"EuNXSEMyAGt","name":"Kigogola HC II","type":"Point"}},{"type":"Feature","geometry":{"type":"Point","coordinates":[33.00343,2.93031]},"properties":{"id":"EUOiaQqxdtP","name":"Paiula HC II","type":"Point"}},{"type":"Feature","geometry":{"type":"Point","coordinates":[32.45998,2.96424]},"properties":{"id":"EutuLBY58L0","name":"Pukony HC II","type":"Point"}},{"type":"Feature","geometry":{"type":"Point","coordinates":[34.66083,2.56882]},"properties":{"id":"EUu7beeRyS5","name":"Rupa HC II","type":"Point"}},{"type":"Feature","geometry":{"type":"Point","coordinates":[33.30733,0.63999]},"properties":{"id":"EUZupmOWTtg","name":"Bwidhabwangu HC II","type":"Point"}},{"type":"Feature","geometry":{"type":"Point","coordinates":[29.99624,0.60864]},"properties":{"id":"EV2MoBNsOm6","name":"Butama HC III","type":"Point"}},{"type":"Feature","geometry":{"type":"Point","coordinates":[33.93927,0.25607]},"properties":{"id":"eV4fyDZzdi3","name":"Busime HC II","type":"Point"}},{"type":"Feature","geometry":{"type":"Point","coordinates":[33.66268,2.64176]},"properties":{"id":"eVqlzAGda5U","name":"Kiru HC II","type":"Point"}},{"type":"Feature","geometry":{"type":"Point","coordinates":[31.17412,0.52381]},"properties":{"id":"eW5633TN0Vm","name":"Kasule HC III","type":"Point"}},{"type":"Feature","geometry":{"type":"Point","coordinates":[33.58655,2.2464]},"properties":{"id":"EWb0gMfNpiq","name":"Agonga HC II","type":"Point"}},{"type":"Feature","geometry":{"type":"Point","coordinates":[33.257802,0.049199]},"properties":{"id":"ewMHVf7tjwq","name":"Buvuma HC IV","type":"Point"}},{"type":"Feature","geometry":{"type":"Point","coordinates":[31.46156,2.50596]},"properties":{"id":"Ewwd9R5nnVh","name":"Pacego HC II","type":"Point"}},{"type":"Feature","geometry":{"type":"Point","coordinates":[31.52811,0.87467]},"properties":{"id":"eXcMCocey03","name":"Kisaala HC II","type":"Point"}},{"type":"Feature","geometry":{"type":"Point","coordinates":[31.43869,0.75891]},"properties":{"id":"ExtBb1CkrSe","name":"Kituule HC II","type":"Point"}},{"type":"Feature","geometry":{"type":"Point","coordinates":[34.56635,2.35819]},"properties":{"id":"EYaoFJ7u4nr","name":"Lorengedwat HC III","type":"Point"}},{"type":"Feature","geometry":{"type":"Point","coordinates":[30.97997,3.29223]},"properties":{"id":"EYFKJlJa6Mp","name":"Loinya HC II","type":"Point"}},{"type":"Feature","geometry":{"type":"Point","coordinates":[32.50921,2.39086]},"properties":{"id":"EYklRtOZrwz","name":"Anyeke HC IV","type":"Point"}},{"type":"Feature","geometry":{"type":"Point","coordinates":[33.52098,0.93391]},"properties":{"id":"EYPlRLvDGxp","name":"St. Francis Budini HC III","type":"Point"}},{"type":"Feature","geometry":{"type":"Point","coordinates":[31.71814,3.64888]},"properties":{"id":"EZA6XG2Eqra","name":"Moyo Mission HC IV","type":"Point"}},{"type":"Feature","geometry":{"type":"Point","coordinates":[31.02386,2.48285]},"properties":{"id":"eZC9Ddr4KIy","name":"Otheko HC II","type":"Point"}},{"type":"Feature","geometry":{"type":"Point","coordinates":[34.1789,0.68361]},"properties":{"id":"ezl9nwYbSdn","name":"Mudakor HC III","type":"Point"}},{"type":"Feature","geometry":{"type":"Point","coordinates":[31.62277,-0.53569]},"properties":{"id":"eZPhMsZGZza","name":"Kalisizo Hospital","type":"Point"}},{"type":"Feature","geometry":{"type":"Point","coordinates":[30.0972,-0.333]},"properties":{"id":"EZqXqnUG0ep","name":"Rutoto SDA Dispensary HC II","type":"Point"}},{"type":"Feature","geometry":{"type":"Point","coordinates":[32.89975,2.24814]},"properties":{"id":"ezwvziar0eJ","name":"Lira Municipal HC II","type":"Point"}},{"type":"Feature","geometry":{"type":"Point","coordinates":[32.488,0.21983]},"properties":{"id":"F1E6OZRWxDc","name":"Nsaggu HC II","type":"Point"}},{"type":"Feature","geometry":{"type":"Point","coordinates":[34.26549,0.641]},"properties":{"id":"F1z2KNSzz86","name":"Malaba HC III","type":"Point"}},{"type":"Feature","geometry":{"type":"Point","coordinates":[32.2353,2.80714]},"properties":{"id":"F2C1BkGVMSW","name":"Oitino HC II","type":"Point"}},{"type":"Feature","geometry":{"type":"Point","coordinates":[30.51211,0.70885]},"properties":{"id":"F2JcZqU3iQD","name":"Nyamabuga HC III","type":"Point"}},{"type":"Feature","geometry":{"type":"Point","coordinates":[30.98577,3.02739]},"properties":{"id":"f2Whd5ubYn8","name":"Olivu HC II","type":"Point"}},{"type":"Feature","geometry":{"type":"Point","coordinates":[32.80113,3.32746]},"properties":{"id":"f33lKK2tJNV","name":"Pajimo HC III","type":"Point"}},{"type":"Feature","geometry":{"type":"Point","coordinates":[31.15539,-0.40847]},"properties":{"id":"f3FZcY7WSCd","name":"St. Immaculate Mothers HC II","type":"Point"}},{"type":"Feature","geometry":{"type":"Point","coordinates":[31.99417,0.12088]},"properties":{"id":"F3r8Fr87Bnx","name":"Maria Assumpta HC III","type":"Point"}},{"type":"Feature","geometry":{"type":"Point","coordinates":[31.02779,2.39142]},"properties":{"id":"F3VE0gdRXu1","name":"Goli HC IV","type":"Point"}},{"type":"Feature","geometry":{"type":"Point","coordinates":[32.40202,1.313487]},"properties":{"id":"f4dGzsIwBms","name":"Sikye HC II","type":"Point"}},{"type":"Feature","geometry":{"type":"Point","coordinates":[31.80194,3.52264]},"properties":{"id":"F4phb7m6hiz","name":"Arra HC II","type":"Point"}},{"type":"Feature","geometry":{"type":"Point","coordinates":[33.932111,0.74852]},"properties":{"id":"F50gOkQjBg9","name":"Mifumi HC III","type":"Point"}},{"type":"Feature","geometry":{"type":"Point","coordinates":[32.01868,0.35134]},"properties":{"id":"f5lLaEQlPzM","name":"Lulagala HC III","type":"Point"}},{"type":"Feature","geometry":{"type":"Point","coordinates":[32.33589,2.93559]},"properties":{"id":"F6wXWJHDAlo","name":"Gwengdiya HC II","type":"Point"}},{"type":"Feature","geometry":{"type":"Point","coordinates":[33.9464,1.48498]},"properties":{"id":"F72SmQgfKBf","name":"Kumi Orthopaedic Centre Hospital","type":"Point"}},{"type":"Feature","geometry":{"type":"Point","coordinates":[32.33665,0.96578]},"properties":{"id":"F77VRAFi2dn","name":"Nakaseke Kalagala HC II","type":"Point"}},{"type":"Feature","geometry":{"type":"Point","coordinates":[31.27238,3.1619]},"properties":{"id":"F7LKQNLd8M6","name":"Siripi HC III","type":"Point"}},{"type":"Feature","geometry":{"type":"Point","coordinates":[31.78193,-0.38566]},"properties":{"id":"F826wgZ6HPF","name":"Buwunga HC III","type":"Point"}},{"type":"Feature","geometry":{"type":"Point","coordinates":[30.23527,-0.61756]},"properties":{"id":"f8JtBXP4GBx","name":"Bushenyi-Buyanja HC II","type":"Point"}},{"type":"Feature","geometry":{"type":"Point","coordinates":[33.35955,1.42866]},"properties":{"id":"f8m6k3MjPsf","name":"Pingire HC III","type":"Point"}},{"type":"Feature","geometry":{"type":"Point","coordinates":[33.80417,0.60884]},"properties":{"id":"F9CI9eMBhCE","name":"Nambo HC II","type":"Point"}},{"type":"Feature","geometry":{"type":"Point","coordinates":[30.64458,-0.6072]},"properties":{"id":"f9oPkk2jKiy","name":"Kamukuzi Dho HC II","type":"Point"}},{"type":"Feature","geometry":{"type":"Point","coordinates":[30.17907,0.29593]},"properties":{"id":"FAjgEVpPiLO","name":"Hima Star HC II","type":"Point"}},{"type":"Feature","geometry":{"type":"Point","coordinates":[30.43244,-0.08537]},"properties":{"id":"FAlqwkwODjt","name":"Kashangura HC II","type":"Point"}},{"type":"Feature","geometry":{"type":"Point","coordinates":[33.075318,1.939784]},"properties":{"id":"fb3OMf58qdu","name":"Anyacoto HC II","type":"Point"}},{"type":"Feature","geometry":{"type":"Point","coordinates":[31.73807,-0.33926]},"properties":{"id":"fBndBN2WUYM","name":"Masaka Municipal Clinic HC II","type":"Point"}},{"type":"Feature","geometry":{"type":"Point","coordinates":[31.50265,-0.19447]},"properties":{"id":"FCDGg3pIvrx","name":"Kayunga HC II","type":"Point"}},{"type":"Feature","geometry":{"type":"Point","coordinates":[34.08075,0.74646]},"properties":{"id":"fD89e7iPX3v","name":"Kidoko HC II","type":"Point"}},{"type":"Feature","geometry":{"type":"Point","coordinates":[31.60997,3.40639]},"properties":{"id":"FDGxZvsSQrY","name":"Kali HC II","type":"Point"}},{"type":"Feature","geometry":{"type":"Point","coordinates":[32.31934,0.23074]},"properties":{"id":"fdNUK2z0vuK","name":"Mpigi Ddhs's Clinic HC II","type":"Point"}},{"type":"Feature","geometry":{"type":"Point","coordinates":[31.1623,0.27228]},"properties":{"id":"feHZtyy5zKn","name":"Kabamba Barracks HC III","type":"Point"}},{"type":"Feature","geometry":{"type":"Point","coordinates":[31.83482,0.45342]},"properties":{"id":"feLLvJVqKPW","name":"Kakungube HC II","type":"Point"}},{"type":"Feature","geometry":{"type":"Point","coordinates":[32.38301,2.05343]},"properties":{"id":"FEZi25VoZOd","name":"Kidilani HC II","type":"Point"}},{"type":"Feature","geometry":{"type":"Point","coordinates":[33.26875,1.67787]},"properties":{"id":"ffbrWjDoYrJ","name":"Bululu COU HC II","type":"Point"}},{"type":"Feature","geometry":{"type":"Point","coordinates":[32.572854,0.309132]},"properties":{"id":"FFCA7KzL08a","name":"Kisakye Clinic (Nakasero IV) HC II","type":"Point"}},{"type":"Feature","geometry":{"type":"Point","coordinates":[31.55908,-0.51028]},"properties":{"id":"ffepMuBcVGL","name":"Butembe HC II","type":"Point"}},{"type":"Feature","geometry":{"type":"Point","coordinates":[33.95066,2.11533]},"properties":{"id":"fFMFDu21aWq","name":"Aketa HC III","type":"Point"}},{"type":"Feature","geometry":{"type":"Point","coordinates":[30.13285,0.55741]},"properties":{"id":"fFVmtAq4KDs","name":"Kibate HC III","type":"Point"}},{"type":"Feature","geometry":{"type":"Point","coordinates":[30.01481,-1.05502]},"properties":{"id":"fg0BECcPW6E","name":"Kitunga (Kashambya) HC II","type":"Point"}},{"type":"Feature","geometry":{"type":"Point","coordinates":[30.464951,-0.981063]},"properties":{"id":"FGnMVMPBCLN","name":"Kitwe HC IV","type":"Point"}},{"type":"Feature","geometry":{"type":"Point","coordinates":[29.6824,-1.28374]},"properties":{"id":"FHIEdqBZAll","name":"Kisoro Hospital","type":"Point"}},{"type":"Feature","geometry":{"type":"Point","coordinates":[33.27589,2.86372]},"properties":{"id":"FHLViw9IqR6","name":"Lapirin HC III","type":"Point"}},{"type":"Feature","geometry":{"type":"Point","coordinates":[32.03221,0.78844]},"properties":{"id":"FHtJEqFHwS4","name":"Katwe (Dwaniro) HC III","type":"Point"}},{"type":"Feature","geometry":{"type":"Point","coordinates":[32.17326,0.20111]},"properties":{"id":"FI11C32LNK8","name":"Kiziiko HC II","type":"Point"}},{"type":"Feature","geometry":{"type":"Point","coordinates":[30.35651,-0.32842]},"properties":{"id":"Fi6rNyCYxsL","name":"Bihanga HC III","type":"Point"}},{"type":"Feature","geometry":{"type":"Point","coordinates":[33.65797,0.32082]},"properties":{"id":"FICwy0lTFNW","name":"Bugoto HC II","type":"Point"}},{"type":"Feature","geometry":{"type":"Point","coordinates":[29.88585,0.076579]},"properties":{"id":"fIF70rtNGDv","name":"Nyabirongo HC III","type":"Point"}},{"type":"Feature","geometry":{"type":"Point","coordinates":[33.11034,2.81469]},"properties":{"id":"fIGI5AZsJHF","name":"Kwonkic HC II","type":"Point"}},{"type":"Feature","geometry":{"type":"Point","coordinates":[31.41286,1.053396]},"properties":{"id":"fiJwBAEbPgc","name":"Mpasaana HC II","type":"Point"}},{"type":"Feature","geometry":{"type":"Point","coordinates":[32.73428,-0.08066]},"properties":{"id":"fkASUL2GNdM","name":"Koome HC III","type":"Point"}},{"type":"Feature","geometry":{"type":"Point","coordinates":[29.85901,-0.89928]},"properties":{"id":"FkcbEK1go53","name":"Mishenyi HC II","type":"Point"}},{"type":"Feature","geometry":{"type":"Point","coordinates":[32.9876,2.36034]},"properties":{"id":"FkHL59DWIav","name":"Obim HC II","type":"Point"}},{"type":"Feature","geometry":{"type":"Point","coordinates":[32.89498,2.26901]},"properties":{"id":"FkTtVWHYtc1","name":"Ayira Health Services","type":"Point"}},{"type":"Feature","geometry":{"type":"Point","coordinates":[31.11361,2.56272]},"properties":{"id":"FKuNaclJDeD","name":"Anyiribu HC III","type":"Point"}},{"type":"Feature","geometry":{"type":"Point","coordinates":[33.86011,1.14031]},"properties":{"id":"fKvVQoaVcjz","name":"All Saints Buchanagandi HC III","type":"Point"}},{"type":"Feature","geometry":{"type":"Point","coordinates":[32.93993,2.62153]},"properties":{"id":"flJx2pns0FY","name":"Puranga HC III","type":"Point"}},{"type":"Feature","geometry":{"type":"Point","coordinates":[33.59166,0.62609]},"properties":{"id":"FLMye24JUsV","name":"Busesa HC IV","type":"Point"}},{"type":"Feature","geometry":{"type":"Point","coordinates":[33.17601,0.50004]},"properties":{"id":"fMB1M2N9wak","name":"Ivunamba HC II","type":"Point"}},{"type":"Feature","geometry":{"type":"Point","coordinates":[31.90513,3.29406]},"properties":{"id":"FMgSYqDsfT6","name":"Lewa HC II","type":"Point"}},{"type":"Feature","geometry":{"type":"Point","coordinates":[32.48055,0.08367]},"properties":{"id":"FMhE2V9s2bo","name":"Katabi Military HC III","type":"Point"}},{"type":"Feature","geometry":{"type":"Point","coordinates":[31.92435,3.56893]},"properties":{"id":"fMi3knJS4IC","name":"Waka HC II","type":"Point"}},{"type":"Feature","geometry":{"type":"Point","coordinates":[32.595567,0.311245]},"properties":{"id":"FMu3EDXv2PI","name":"Kibuli Medicare HC II","type":"Point"}},{"type":"Feature","geometry":{"type":"Point","coordinates":[30.89682,-0.36945]},"properties":{"id":"fn3zMtuYbmL","name":"Kyeibuza (St. Mary'S) HC III","type":"Point"}},{"type":"Feature","geometry":{"type":"Point","coordinates":[32.65297,3.61332]},"properties":{"id":"fnse10SronT","name":"Pangira HC II","type":"Point"}},{"type":"Feature","geometry":{"type":"Point","coordinates":[32.12607,3.00217]},"properties":{"id":"FNTxj1oKTQd","name":"Lacor-Pabbo HC III","type":"Point"}},{"type":"Feature","geometry":{"type":"Point","coordinates":[29.926911,-1.252926]},"properties":{"id":"FO9C6xA3sMS","name":"Kagarama HC II","type":"Point"}},{"type":"Feature","geometry":{"type":"Point","coordinates":[32.61235,0.33436]},"properties":{"id":"foJ1bGX8luE","name":"Naguru Police HC II","type":"Point"}},{"type":"Feature","geometry":{"type":"Point","coordinates":[31.36547,-0.67474]},"properties":{"id":"fOjYXPjN0QN","name":"Kayonza Ddwaniro HC II","type":"Point"}},{"type":"Feature","geometry":{"type":"Point","coordinates":[33.43087,0.43518]},"properties":{"id":"FPENxnEHmc7","name":"Kyando HC II","type":"Point"}},{"type":"Feature","geometry":{"type":"Point","coordinates":[31.94209,0.4343]},"properties":{"id":"fpk1pbQkxoe","name":"Kigalama (Mubende) HC II","type":"Point"}},{"type":"Feature","geometry":{"type":"Point","coordinates":[30.013431,0.196402]},"properties":{"id":"fq4icBr2Q9P","name":"Kilembe Mines Hospital","type":"Point"}},{"type":"Feature","geometry":{"type":"Point","coordinates":[33.62609,0.5162]},"properties":{"id":"fQDPsm5KEUF","name":"Mawanga C. O. G HC II","type":"Point"}},{"type":"Feature","geometry":{"type":"Point","coordinates":[31.74861,3.64596]},"properties":{"id":"FQETWwqB2VJ","name":"Eria HC III","type":"Point"}},{"type":"Feature","geometry":{"type":"Point","coordinates":[33.22134,0.52318]},"properties":{"id":"FqJORz2AePH","name":"Lwanda HC II","type":"Point"}},{"type":"Feature","geometry":{"type":"Point","coordinates":[33.53418,0.61034]},"properties":{"id":"fqWdsy0CuFR","name":"Busowobi HC III","type":"Point"}},{"type":"Feature","geometry":{"type":"Point","coordinates":[32.32001,0.49716]},"properties":{"id":"FqWVV6B3ZmB","name":"Kyengeza HC II","type":"Point"}},{"type":"Feature","geometry":{"type":"Point","coordinates":[30.06674,0.34957]},"properties":{"id":"fr6GkKfY2W7","name":"Bikone HC II","type":"Point"}},{"type":"Feature","geometry":{"type":"Point","coordinates":[31.07983,0.35827]},"properties":{"id":"frm9FSY7Syf","name":"Bujubuli HC III","type":"Point"}},{"type":"Feature","geometry":{"type":"Point","coordinates":[34.348789,0.987846]},"properties":{"id":"FROrc88gFyZ","name":"Bukimanayi HC III","type":"Point"}},{"type":"Feature","geometry":{"type":"Point","coordinates":[32.8303,0.94618]},"properties":{"id":"FrtjTEDytpS","name":"Kakiika HC II","type":"Point"}},{"type":"Feature","geometry":{"type":"Point","coordinates":[31.16811,-0.46003]},"properties":{"id":"frzmtbcCea1","name":"Kabetemere HC II","type":"Point"}},{"type":"Feature","geometry":{"type":"Point","coordinates":[31.08006,0.775805]},"properties":{"id":"FS1iFJzUmTm","name":"St. Luke Bujuni (Kibaale) HC III","type":"Point"}},{"type":"Feature","geometry":{"type":"Point","coordinates":[30.42935,-0.70813]},"properties":{"id":"Fs69np4z1eH","name":"Rwentsinga HC II","type":"Point"}},{"type":"Feature","geometry":{"type":"Point","coordinates":[30.27021,1.04552]},"properties":{"id":"fsf02ePFxZP","name":"Rwebisengo Maternal Child Center (Rmcc) HC II","type":"Point"}},{"type":"Feature","geometry":{"type":"Point","coordinates":[33.77484,1.00905]},"properties":{"id":"fskZDKnPGaA","name":"Tirinyi HC III","type":"Point"}},{"type":"Feature","geometry":{"type":"Point","coordinates":[34.3204,1.24473]},"properties":{"id":"fSqSx3rnDmx","name":"Mbaya HC III","type":"Point"}},{"type":"Feature","geometry":{"type":"Point","coordinates":[33.46768,0.85265]},"properties":{"id":"FSVMTORF0Dn","name":"Kasambika HC III","type":"Point"}},{"type":"Feature","geometry":{"type":"Point","coordinates":[32.06173,0.28847]},"properties":{"id":"fT2e8nED9PT","name":"Kitongo HC III","type":"Point"}},{"type":"Feature","geometry":{"type":"Point","coordinates":[31.05759,1.23061]},"properties":{"id":"ftLh2qoAXsJ","name":"Kisaaru Tea HC II","type":"Point"}},{"type":"Feature","geometry":{"type":"Point","coordinates":[33.34886,2.40098]},"properties":{"id":"FtmVm4r1H3a","name":"Orum HC IV","type":"Point"}},{"type":"Feature","geometry":{"type":"Point","coordinates":[30.14467,0.8005]},"properties":{"id":"FtUWKxVeXby","name":"Ntandi HC III","type":"Point"}},{"type":"Feature","geometry":{"type":"Point","coordinates":[30.136301,-1.331128]},"properties":{"id":"FTWikDLuEug","name":"Kavu HC II","type":"Point"}},{"type":"Feature","geometry":{"type":"Point","coordinates":[33.470442,0.614898]},"properties":{"id":"FTzrUpybpQS","name":"Walugogo HC II","type":"Point"}},{"type":"Feature","geometry":{"type":"Point","coordinates":[32.04351,0.40259]},"properties":{"id":"FU2kBudFOKd","name":"Mityana UMSC Clinic HC III","type":"Point"}},{"type":"Feature","geometry":{"type":"Point","coordinates":[31.66538,-0.459632]},"properties":{"id":"FuOuXP2WFU8","name":"Lwankoni HC III","type":"Point"}},{"type":"Feature","geometry":{"type":"Point","coordinates":[29.84695,-1.02401]},"properties":{"id":"fUPJVU6p7Ur","name":"Mafuga HC II","type":"Point"}},{"type":"Feature","geometry":{"type":"Point","coordinates":[33.21691,1.52961]},"properties":{"id":"FuXspRGeawu","name":"Kadungulu HC III","type":"Point"}},{"type":"Feature","geometry":{"type":"Point","coordinates":[33.65742,1.83542]},"properties":{"id":"fV3WgwSenHR","name":"Arabaka HC II","type":"Point"}},{"type":"Feature","geometry":{"type":"Point","coordinates":[30.60308,-0.6802]},"properties":{"id":"fvak0fciiOr","name":"Nyakayojo HC III","type":"Point"}},{"type":"Feature","geometry":{"type":"Point","coordinates":[33.47525,2.74138]},"properties":{"id":"FvewOonC8lS","name":"Adilang HC III","type":"Point"}},{"type":"Feature","geometry":{"type":"Point","coordinates":[32.23141,0.18593]},"properties":{"id":"fvyS0teVZIt","name":"St. Michael Kanyike HC III","type":"Point"}},{"type":"Feature","geometry":{"type":"Point","coordinates":[32.3254,2.82892]},"properties":{"id":"FvZUwmuSrzB","name":"Lapeta HC II","type":"Point"}},{"type":"Feature","geometry":{"type":"Point","coordinates":[32.36438,2.62985]},"properties":{"id":"Fw6WydOY9UR","name":"Lujorongole HC II","type":"Point"}},{"type":"Feature","geometry":{"type":"Point","coordinates":[32.461742,1.309801]},"properties":{"id":"FWFO4gWgFSk","name":"Our Lady Nakasongola HC III","type":"Point"}},{"type":"Feature","geometry":{"type":"Point","coordinates":[32.03474,0.46031]},"properties":{"id":"fwW1j91eebt","name":"Kakonde Tea Estate HC II","type":"Point"}},{"type":"Feature","geometry":{"type":"Point","coordinates":[30.02881,-1.10612]},"properties":{"id":"fwXHhVfG1tX","name":"Kihanga HC III","type":"Point"}},{"type":"Feature","geometry":{"type":"Point","coordinates":[31.09169,-0.97208]},"properties":{"id":"fx262rh7ner","name":"Nyamarungi HC II","type":"Point"}},{"type":"Feature","geometry":{"type":"Point","coordinates":[31.93317,2.48954]},"properties":{"id":"Fx43OzTkOmx","name":"Todora HC II","type":"Point"}},{"type":"Feature","geometry":{"type":"Point","coordinates":[31.32455,2.55622]},"properties":{"id":"FxbMnY6pZMs","name":"Fualwonga HC II","type":"Point"}},{"type":"Feature","geometry":{"type":"Point","coordinates":[33.47681,2.17372]},"properties":{"id":"FxdgLy07xN4","name":"Morungatuny HC III","type":"Point"}},{"type":"Feature","geometry":{"type":"Point","coordinates":[33.029033,1.844153]},"properties":{"id":"fxZxvguCeIw","name":"Kwera HC III","type":"Point"}},{"type":"Feature","geometry":{"type":"Point","coordinates":[30.92861,2.72912]},"properties":{"id":"FYGQP2EBKuP","name":"Lazebu HC II","type":"Point"}},{"type":"Feature","geometry":{"type":"Point","coordinates":[31.70926,1.68822]},"properties":{"id":"fYKuOZQWyuf","name":"Masindi Kitara Med.  Centre HC IV","type":"Point"}},{"type":"Feature","geometry":{"type":"Point","coordinates":[31.7707,3.70081]},"properties":{"id":"FyN79so0muD","name":"Kweyo HC II","type":"Point"}},{"type":"Feature","geometry":{"type":"Point","coordinates":[31.70055,1.6342]},"properties":{"id":"Fz3BMMCZCpD","name":"Katasenywa HC II","type":"Point"}},{"type":"Feature","geometry":{"type":"Point","coordinates":[31.84063,2.53975]},"properties":{"id":"fZ4QbeGxt8t","name":"Purongo HC III","type":"Point"}},{"type":"Feature","geometry":{"type":"Point","coordinates":[31.04172,0.46214]},"properties":{"id":"Fz5Ar828O0m","name":"Wekomiire St. Thereza HC III","type":"Point"}},{"type":"Feature","geometry":{"type":"Point","coordinates":[32.64537,0.83166]},"properties":{"id":"fzBgyH6ixVC","name":"Holy Cross - Kikyusa HC III","type":"Point"}},{"type":"Feature","geometry":{"type":"Point","coordinates":[31.26857,0.66777]},"properties":{"id":"FzJwtdVcu4N","name":"Kakigando HC II","type":"Point"}},{"type":"Feature","geometry":{"type":"Point","coordinates":[32.57373,0.24034]},"properties":{"id":"FzK1K0WRsFW","name":"St. Magdalene HC II","type":"Point"}},{"type":"Feature","geometry":{"type":"Point","coordinates":[33.02784,0.51565]},"properties":{"id":"fznvuJ4HgYn","name":"Buikwe Kalagala HC II","type":"Point"}},{"type":"Feature","geometry":{"type":"Point","coordinates":[30.7333,-0.99582]},"properties":{"id":"FZuxWMTaJ2l","name":"Ruyanga HC II","type":"Point"}},{"type":"Feature","geometry":{"type":"Point","coordinates":[29.886885,-0.838623]},"properties":{"id":"g0ayW89a5au","name":"Nyakinengo HC II","type":"Point"}},{"type":"Feature","geometry":{"type":"Point","coordinates":[33.50511,2.4486]},"properties":{"id":"G0lOXzOa53Q","name":"Olilim HC III","type":"Point"}},{"type":"Feature","geometry":{"type":"Point","coordinates":[30.09435,-0.23437]},"properties":{"id":"G0wRWoyZAKY","name":"St. Charles HC II","type":"Point"}},{"type":"Feature","geometry":{"type":"Point","coordinates":[32.64192,0.83498]},"properties":{"id":"g12vlA9fhaK","name":"Kikyusa - Ninda HC II","type":"Point"}},{"type":"Feature","geometry":{"type":"Point","coordinates":[34.37977,1.21082]},"properties":{"id":"G2x4IQfoW0p","name":"Bumasobo HC III","type":"Point"}},{"type":"Feature","geometry":{"type":"Point","coordinates":[32.844539,1.737679]},"properties":{"id":"g4BgRyHMjZL","name":"Arwotcek HC II","type":"Point"}},{"type":"Feature","geometry":{"type":"Point","coordinates":[34.29106,1.33071]},"properties":{"id":"G4DUWj0Q8hp","name":"Muyembe HC IV","type":"Point"}},{"type":"Feature","geometry":{"type":"Point","coordinates":[34.05533,1.16467]},"properties":{"id":"g4eDmlzUtWL","name":"Kakoro SDA Dispensary HC II","type":"Point"}},{"type":"Feature","geometry":{"type":"Point","coordinates":[30.52505,-0.23016]},"properties":{"id":"G4f4AEuBQk9","name":"Mushasha HC III","type":"Point"}},{"type":"Feature","geometry":{"type":"Point","coordinates":[31.2229,2.43394]},"properties":{"id":"g4MQbbN4oR6","name":"Nyaravur HC III","type":"Point"}},{"type":"Feature","geometry":{"type":"Point","coordinates":[34.01782,1.04147]},"properties":{"id":"G4PdJuhXqOz","name":"Naboa HC III","type":"Point"}},{"type":"Feature","geometry":{"type":"Point","coordinates":[33.18522,0.10486]},"properties":{"id":"G6GmMEAZA9r","name":"Bweema HC II","type":"Point"}},{"type":"Feature","geometry":{"type":"Point","coordinates":[32.46066,0.29427]},"properties":{"id":"g6j8Vjpr0xY","name":"Nakitokolo- Nsangi HC II","type":"Point"}},{"type":"Feature","geometry":{"type":"Point","coordinates":[32.65802,0.58748]},"properties":{"id":"g6NMXxI7rKY","name":"Jek Com HC II","type":"Point"}},{"type":"Feature","geometry":{"type":"Point","coordinates":[32.89112,3.30583]},"properties":{"id":"g6xaEQ1fTQS","name":"St. Joseph's Hospital","type":"Point"}},{"type":"Feature","geometry":{"type":"Point","coordinates":[31.874558,1.789215]},"properties":{"id":"g8JZTLexaAr","name":"Kyatiri HC III","type":"Point"}},{"type":"Feature","geometry":{"type":"Point","coordinates":[34.51634,1.91842]},"properties":{"id":"g9LPz3Afmwf","name":"Natirae HC II","type":"Point"}},{"type":"Feature","geometry":{"type":"Point","coordinates":[29.929136,-0.742939]},"properties":{"id":"ga2aaZ8nwgT","name":"Karangaro HC II","type":"Point"}},{"type":"Feature","geometry":{"type":"Point","coordinates":[33.12743,0.59694]},"properties":{"id":"ga9sLsbCiMo","name":"Butagaya HC III","type":"Point"}},{"type":"Feature","geometry":{"type":"Point","coordinates":[32.03672,0.51177]},"properties":{"id":"GAp2zlJ35sn","name":"St. Noah Buyambi HC III","type":"Point"}},{"type":"Feature","geometry":{"type":"Point","coordinates":[29.84193,-0.64328]},"properties":{"id":"gbBl9ETEePr","name":"Bikurungu HC III","type":"Point"}},{"type":"Feature","geometry":{"type":"Point","coordinates":[30.63124,-0.61297]},"properties":{"id":"gBG1N1o51QR","name":"Ruharo Mission Hospital","type":"Point"}},{"type":"Feature","geometry":{"type":"Point","coordinates":[31.220406,2.246568]},"properties":{"id":"gBiYU9OJgsv","name":"Akworo HC III","type":"Point"}},{"type":"Feature","geometry":{"type":"Point","coordinates":[31.2028,1.44251]},"properties":{"id":"Gbjmyvee9zh","name":"Bugambe Tea HC III","type":"Point"}},{"type":"Feature","geometry":{"type":"Point","coordinates":[31.67238,-0.19553]},"properties":{"id":"gBVBGJ2p9b3","name":"Butenga HC IV","type":"Point"}},{"type":"Feature","geometry":{"type":"Point","coordinates":[31.34459,-0.86932]},"properties":{"id":"GbWR7VCRA6Y","name":"Kibanda HC III","type":"Point"}},{"type":"Feature","geometry":{"type":"Point","coordinates":[34.70966,1.46036]},"properties":{"id":"gcApTQ5WMyb","name":"Kiriki HC III","type":"Point"}},{"type":"Feature","geometry":{"type":"Point","coordinates":[32.366431,0.509197]},"properties":{"id":"gCobOTnUj2H","name":"Kiziba HC III","type":"Point"}},{"type":"Feature","geometry":{"type":"Point","coordinates":[32.58798,2.200067]},"properties":{"id":"Gd14FqDADcG","name":"Teboke HC II","type":"Point"}},{"type":"Feature","geometry":{"type":"Point","coordinates":[32.53358,1.98739]},"properties":{"id":"GDdTRPppi6T","name":"Apac Medical Centre Clinic HC II","type":"Point"}},{"type":"Feature","geometry":{"type":"Point","coordinates":[32.31611,2.78737]},"properties":{"id":"GDyo7zIJZ29","name":"Gulu University HC II","type":"Point"}},{"type":"Feature","geometry":{"type":"Point","coordinates":[34.484801,2.528243]},"properties":{"id":"ge5EIwMfYJP","name":"Ngoleriet HC II","type":"Point"}},{"type":"Feature","geometry":{"type":"Point","coordinates":[33.05513,2.80738]},"properties":{"id":"gEJIdy608EI","name":"Lamiyo HC II","type":"Point"}},{"type":"Feature","geometry":{"type":"Point","coordinates":[33.055166,3.328727]},"properties":{"id":"GFklTLJ61aK","name":"Obyen HC II","type":"Point"}},{"type":"Feature","geometry":{"type":"Point","coordinates":[29.85605,-1.07039]},"properties":{"id":"GFVQCVpczFQ","name":"Mushanje HC II","type":"Point"}},{"type":"Feature","geometry":{"type":"Point","coordinates":[31.3551,-0.26076]},"properties":{"id":"GGccoyznKwM","name":"Lwebitakuli Ngo HC III","type":"Point"}},{"type":"Feature","geometry":{"type":"Point","coordinates":[34.11582,2.0253]},"properties":{"id":"gHgAmLu49BZ","name":"Olilim HC II","type":"Point"}},{"type":"Feature","geometry":{"type":"Point","coordinates":[32.99813,1.98568]},"properties":{"id":"GhPOJYsK5di","name":"Amuda HC II","type":"Point"}},{"type":"Feature","geometry":{"type":"Point","coordinates":[30.64827,-0.58799]},"properties":{"id":"ghR1GP2ZZAO","name":"Kakiika Prisons HC II","type":"Point"}},{"type":"Feature","geometry":{"type":"Point","coordinates":[31.9273,2.78039]},"properties":{"id":"GHuhd5Ob0aS","name":"Panokrach HC II","type":"Point"}},{"type":"Feature","geometry":{"type":"Point","coordinates":[33.48407,3.55495]},"properties":{"id":"GHx4dLfIox3","name":"Akilok HC II","type":"Point"}},{"type":"Feature","geometry":{"type":"Point","coordinates":[33.93387,1.48837]},"properties":{"id":"GhxBlhZQKq6","name":"Kumi Police HC II","type":"Point"}},{"type":"Feature","geometry":{"type":"Point","coordinates":[33.42439,0.48403]},"properties":{"id":"gid2cWEy2rv","name":"Bufulubi Prison HC II","type":"Point"}},{"type":"Feature","geometry":{"type":"Point","coordinates":[32.89112,0.3633]},"properties":{"id":"GiEDg9V9JjR","name":"Kasaku HC II","type":"Point"}},{"type":"Feature","geometry":{"type":"Point","coordinates":[31.90162,0.51363]},"properties":{"id":"GIh6CqfNzgM","name":"Mubende Kasaana HC II","type":"Point"}},{"type":"Feature","geometry":{"type":"Point","coordinates":[29.66932,-0.90071]},"properties":{"id":"gImMO76KTqd","name":"Karangara NGO HC II","type":"Point"}},{"type":"Feature","geometry":{"type":"Point","coordinates":[32.51697,0.06893]},"properties":{"id":"gj5hXGqziSc","name":"St. Luke Nkumba HC II","type":"Point"}},{"type":"Feature","geometry":{"type":"Point","coordinates":[31.15287,-0.39364]},"properties":{"id":"Gje6ykVPZKQ","name":"Lyantonde Hospital","type":"Point"}},{"type":"Feature","geometry":{"type":"Point","coordinates":[31.49097,0.93761]},"properties":{"id":"GjiT4Fcwj6P","name":"Kiyuni HC III","type":"Point"}},{"type":"Feature","geometry":{"type":"Point","coordinates":[31.71343,3.65718]},"properties":{"id":"gJJhhRiJvSi","name":"Logoba HC III","type":"Point"}},{"type":"Feature","geometry":{"type":"Point","coordinates":[32.609979,0.36688]},"properties":{"id":"gjNtZX8nfuM","name":"Family Health Clinic (Kibuye II) HC II","type":"Point"}},{"type":"Feature","geometry":{"type":"Point","coordinates":[32.6384,1.50636]},"properties":{"id":"gK0K0TF0Nci","name":"Biko HC II","type":"Point"}},{"type":"Feature","geometry":{"type":"Point","coordinates":[32.84578,0.51842]},"properties":{"id":"gK0T4N1aFZu","name":"Kimenyedde HC II","type":"Point"}},{"type":"Feature","geometry":{"type":"Point","coordinates":[31.80355,-0.49771]},"properties":{"id":"gKeRWBLDoxK","name":"Buyaga (Lake Katwe) HC II","type":"Point"}},{"type":"Feature","geometry":{"type":"Point","coordinates":[33.26745,0.7197]},"properties":{"id":"GKKKgh0tu8d","name":"Kibinga HC II","type":"Point"}},{"type":"Feature","geometry":{"type":"Point","coordinates":[31.02975,2.63948]},"properties":{"id":"gkUm0zE8vDx","name":"Offaka HC III","type":"Point"}},{"type":"Feature","geometry":{"type":"Point","coordinates":[30.20215,0.7132]},"properties":{"id":"GlGBqdv4DH9","name":"Kicwamba HC III","type":"Point"}},{"type":"Feature","geometry":{"type":"Point","coordinates":[30.27206,0.64925]},"properties":{"id":"gLhqifDs7hU","name":"Kabarole COU Hospital","type":"Point"}},{"type":"Feature","geometry":{"type":"Point","coordinates":[30.07106,-0.67284]},"properties":{"id":"glMMXpdO8uT","name":"Kyeibare HC II","type":"Point"}},{"type":"Feature","geometry":{"type":"Point","coordinates":[33.7942,1.47739]},"properties":{"id":"GLPEmICaqyp","name":"Ngora District Maternity Unit HC III","type":"Point"}},{"type":"Feature","geometry":{"type":"Point","coordinates":[31.76381,-0.40831]},"properties":{"id":"GlyS73YI733","name":"Bukoto HC III","type":"Point"}},{"type":"Feature","geometry":{"type":"Point","coordinates":[31.80375,3.41156]},"properties":{"id":"GLzzJWQkpk1","name":"Uderu HC II","type":"Point"}},{"type":"Feature","geometry":{"type":"Point","coordinates":[34.05497,0.62696]},"properties":{"id":"GmcwI86bnbe","name":"Poyameri HC III","type":"Point"}},{"type":"Feature","geometry":{"type":"Point","coordinates":[31.76011,0.12171]},"properties":{"id":"gMSnZfci97x","name":"Kifampa HC III","type":"Point"}},{"type":"Feature","geometry":{"type":"Point","coordinates":[31.33416,1.80907]},"properties":{"id":"GnAcwCmEkxS","name":"Butiaba HC III","type":"Point"}},{"type":"Feature","geometry":{"type":"Point","coordinates":[30.46311,0.10217]},"properties":{"id":"gnahoaxeI4D","name":"Nyabuhikye Prison HC II","type":"Point"}},{"type":"Feature","geometry":{"type":"Point","coordinates":[33.25298,0.84609]},"properties":{"id":"gNdlN0CmZX2","name":"Bulopa HC III","type":"Point"}},{"type":"Feature","geometry":{"type":"Point","coordinates":[31.714774,1.686675]},"properties":{"id":"GndRfUWcoQL","name":"TASO Masindi Special Clinic","type":"Point"}},{"type":"Feature","geometry":{"type":"Point","coordinates":[30.8175,-0.79366]},"properties":{"id":"GNLVWgvHuUz","name":"Nowamaani HC II","type":"Point"}},{"type":"Feature","geometry":{"type":"Point","coordinates":[30.842368,-0.205336]},"properties":{"id":"GnVqZO2asFJ","name":"Kiruhura HC IV","type":"Point"}},{"type":"Feature","geometry":{"type":"Point","coordinates":[32.85343,2.72885]},"properties":{"id":"go1XRnoCBUU","name":"Lagile HC II","type":"Point"}},{"type":"Feature","geometry":{"type":"Point","coordinates":[30.09756,-0.68709]},"properties":{"id":"go8iYQcmIAE","name":"Mutara HC III","type":"Point"}},{"type":"Feature","geometry":{"type":"Point","coordinates":[32.454528,1.526804]},"properties":{"id":"Go8kkrvfDwB","name":"Kisaalizi HC II","type":"Point"}},{"type":"Feature","geometry":{"type":"Point","coordinates":[33.95212,1.68467]},"properties":{"id":"go8pa2yrjbk","name":"Akurao HC II","type":"Point"}},{"type":"Feature","geometry":{"type":"Point","coordinates":[29.842946,-1.163756]},"properties":{"id":"gOFecbOs5XI","name":"Muko Ngo HC III","type":"Point"}},{"type":"Feature","geometry":{"type":"Point","coordinates":[30.954979,3.008899]},"properties":{"id":"gohwVnGiMuE","name":"Odupi HC III","type":"Point"}},{"type":"Feature","geometry":{"type":"Point","coordinates":[29.61419,-1.13036]},"properties":{"id":"GoIPHYEhRQa","name":"Gisozi HC II","type":"Point"}},{"type":"Feature","geometry":{"type":"Point","coordinates":[33.19071,0.45264]},"properties":{"id":"gOPqoaeHJKA","name":"Kimaka HC II","type":"Point"}},{"type":"Feature","geometry":{"type":"Point","coordinates":[34.32841,1.17342]},"properties":{"id":"GP5jEcoIS6B","name":"Budadiri Ngo HC II","type":"Point"}},{"type":"Feature","geometry":{"type":"Point","coordinates":[33.6749,0.98683]},"properties":{"id":"Gp8V160flfb","name":"Lwatama HC II","type":"Point"}},{"type":"Feature","geometry":{"type":"Point","coordinates":[34.22461,1.1611]},"properties":{"id":"GpKYBJWFJJ6","name":"Buwalasi HC III","type":"Point"}},{"type":"Feature","geometry":{"type":"Point","coordinates":[32.71531,0.50443]},"properties":{"id":"gQ7xBJtwsF3","name":"Kyampisi HC III","type":"Point"}},{"type":"Feature","geometry":{"type":"Point","coordinates":[32.50057,0.09262]},"properties":{"id":"gqBr1S7L6yG","name":"Abaita Medical Centre Clinic","type":"Point"}},{"type":"Feature","geometry":{"type":"Point","coordinates":[33.9337,1.71359]},"properties":{"id":"gQIMeHy1J7q","name":"Kokorio HC II","type":"Point"}},{"type":"Feature","geometry":{"type":"Point","coordinates":[30.80046,1.2123]},"properties":{"id":"gQKXvT7RNVU","name":"Kyangwali HC IV","type":"Point"}},{"type":"Feature","geometry":{"type":"Point","coordinates":[33.7089,1.80849]},"properties":{"id":"gqpItvve2Rk","name":"Awaliwal HC II","type":"Point"}},{"type":"Feature","geometry":{"type":"Point","coordinates":[32.20856,0.22903]},"properties":{"id":"gr1CRYxuJmr","name":"Kibibi Nursing Home HC III","type":"Point"}},{"type":"Feature","geometry":{"type":"Point","coordinates":[31.1474,2.65821]},"properties":{"id":"gR6hAZ1p9oi","name":"Okollo HC III","type":"Point"}},{"type":"Feature","geometry":{"type":"Point","coordinates":[33.37255,1.21848]},"properties":{"id":"GRE9Qa05dRS","name":"Irundu HC III","type":"Point"}},{"type":"Feature","geometry":{"type":"Point","coordinates":[31.65506,-0.46252]},"properties":{"id":"GREWqcdtoVn","name":"Kabuwoko Govt HC III","type":"Point"}},{"type":"Feature","geometry":{"type":"Point","coordinates":[33.29464,1.72612]},"properties":{"id":"GRkqVpmzBgf","name":"Bululu HC III","type":"Point"}},{"type":"Feature","geometry":{"type":"Point","coordinates":[33.61365,1.73356]},"properties":{"id":"grL9e4xnmOo","name":"Soroti Islamic HC III","type":"Point"}},{"type":"Feature","geometry":{"type":"Point","coordinates":[30.26521,0.39638]},"properties":{"id":"GRmNMvXH6gl","name":"Kakinga HC III","type":"Point"}},{"type":"Feature","geometry":{"type":"Point","coordinates":[31.251237,3.482512]},"properties":{"id":"Gs4nX12jUeA","name":"Yumbe HC IV","type":"Point"}},{"type":"Feature","geometry":{"type":"Point","coordinates":[29.89491,-1.19631]},"properties":{"id":"Gs7eHzXTWS8","name":"Kibuzigye HC II","type":"Point"}},{"type":"Feature","geometry":{"type":"Point","coordinates":[32.07821,1.69823]},"properties":{"id":"gsPk5OMnK2f","name":"Karuma HC II","type":"Point"}},{"type":"Feature","geometry":{"type":"Point","coordinates":[31.34459,-0.86932]},"properties":{"id":"gSTxOSwvRES","name":"Katatenga HC II","type":"Point"}},{"type":"Feature","geometry":{"type":"Point","coordinates":[31.063338,3.431915]},"properties":{"id":"gSxv8y8vQ4H","name":"Gborokolongo HC III","type":"Point"}},{"type":"Feature","geometry":{"type":"Point","coordinates":[34.35324,1.26182]},"properties":{"id":"GT8CbxGtA7o","name":"Bumwambu HC III","type":"Point"}},{"type":"Feature","geometry":{"type":"Point","coordinates":[31.90451,0.0707]},"properties":{"id":"gt954ahlttH","name":"Kidawalime Nursing Home HC II","type":"Point"}},{"type":"Feature","geometry":{"type":"Point","coordinates":[29.68246,-1.12573]},"properties":{"id":"GTtwaqeomFa","name":"Rubuguri HC IV","type":"Point"}},{"type":"Feature","geometry":{"type":"Point","coordinates":[32.45317,3.02104]},"properties":{"id":"gtVTKwveKEE","name":"Paibona HC II","type":"Point"}},{"type":"Feature","geometry":{"type":"Point","coordinates":[33.52639,0.39097]},"properties":{"id":"GTYUYJ2Ueyu","name":"Kaluba HC II","type":"Point"}},{"type":"Feature","geometry":{"type":"Point","coordinates":[31.30888,1.61492]},"properties":{"id":"GUAwRRqngNN","name":"Kigorobya HC IV","type":"Point"}},{"type":"Feature","geometry":{"type":"Point","coordinates":[31.58625,-0.0437]},"properties":{"id":"GUlztXJ4MRg","name":"Makukuulu HC III","type":"Point"}},{"type":"Feature","geometry":{"type":"Point","coordinates":[31.59499,1.46793]},"properties":{"id":"GvcN9hPkvLZ","name":"Isimba Prison HC II","type":"Point"}},{"type":"Feature","geometry":{"type":"Point","coordinates":[30.82193,-0.52472]},"properties":{"id":"GVN2Bcibhmd","name":"Kanyaryeru (Lake Mburo) HC III","type":"Point"}},{"type":"Feature","geometry":{"type":"Point","coordinates":[34.936195,1.944409]},"properties":{"id":"gVSFfQXW1J2","name":"Amudat Hospital","type":"Point"}},{"type":"Feature","geometry":{"type":"Point","coordinates":[31.61663,-0.45134]},"properties":{"id":"GvvFepkwmtZ","name":"Lwamba HC II","type":"Point"}},{"type":"Feature","geometry":{"type":"Point","coordinates":[33.02558,1.11455]},"properties":{"id":"gvwH5yT6NrE","name":"Kagumba HC IV","type":"Point"}},{"type":"Feature","geometry":{"type":"Point","coordinates":[33.41484,3.2746]},"properties":{"id":"gvwYnobdOdM","name":"Layita HC II","type":"Point"}},{"type":"Feature","geometry":{"type":"Point","coordinates":[30.34864,-0.60064]},"properties":{"id":"GWo2EYdfllc","name":"Kyabandara HC II","type":"Point"}},{"type":"Feature","geometry":{"type":"Point","coordinates":[32.460839,0.061808]},"properties":{"id":"GXm2FPnZqfB","name":"Kitooro HC III","type":"Point"}},{"type":"Feature","geometry":{"type":"Point","coordinates":[32.22602,0.23361]},"properties":{"id":"gxpqLAdym0H","name":"Savio Medical Centre HC II","type":"Point"}},{"type":"Feature","geometry":{"type":"Point","coordinates":[32.1624,0.00158]},"properties":{"id":"gxT5NVatL14","name":"Buyiga HC III","type":"Point"}},{"type":"Feature","geometry":{"type":"Point","coordinates":[29.979858,-0.839972]},"properties":{"id":"GXtx1hGsYjf","name":"Rwakirungura HC II","type":"Point"}},{"type":"Feature","geometry":{"type":"Point","coordinates":[33.63855,0.4022]},"properties":{"id":"gXxNhBepMX1","name":"Bugulu HC II","type":"Point"}},{"type":"Feature","geometry":{"type":"Point","coordinates":[31.34723,3.1321]},"properties":{"id":"GydLR8lY7Qw","name":"Oduobu HC III","type":"Point"}},{"type":"Feature","geometry":{"type":"Point","coordinates":[33.73288,2.18516]},"properties":{"id":"GynTVP1Cc2t","name":"St. Francis Acumet HC III","type":"Point"}},{"type":"Feature","geometry":{"type":"Point","coordinates":[33.13221,3.39078]},"properties":{"id":"GYYFVZOZ3gz","name":"Lagot HC II","type":"Point"}},{"type":"Feature","geometry":{"type":"Point","coordinates":[32.38087,2.44599]},"properties":{"id":"gZ3NMTYLEMJ","name":"Minakulu HC III","type":"Point"}},{"type":"Feature","geometry":{"type":"Point","coordinates":[32.751489,0.50935]},"properties":{"id":"gzc6k1eNVER","name":"Muzadde Maternity Home HC II","type":"Point"}},{"type":"Feature","geometry":{"type":"Point","coordinates":[32.3535,3.05042]},"properties":{"id":"Gzcd4Zsd8iB","name":"Lugore HC II","type":"Point"}},{"type":"Feature","geometry":{"type":"Point","coordinates":[29.903637,-1.129296]},"properties":{"id":"GzCsU3tbMbg","name":"Hamurwa HC IV","type":"Point"}},{"type":"Feature","geometry":{"type":"Point","coordinates":[33.20884,2.69511]},"properties":{"id":"GzIVh9blxSN","name":"Omot HC II","type":"Point"}},{"type":"Feature","geometry":{"type":"Point","coordinates":[32.827148,3.475195]},"properties":{"id":"H026HbOAZFN","name":"Padibe HC IV","type":"Point"}},{"type":"Feature","geometry":{"type":"Point","coordinates":[34.196721,1.174426]},"properties":{"id":"H0c7BcEQEG6","name":"Nampanga HC II","type":"Point"}},{"type":"Feature","geometry":{"type":"Point","coordinates":[34.17378,0.84054]},"properties":{"id":"H0j9ehK06DJ","name":"Molo HC III","type":"Point"}},{"type":"Feature","geometry":{"type":"Point","coordinates":[33.42654,2.7527]},"properties":{"id":"h0zUXZyCyJL","name":"Ligiligi HC II","type":"Point"}},{"type":"Feature","geometry":{"type":"Point","coordinates":[33.86294,1.10581]},"properties":{"id":"h10KjYB2xDh","name":"Kagumu HC III","type":"Point"}},{"type":"Feature","geometry":{"type":"Point","coordinates":[30.038526,-1.257908]},"properties":{"id":"h1zyHmreMpM","name":"Kigata HC II","type":"Point"}},{"type":"Feature","geometry":{"type":"Point","coordinates":[34.195576,0.874773]},"properties":{"id":"H21894K9xDD","name":"Namawanga HC III","type":"Point"}},{"type":"Feature","geometry":{"type":"Point","coordinates":[30.64538,-0.28566]},"properties":{"id":"h2IH7DjeJ21","name":"Kashongi HC III","type":"Point"}},{"type":"Feature","geometry":{"type":"Point","coordinates":[32.466485,1.324991]},"properties":{"id":"h2oF7upS6k9","name":"Nakasongola HC IV","type":"Point"}},{"type":"Feature","geometry":{"type":"Point","coordinates":[30.37368,-0.576753]},"properties":{"id":"H3LpQ7tdT1P","name":"Kabwohe Clinical Research Centre HC II","type":"Point"}},{"type":"Feature","geometry":{"type":"Point","coordinates":[31.03641,3.02219]},"properties":{"id":"h3Vg6HpRGmB","name":"Riki HC III","type":"Point"}},{"type":"Feature","geometry":{"type":"Point","coordinates":[32.42422,2.49067]},"properties":{"id":"H3WUcWzPtWb","name":"Tekulu HC II","type":"Point"}},{"type":"Feature","geometry":{"type":"Point","coordinates":[30.04199,-1.02566]},"properties":{"id":"H3x1hRwGwLM","name":"Bunono HC II","type":"Point"}},{"type":"Feature","geometry":{"type":"Point","coordinates":[32.60657,0.32898]},"properties":{"id":"h40pKp93Mtc","name":"China Uganda Friendship (Naguru) Regional Referral Hospital","type":"Point"}},{"type":"Feature","geometry":{"type":"Point","coordinates":[31.70808,1.17546]},"properties":{"id":"H461gSsRGrd","name":"St. Balikudembe HC III","type":"Point"}},{"type":"Feature","geometry":{"type":"Point","coordinates":[30.949542,2.463655]},"properties":{"id":"H5hAGwZHpUb","name":"Nyapea Hospital","type":"Point"}},{"type":"Feature","geometry":{"type":"Point","coordinates":[31.06525,2.759]},"properties":{"id":"H5qRrAmreYp","name":"St. Luke Katiyi HC III","type":"Point"}},{"type":"Feature","geometry":{"type":"Point","coordinates":[30.13799,-0.54429]},"properties":{"id":"H61tgLIphOZ","name":"Ishaka Adventist Hospital","type":"Point"}},{"type":"Feature","geometry":{"type":"Point","coordinates":[33.19586,0.59475]},"properties":{"id":"h67U9AijmDA","name":"Jinja All Saints Kagoma HC III","type":"Point"}},{"type":"Feature","geometry":{"type":"Point","coordinates":[32.37489,0.29107]},"properties":{"id":"H6IBEU3xYxV","name":"Kiringente Epi Centre HC II","type":"Point"}},{"type":"Feature","geometry":{"type":"Point","coordinates":[33.95675,3.10615]},"properties":{"id":"h6mBc3T03Ze","name":"Lokiding HC II","type":"Point"}},{"type":"Feature","geometry":{"type":"Point","coordinates":[30.85507,-0.72834]},"properties":{"id":"H6QpykIydPx","name":"Kyarugaju HC II","type":"Point"}},{"type":"Feature","geometry":{"type":"Point","coordinates":[34.2927,0.98784]},"properties":{"id":"H713vHjaFbd","name":"Bukibokolo HC III","type":"Point"}},{"type":"Feature","geometry":{"type":"Point","coordinates":[32.96749,1.9091]},"properties":{"id":"H7mo6x8x8yS","name":"Kachung HC II","type":"Point"}},{"type":"Feature","geometry":{"type":"Point","coordinates":[30.83332,3.04145]},"properties":{"id":"H7pcxkjHX8T","name":"Adumi HC IV","type":"Point"}},{"type":"Feature","geometry":{"type":"Point","coordinates":[31.28694,-0.86917]},"properties":{"id":"h7tdk6J0nEk","name":"Lukerere HC II","type":"Point"}},{"type":"Feature","geometry":{"type":"Point","coordinates":[30.97626,3.17313]},"properties":{"id":"h8cD5a0viO8","name":"Itia HC II","type":"Point"}},{"type":"Feature","geometry":{"type":"Point","coordinates":[31.2269,3.61036]},"properties":{"id":"H8IwuI5HbgB","name":"Midigo HC IV","type":"Point"}},{"type":"Feature","geometry":{"type":"Point","coordinates":[30.75573,0.34041]},"properties":{"id":"H94XD2JNeOp","name":"Ntonwa HC II","type":"Point"}},{"type":"Feature","geometry":{"type":"Point","coordinates":[34.38993,1.15925]},"properties":{"id":"h9EhsXtR7wl","name":"Bugitimwa Govt HC III","type":"Point"}},{"type":"Feature","geometry":{"type":"Point","coordinates":[32.83888,2.14899]},"properties":{"id":"h9Jydxolx2q","name":"Akalo HC III","type":"Point"}},{"type":"Feature","geometry":{"type":"Point","coordinates":[30.123033,-1.120478]},"properties":{"id":"H9Kdh2eKGyz","name":"Kayonza (Ntungamo) HC III","type":"Point"}},{"type":"Feature","geometry":{"type":"Point","coordinates":[30.89017,2.59777]},"properties":{"id":"H9PD4tw7GUE","name":"Warr HC IV","type":"Point"}},{"type":"Feature","geometry":{"type":"Point","coordinates":[33.390054,0.833762]},"properties":{"id":"hA4k0l8StRh","name":"Nawandala HC III","type":"Point"}},{"type":"Feature","geometry":{"type":"Point","coordinates":[30.73407,-0.52566]},"properties":{"id":"hAdnePvF54E","name":"Biharwe (Nyabuhama) HC III","type":"Point"}},{"type":"Feature","geometry":{"type":"Point","coordinates":[30.65719,-0.74003]},"properties":{"id":"hADSlo3wp3v","name":"Kahenda HC II","type":"Point"}},{"type":"Feature","geometry":{"type":"Point","coordinates":[33.840166,0.788134]},"properties":{"id":"hAksWr823tY","name":"Bunawale HC II","type":"Point"}},{"type":"Feature","geometry":{"type":"Point","coordinates":[30.13624,-0.25984]},"properties":{"id":"hBCupqHozKG","name":"Butoha HC II","type":"Point"}},{"type":"Feature","geometry":{"type":"Point","coordinates":[31.28968,-0.74708]},"properties":{"id":"hBhHjc3o6Fa","name":"Kyalulangira HC III","type":"Point"}},{"type":"Feature","geometry":{"type":"Point","coordinates":[30.50341,0.13741]},"properties":{"id":"HbRR9Kem65L","name":"Kabambiro HC III","type":"Point"}},{"type":"Feature","geometry":{"type":"Point","coordinates":[32.1161,0.35253]},"properties":{"id":"HC1AHdI3KfQ","name":"Nakaziba HC II","type":"Point"}},{"type":"Feature","geometry":{"type":"Point","coordinates":[34.145994,0.964972]},"properties":{"id":"hC1gtogaFM0","name":"Lwangoli HC III","type":"Point"}},{"type":"Feature","geometry":{"type":"Point","coordinates":[31.394895,3.244319]},"properties":{"id":"hcm0msXFRQJ","name":"Ariwa HC III","type":"Point"}},{"type":"Feature","geometry":{"type":"Point","coordinates":[30.077756,0.178694]},"properties":{"id":"hd8ZVWcybiP","name":"Mubuku Clinic HC II","type":"Point"}},{"type":"Feature","geometry":{"type":"Point","coordinates":[30.58232,-0.32268]},"properties":{"id":"hDnpFJsWuCL","name":"Sheema Clinic","type":"Point"}},{"type":"Feature","geometry":{"type":"Point","coordinates":[32.87364,2.25697]},"properties":{"id":"hdrTrRDuwOU","name":"Ober HC III","type":"Point"}},{"type":"Feature","geometry":{"type":"Point","coordinates":[33.44203,0.57562]},"properties":{"id":"He15t1ovvvF","name":"St. Peter Claver HC II","type":"Point"}},{"type":"Feature","geometry":{"type":"Point","coordinates":[29.83808,-1.24669]},"properties":{"id":"HEnvHqA8JB6","name":"Ikamiro (Rubanda) HC II","type":"Point"}},{"type":"Feature","geometry":{"type":"Point","coordinates":[30.74742,0.79624]},"properties":{"id":"HEvqMCVc5qD","name":"St. Martins-Mabiira HC III","type":"Point"}},{"type":"Feature","geometry":{"type":"Point","coordinates":[33.909588,0.657131]},"properties":{"id":"HEyupbzUKTn","name":"Fungwe HC II","type":"Point"}},{"type":"Feature","geometry":{"type":"Point","coordinates":[32.763,0.19301]},"properties":{"id":"hFO29Yr6ysA","name":"Kabanga HC III","type":"Point"}},{"type":"Feature","geometry":{"type":"Point","coordinates":[30.4066,0.24392]},"properties":{"id":"hfQk7Z8ilcf","name":"Katembe HC II","type":"Point"}},{"type":"Feature","geometry":{"type":"Point","coordinates":[33.48094,0.60616]},"properties":{"id":"HfrkUP3pD0k","name":"Iganga Prisons HC II","type":"Point"}},{"type":"Feature","geometry":{"type":"Point","coordinates":[32.52505,0.70986]},"properties":{"id":"HFzaFCIVNMm","name":"Bulemezi Maternity HC II","type":"Point"}},{"type":"Feature","geometry":{"type":"Point","coordinates":[34.12182,3.36756]},"properties":{"id":"hGgRhRwqMq6","name":"Kopoth HC III","type":"Point"}},{"type":"Feature","geometry":{"type":"Point","coordinates":[32.54284,1.89273]},"properties":{"id":"hGkzDlFnBcB","name":"Olelpek HC III","type":"Point"}},{"type":"Feature","geometry":{"type":"Point","coordinates":[34.235611,0.704313]},"properties":{"id":"hGZQdzp6xLI","name":"Kayoro HC II","type":"Point"}},{"type":"Feature","geometry":{"type":"Point","coordinates":[31.074359,0.790241]},"properties":{"id":"hHaqQ2NBBOs","name":"Kibaale HC IV","type":"Point"}},{"type":"Feature","geometry":{"type":"Point","coordinates":[33.79357,1.12385]},"properties":{"id":"HHDvc2TzPnl","name":"Mpongi HC III","type":"Point"}},{"type":"Feature","geometry":{"type":"Point","coordinates":[31.53106,-0.13854]},"properties":{"id":"HHk9WUPh2xf","name":"Kasaalu HC II","type":"Point"}},{"type":"Feature","geometry":{"type":"Point","coordinates":[31.73692,-0.89456]},"properties":{"id":"hhlAmkWLbR2","name":"Gwanda HC II","type":"Point"}},{"type":"Feature","geometry":{"type":"Point","coordinates":[32.53501,0.27265]},"properties":{"id":"hhmgVHpv8Rf","name":"Mutundwe HC II","type":"Point"}},{"type":"Feature","geometry":{"type":"Point","coordinates":[31.71847,1.683801]},"properties":{"id":"HHpEQnsbRjL","name":"Ngomokwe Nursing Home HC III","type":"Point"}},{"type":"Feature","geometry":{"type":"Point","coordinates":[33.73483,1.1295]},"properties":{"id":"hHtw3xjbPaG","name":"Limoto HC II","type":"Point"}},{"type":"Feature","geometry":{"type":"Point","coordinates":[29.94589,-0.54014]},"properties":{"id":"HhUq7fj45cR","name":"Iraramira HC II","type":"Point"}},{"type":"Feature","geometry":{"type":"Point","coordinates":[34.06698,1.8535]},"properties":{"id":"HhXrRF3LWHT","name":"Bisina HC II","type":"Point"}},{"type":"Feature","geometry":{"type":"Point","coordinates":[32.69518,2.9678]},"properties":{"id":"hhz818sQTkO","name":"Lawiyeadul HC II","type":"Point"}},{"type":"Feature","geometry":{"type":"Point","coordinates":[33.28125,0.50564]},"properties":{"id":"HiCwzjSmUWO","name":"Kakira HC III","type":"Point"}},{"type":"Feature","geometry":{"type":"Point","coordinates":[30.59942,0.1607]},"properties":{"id":"HIpoOqCIQgV","name":"Rwenshambya HC II","type":"Point"}},{"type":"Feature","geometry":{"type":"Point","coordinates":[33.700791,2.59313]},"properties":{"id":"hIuSd1NGumG","name":"Morulem HC III","type":"Point"}},{"type":"Feature","geometry":{"type":"Point","coordinates":[33.57668,1.45025]},"properties":{"id":"Hjtox3w6eZx","name":"Kamusala HC II","type":"Point"}},{"type":"Feature","geometry":{"type":"Point","coordinates":[33.7167,0.79853]},"properties":{"id":"hJXcSlfvXVL","name":"Kigalama (Ngo) HC II","type":"Point"}},{"type":"Feature","geometry":{"type":"Point","coordinates":[32.56929,0.30746]},"properties":{"id":"hjZvWkoLzzp","name":"Kisenyi HC IV","type":"Point"}},{"type":"Feature","geometry":{"type":"Point","coordinates":[31.61465,-0.21687]},"properties":{"id":"hkoHNZAApbg","name":"Kagoggo HC II","type":"Point"}},{"type":"Feature","geometry":{"type":"Point","coordinates":[30.18426,-0.73548]},"properties":{"id":"hkr9AlXxNYQ","name":"Buraro HC II","type":"Point"}},{"type":"Feature","geometry":{"type":"Point","coordinates":[30.84375,-0.97367]},"properties":{"id":"hKrZgkUlwZ8","name":"Kakamba (Isingiro) HC II","type":"Point"}},{"type":"Feature","geometry":{"type":"Point","coordinates":[32.519939,1.467935]},"properties":{"id":"HKZRBFVPnXq","name":"Muwunami HC II","type":"Point"}},{"type":"Feature","geometry":{"type":"Point","coordinates":[29.7664,0.03421]},"properties":{"id":"HLeMhK9q6Wm","name":"Bwera Hospital","type":"Point"}},{"type":"Feature","geometry":{"type":"Point","coordinates":[33.5985,0.97509]},"properties":{"id":"HLoEBkSltLj","name":"Kisowozi HC II","type":"Point"}},{"type":"Feature","geometry":{"type":"Point","coordinates":[29.63236,-1.25323]},"properties":{"id":"HlsEfEtkMwL","name":"Nyarubuye HC III","type":"Point"}},{"type":"Feature","geometry":{"type":"Point","coordinates":[30.92362,3.13083]},"properties":{"id":"hmtamfsQMPU","name":"Curube HC II","type":"Point"}},{"type":"Feature","geometry":{"type":"Point","coordinates":[31.73442,-0.34567]},"properties":{"id":"hMXCTcwH9XJ","name":"Masaka Prisons HC III","type":"Point"}},{"type":"Feature","geometry":{"type":"Point","coordinates":[31.30929,1.61878]},"properties":{"id":"hna9EjQbv7F","name":"Kitana HC II","type":"Point"}},{"type":"Feature","geometry":{"type":"Point","coordinates":[34.112426,0.754999]},"properties":{"id":"HNjaSmUnPzM","name":"Kisoko HC III","type":"Point"}},{"type":"Feature","geometry":{"type":"Point","coordinates":[31.92966,0.60275]},"properties":{"id":"HNMrtobhini","name":"Holy Family Naluggi HC II","type":"Point"}},{"type":"Feature","geometry":{"type":"Point","coordinates":[34.175455,1.077161]},"properties":{"id":"HpJYuf9iyz2","name":"Mbale Regional Referral Hospital","type":"Point"}},{"type":"Feature","geometry":{"type":"Point","coordinates":[32.573788,0.346098]},"properties":{"id":"hPlDZW8Pglf","name":"Man Clinic HC II","type":"Point"}},{"type":"Feature","geometry":{"type":"Point","coordinates":[31.39285,0.58335]},"properties":{"id":"hQLiqK0IfdK","name":"Kaweeri HC II","type":"Point"}},{"type":"Feature","geometry":{"type":"Point","coordinates":[32.588224,0.336823]},"properties":{"id":"hR54WelFldU","name":"Kololo Hospital","type":"Point"}},{"type":"Feature","geometry":{"type":"Point","coordinates":[32.702312,0.68603]},"properties":{"id":"hrEjabfmkqU","name":"Bugema University HC III","type":"Point"}},{"type":"Feature","geometry":{"type":"Point","coordinates":[30.68781,-0.69018]},"properties":{"id":"HRUwvJnV3yt","name":"Kikokwa HC III","type":"Point"}},{"type":"Feature","geometry":{"type":"Point","coordinates":[29.74454,0.111427]},"properties":{"id":"hSxonAXpBbW","name":"Kanyatsi HC II","type":"Point"}},{"type":"Feature","geometry":{"type":"Point","coordinates":[32.93703,0.36375]},"properties":{"id":"HTBCQKqmG9S","name":"Lugazi Mission HC II","type":"Point"}},{"type":"Feature","geometry":{"type":"Point","coordinates":[33.1354,0.35965]},"properties":{"id":"HtDqqOuCfA3","name":"Kabizi HC II","type":"Point"}},{"type":"Feature","geometry":{"type":"Point","coordinates":[33.65351,1.53528]},"properties":{"id":"HtstkAl6IEl","name":"Omagoro HC II","type":"Point"}},{"type":"Feature","geometry":{"type":"Point","coordinates":[34.38134,1.23558]},"properties":{"id":"HtV4tzUs2AS","name":"Bumugibole HC III","type":"Point"}},{"type":"Feature","geometry":{"type":"Point","coordinates":[31.18088,-0.86677]},"properties":{"id":"HUkwcrf8Ozd","name":"Endiizi HC III","type":"Point"}},{"type":"Feature","geometry":{"type":"Point","coordinates":[32.29274,2.78927]},"properties":{"id":"huR6kAEICw4","name":"Karin Medical Centre HC II","type":"Point"}},{"type":"Feature","geometry":{"type":"Point","coordinates":[31.70609,-0.4407]},"properties":{"id":"Hv485zI15KB","name":"Nakasojjo HC II","type":"Point"}},{"type":"Feature","geometry":{"type":"Point","coordinates":[32.58629,2.20244]},"properties":{"id":"hVamgpmtonX","name":"Teboke HC III","type":"Point"}},{"type":"Feature","geometry":{"type":"Point","coordinates":[32.08063,0.45032]},"properties":{"id":"hvDCzBHI5f7","name":"Mityana Nakaseeta (Kireku) HC II","type":"Point"}},{"type":"Feature","geometry":{"type":"Point","coordinates":[30.37113,0.17264]},"properties":{"id":"HVF7bUyK9Oq","name":"Nkongoro HC II","type":"Point"}},{"type":"Feature","geometry":{"type":"Point","coordinates":[31.791966,3.377464]},"properties":{"id":"hvtKTUxWNrt","name":"Adjumani Hospital","type":"Point"}},{"type":"Feature","geometry":{"type":"Point","coordinates":[32.04851,0.40035]},"properties":{"id":"HVwuyUY7azZ","name":"St. Francis HC IV (Mitiyana)","type":"Point"}},{"type":"Feature","geometry":{"type":"Point","coordinates":[31.62646,-0.08727]},"properties":{"id":"HW6fE9RYBjI","name":"Bigasa HC III","type":"Point"}},{"type":"Feature","geometry":{"type":"Point","coordinates":[33.3243,0.98262]},"properties":{"id":"Hw81fhqydaB","name":"Ikumbya HC III","type":"Point"}},{"type":"Feature","geometry":{"type":"Point","coordinates":[32.36011,0.55667]},"properties":{"id":"Hw8k5zor4Yy","name":"Kanzize - Kyondo HC II","type":"Point"}},{"type":"Feature","geometry":{"type":"Point","coordinates":[31.727087,3.659821]},"properties":{"id":"HWKAq88M3aX","name":"Moyo Hospital","type":"Point"}},{"type":"Feature","geometry":{"type":"Point","coordinates":[32.35672,0.47056]},"properties":{"id":"hWLhvMRml0f","name":"Lubbe HC II","type":"Point"}},{"type":"Feature","geometry":{"type":"Point","coordinates":[32.65014,1.33189]},"properties":{"id":"hwNTd8tjyyR","name":"Kazwama HC II","type":"Point"}},{"type":"Feature","geometry":{"type":"Point","coordinates":[29.972449,-0.785044]},"properties":{"id":"HWRAf8iPCDW","name":"Katwekamwe HC II","type":"Point"}},{"type":"Feature","geometry":{"type":"Point","coordinates":[32.41875,0.38637]},"properties":{"id":"HwS2kw2skOQ","name":"Sentema Prisons HC II","type":"Point"}},{"type":"Feature","geometry":{"type":"Point","coordinates":[33.44124,0.62902]},"properties":{"id":"Hx3bgntGfm7","name":"Bulamagi HC III","type":"Point"}},{"type":"Feature","geometry":{"type":"Point","coordinates":[30.44873,0.261035]},"properties":{"id":"HXap310Pwnz","name":"Rukunyu Hospital","type":"Point"}},{"type":"Feature","geometry":{"type":"Point","coordinates":[33.468942,0.715129]},"properties":{"id":"HxDOa69pePc","name":"Kawete HC II","type":"Point"}},{"type":"Feature","geometry":{"type":"Point","coordinates":[31.57105,-0.62517]},"properties":{"id":"HXw8RJKyuDz","name":"St. Andrews Biikira Maria HC III","type":"Point"}},{"type":"Feature","geometry":{"type":"Point","coordinates":[31.0777,3.49307]},"properties":{"id":"hyhZ0XTCMZI","name":"Bamure HC II","type":"Point"}},{"type":"Feature","geometry":{"type":"Point","coordinates":[32.92429,0.23888]},"properties":{"id":"hYLNzVryIZJ","name":"Ebenezer HC II","type":"Point"}},{"type":"Feature","geometry":{"type":"Point","coordinates":[29.947216,-0.684138]},"properties":{"id":"HYR3olhofDD","name":"Ruhinda HC III","type":"Point"}},{"type":"Feature","geometry":{"type":"Point","coordinates":[33.16965,0.65229]},"properties":{"id":"hYRpOD0ijAo","name":"Buwenge HC IV","type":"Point"}},{"type":"Feature","geometry":{"type":"Point","coordinates":[30.472,-0.2224]},"properties":{"id":"hyxR1nRlnWf","name":"Rubaya HC II","type":"Point"}},{"type":"Feature","geometry":{"type":"Point","coordinates":[32.66667,0.36811]},"properties":{"id":"hzPoo5zzWjj","name":"Bweyogerere Hassan Turabi HC III","type":"Point"}},{"type":"Feature","geometry":{"type":"Point","coordinates":[31.56246,-0.99471]},"properties":{"id":"HZQq912GC0O","name":"Minziiro HC II","type":"Point"}},{"type":"Feature","geometry":{"type":"Point","coordinates":[33.40461,1.03399]},"properties":{"id":"HzWHiZFqOpb","name":"Dr. Ambrosoli HC III","type":"Point"}},{"type":"Feature","geometry":{"type":"Point","coordinates":[33.20791,0.42814]},"properties":{"id":"I1bl5B86SPY","name":"Jinja Islamic HC III","type":"Point"}},{"type":"Feature","geometry":{"type":"Point","coordinates":[30.96805,3.17313]},"properties":{"id":"i1htH9vJSlc","name":"Oriajini Hospital","type":"Point"}},{"type":"Feature","geometry":{"type":"Point","coordinates":[32.465916,1.055268]},"properties":{"id":"i1KIxI3H281","name":"Kakooge HC III","type":"Point"}},{"type":"Feature","geometry":{"type":"Point","coordinates":[32.64043,0.39813]},"properties":{"id":"I2O4ZRrmyQN","name":"Kira HC III","type":"Point"}},{"type":"Feature","geometry":{"type":"Point","coordinates":[32.47067,2.60553]},"properties":{"id":"I2psFCABsSs","name":"Tegot HC II","type":"Point"}},{"type":"Feature","geometry":{"type":"Point","coordinates":[34.23691,0.75344]},"properties":{"id":"I3q42sKAJua","name":"Atangi HC III","type":"Point"}},{"type":"Feature","geometry":{"type":"Point","coordinates":[32.122702,3.262006]},"properties":{"id":"i5CDWEBfo9n","name":"Atiak HC IV","type":"Point"}},{"type":"Feature","geometry":{"type":"Point","coordinates":[31.79145,0.90143]},"properties":{"id":"I5FLxQY5uQG","name":"Mukisa Clinic (Kiboga) HC II","type":"Point"}},{"type":"Feature","geometry":{"type":"Point","coordinates":[31.847444,-0.129459]},"properties":{"id":"i6hyU0bywAr","name":"Kalungi (Lukaya) HC III","type":"Point"}},{"type":"Feature","geometry":{"type":"Point","coordinates":[33.99635,1.19585]},"properties":{"id":"i6w95d8uOH0","name":"Kanginima (Butebo) Hospital","type":"Point"}},{"type":"Feature","geometry":{"type":"Point","coordinates":[32.75053,2.59879]},"properties":{"id":"i783Z5CHxyj","name":"Abela HC II","type":"Point"}},{"type":"Feature","geometry":{"type":"Point","coordinates":[30.882514,1.002439]},"properties":{"id":"I7cK4QXw839","name":"Mugalike HC II","type":"Point"}},{"type":"Feature","geometry":{"type":"Point","coordinates":[32.29153,2.77277]},"properties":{"id":"i7JbInoEb2D","name":"Gulu Prison HC III","type":"Point"}},{"type":"Feature","geometry":{"type":"Point","coordinates":[30.52929,-0.20547]},"properties":{"id":"I7jJnMfaKrv","name":"Nyamirima HC II (Bufunda Division)","type":"Point"}},{"type":"Feature","geometry":{"type":"Point","coordinates":[31.636494,1.595759]},"properties":{"id":"I9E4CMmLVbn","name":"Ikoba HC III","type":"Point"}},{"type":"Feature","geometry":{"type":"Point","coordinates":[33.11322,2.1275]},"properties":{"id":"I9nJzN3m8qL","name":"Agali HC III","type":"Point"}},{"type":"Feature","geometry":{"type":"Point","coordinates":[31.4869,2.49116]},"properties":{"id":"IaHYdNY0WWI","name":"Amor HC II","type":"Point"}},{"type":"Feature","geometry":{"type":"Point","coordinates":[31.40764,0.74295]},"properties":{"id":"IAZG7Y1gqr5","name":"Kikoma HC II","type":"Point"}},{"type":"Feature","geometry":{"type":"Point","coordinates":[30.065065,0.261319]},"properties":{"id":"IB67tAj9WAO","name":"Nyangonge HC II","type":"Point"}},{"type":"Feature","geometry":{"type":"Point","coordinates":[30.08476,-0.51106]},"properties":{"id":"IbBSyRlNvFK","name":"Bushenyi-Kashozi HC II","type":"Point"}},{"type":"Feature","geometry":{"type":"Point","coordinates":[33.9351,1.12367]},"properties":{"id":"IbDdnbWltNt","name":"Kebula HC II","type":"Point"}},{"type":"Feature","geometry":{"type":"Point","coordinates":[34.32928,1.38642]},"properties":{"id":"ibPkZBlsOml","name":"Sanzara HC II","type":"Point"}},{"type":"Feature","geometry":{"type":"Point","coordinates":[31.324645,-0.387033]},"properties":{"id":"ibWX2enXzZq","name":"Munathamat HC II","type":"Point"}},{"type":"Feature","geometry":{"type":"Point","coordinates":[31.00539,-0.96811]},"properties":{"id":"iccy3CP6K6W","name":"Nshororo HC II","type":"Point"}},{"type":"Feature","geometry":{"type":"Point","coordinates":[30.488537,-0.051737]},"properties":{"id":"iChSz9sMebA","name":"Bisheshe HC III","type":"Point"}},{"type":"Feature","geometry":{"type":"Point","coordinates":[31.38774,-0.65308]},"properties":{"id":"ICMb8Mqt8ze","name":"Buyamba Disp &Mu HC III","type":"Point"}},{"type":"Feature","geometry":{"type":"Point","coordinates":[32.63271,0.77682]},"properties":{"id":"icO7vjvZXjp","name":"Ssekamuli HC III","type":"Point"}},{"type":"Feature","geometry":{"type":"Point","coordinates":[29.87313,0.076579]},"properties":{"id":"IcuUef7OC5T","name":"Nyakabingo HC II","type":"Point"}},{"type":"Feature","geometry":{"type":"Point","coordinates":[34.17108,0.65011]},"properties":{"id":"IcWeMuhOQuT","name":"Opedede HC II","type":"Point"}},{"type":"Feature","geometry":{"type":"Point","coordinates":[31.874866,-0.142449]},"properties":{"id":"IDk3QfceRQG","name":"Lukaya HC III","type":"Point"}},{"type":"Feature","geometry":{"type":"Point","coordinates":[29.8292,-0.89878]},"properties":{"id":"IdRkJotD2zZ","name":"Rugyeyo HC III","type":"Point"}},{"type":"Feature","geometry":{"type":"Point","coordinates":[34.26203,0.70035]},"properties":{"id":"idW1pR7k8m2","name":"Kwapa HC III","type":"Point"}},{"type":"Feature","geometry":{"type":"Point","coordinates":[33.10823,0.59277]},"properties":{"id":"iE8EHTPUZ76","name":"Wansimba HC II","type":"Point"}},{"type":"Feature","geometry":{"type":"Point","coordinates":[31.08486,2.48044]},"properties":{"id":"iEdI13kUo0h","name":"Nebbi Hospital","type":"Point"}},{"type":"Feature","geometry":{"type":"Point","coordinates":[29.887679,-0.758088]},"properties":{"id":"IeJFTToR5LL","name":"Masya HC II","type":"Point"}},{"type":"Feature","geometry":{"type":"Point","coordinates":[33.827972,0.447876]},"properties":{"id":"ieJpMy4St7l","name":"Kitodha HC II","type":"Point"}},{"type":"Feature","geometry":{"type":"Point","coordinates":[33.93973,1.49051]},"properties":{"id":"IfRYINCb1dC","name":"Kumi Prison HC II","type":"Point"}},{"type":"Feature","geometry":{"type":"Point","coordinates":[33.44147,2.94263]},"properties":{"id":"ifSPcuzT8Iw","name":"Ogwang Kamolo HC II","type":"Point"}},{"type":"Feature","geometry":{"type":"Point","coordinates":[32.54348,0.23022]},"properties":{"id":"iFzI6EkzO6f","name":"Atom Medical Centre HC II","type":"Point"}},{"type":"Feature","geometry":{"type":"Point","coordinates":[34.73853,1.84298]},"properties":{"id":"IgDdvRDyk3K","name":"Karinga HC II","type":"Point"}},{"type":"Feature","geometry":{"type":"Point","coordinates":[30.17492,-0.42534]},"properties":{"id":"IgKXuBYXQFl","name":"Bitooma HC III","type":"Point"}},{"type":"Feature","geometry":{"type":"Point","coordinates":[32.52199,0.63504]},"properties":{"id":"IgMdNuS79MK","name":"Nandere HC II","type":"Point"}},{"type":"Feature","geometry":{"type":"Point","coordinates":[34.32946,1.03882]},"properties":{"id":"IgRocb664xW","name":"Namaitsu HC II","type":"Point"}},{"type":"Feature","geometry":{"type":"Point","coordinates":[32.58308,0.33327]},"properties":{"id":"ihSEWxpJHsS","name":"Crane Health Services HC II","type":"Point"}},{"type":"Feature","geometry":{"type":"Point","coordinates":[30.91491,3.33926]},"properties":{"id":"iIrDj4WIA6O","name":"Kijomoro HC III","type":"Point"}},{"type":"Feature","geometry":{"type":"Point","coordinates":[30.70616,-0.88648]},"properties":{"id":"iIx3m63SxVt","name":"Nyakitunda HC III","type":"Point"}},{"type":"Feature","geometry":{"type":"Point","coordinates":[31.40945,1.90451]},"properties":{"id":"ijHGyxnKjmz","name":"Bugoigo HC II","type":"Point"}},{"type":"Feature","geometry":{"type":"Point","coordinates":[30.98093,-0.90244]},"properties":{"id":"ijpVI1myn4c","name":"Kyabahesi HC II","type":"Point"}},{"type":"Feature","geometry":{"type":"Point","coordinates":[33.36256,1.01216]},"properties":{"id":"IjR2rBuQvqr","name":"Nantamali HC II","type":"Point"}},{"type":"Feature","geometry":{"type":"Point","coordinates":[30.151872,0.428083]},"properties":{"id":"iJYEAsvfKhf","name":"Kasangali HC II","type":"Point"}},{"type":"Feature","geometry":{"type":"Point","coordinates":[31.40631,1.46394]},"properties":{"id":"iK89TBaO3ta","name":"Kasomoro HC II","type":"Point"}},{"type":"Feature","geometry":{"type":"Point","coordinates":[33.29428,0.50921]},"properties":{"id":"ikdW0m1mt7H","name":"Kakira Sugar Workers Hospital","type":"Point"}},{"type":"Feature","geometry":{"type":"Point","coordinates":[32.17867,0.61151]},"properties":{"id":"ikHT7FRlvbY","name":"Kajjoji HC III","type":"Point"}},{"type":"Feature","geometry":{"type":"Point","coordinates":[30.293205,-0.854986]},"properties":{"id":"IkVvGrqJfm0","name":"Ruhoko HC II","type":"Point"}},{"type":"Feature","geometry":{"type":"Point","coordinates":[33.18553,0.53239]},"properties":{"id":"iL4Ek3j0su3","name":"Nawangoma HC II","type":"Point"}},{"type":"Feature","geometry":{"type":"Point","coordinates":[30.26623,-0.49638]},"properties":{"id":"ILr03pFmrva","name":"Kyabugimbi HC IV","type":"Point"}},{"type":"Feature","geometry":{"type":"Point","coordinates":[30.0963,-1.28901]},"properties":{"id":"iLs4IqxOOLh","name":"Nyanja (Kabale) HC II","type":"Point"}},{"type":"Feature","geometry":{"type":"Point","coordinates":[31.34779,0.84241]},"properties":{"id":"ilsrc891cte","name":"St. Joseph Bukuumi HC II","type":"Point"}},{"type":"Feature","geometry":{"type":"Point","coordinates":[33.14688,0.389]},"properties":{"id":"imFgSY3OUvZ","name":"Buwagajjo HC III","type":"Point"}},{"type":"Feature","geometry":{"type":"Point","coordinates":[32.59457,2.0442]},"properties":{"id":"IMl0Xl3RQJD","name":"Atar HC II","type":"Point"}},{"type":"Feature","geometry":{"type":"Point","coordinates":[30.63978,-0.81966]},"properties":{"id":"iMpXSTMOpsO","name":"Ryamiyonga HC II","type":"Point"}},{"type":"Feature","geometry":{"type":"Point","coordinates":[33.711171,1.178446]},"properties":{"id":"In3apXiVwke","name":"Pallisa Hospital","type":"Point"}},{"type":"Feature","geometry":{"type":"Point","coordinates":[31.4405,-0.60381]},"properties":{"id":"iN7CXIs0XT3","name":"Butiti HC II","type":"Point"}},{"type":"Feature","geometry":{"type":"Point","coordinates":[31.27454,-0.14047]},"properties":{"id":"InypOoNC7U0","name":"Kyemamba HC II","type":"Point"}},{"type":"Feature","geometry":{"type":"Point","coordinates":[31.53592,-0.6361]},"properties":{"id":"io8JhubppQo","name":"Kyotera Med. Centre HC III","type":"Point"}},{"type":"Feature","geometry":{"type":"Point","coordinates":[31.1509,0.189659]},"properties":{"id":"ioBktjTQgyS","name":"Lwemiyaga HC III","type":"Point"}},{"type":"Feature","geometry":{"type":"Point","coordinates":[33.78487,0.49167]},"properties":{"id":"IOqy7sFGqVv","name":"Bugoyozi HC II","type":"Point"}},{"type":"Feature","geometry":{"type":"Point","coordinates":[30.56273,-0.99075]},"properties":{"id":"IoTKrKIPsRz","name":"Ruborogota HC III","type":"Point"}},{"type":"Feature","geometry":{"type":"Point","coordinates":[33.46326,2.89074]},"properties":{"id":"IOuCAfFo6J4","name":"Toroma HC II","type":"Point"}},{"type":"Feature","geometry":{"type":"Point","coordinates":[32.33128,0.21948]},"properties":{"id":"IovA7MWZaP4","name":"Mpigi Police HC II","type":"Point"}},{"type":"Feature","geometry":{"type":"Point","coordinates":[31.24528,0.38454]},"properties":{"id":"ioWJgf4igeG","name":"Malaria Eradication Project HC II","type":"Point"}},{"type":"Feature","geometry":{"type":"Point","coordinates":[34.179151,0.686363]},"properties":{"id":"iOwO7cTQKfH","name":"St. Anthony's Hospital","type":"Point"}},{"type":"Feature","geometry":{"type":"Point","coordinates":[34.11683,3.66142]},"properties":{"id":"IP3d7JaMsyW","name":"Lotim HC II","type":"Point"}},{"type":"Feature","geometry":{"type":"Point","coordinates":[29.790219,-1.028797]},"properties":{"id":"IPNA7SxofKw","name":"Ruhija HC III","type":"Point"}},{"type":"Feature","geometry":{"type":"Point","coordinates":[31.24197,3.26063]},"properties":{"id":"ipOBsWpJ0U7","name":"Yinga HC III","type":"Point"}},{"type":"Feature","geometry":{"type":"Point","coordinates":[32.54295,0.43566]},"properties":{"id":"Ipvxi1nV5X4","name":"Taqwa HC III","type":"Point"}},{"type":"Feature","geometry":{"type":"Point","coordinates":[32.564152,0.32444]},"properties":{"id":"IqjAgDhHcaG","name":"Mukwano Family Clinic HC II","type":"Point"}},{"type":"Feature","geometry":{"type":"Point","coordinates":[33.33844,3.35185]},"properties":{"id":"iqr4dCf6xsU","name":"Namokora HC IV","type":"Point"}},{"type":"Feature","geometry":{"type":"Point","coordinates":[30.46254,0.4693]},"properties":{"id":"iR4NuGQdNOq","name":"Busiriba HC II","type":"Point"}},{"type":"Feature","geometry":{"type":"Point","coordinates":[34.04855,2.13145]},"properties":{"id":"IRSPu9HXn42","name":"Okoocho HC II","type":"Point"}},{"type":"Feature","geometry":{"type":"Point","coordinates":[31.68114,0.44648]},"properties":{"id":"IrYTUdWw0LJ","name":"Kabyuma HC II","type":"Point"}},{"type":"Feature","geometry":{"type":"Point","coordinates":[32.46301,0.06575]},"properties":{"id":"Is8ASZXQyfm","name":"Nzamizi HC III","type":"Point"}},{"type":"Feature","geometry":{"type":"Point","coordinates":[33.81817,1.962]},"properties":{"id":"IswqGyDbcgm","name":"Abarilela HC III","type":"Point"}},{"type":"Feature","geometry":{"type":"Point","coordinates":[33.10009,0.71978]},"properties":{"id":"iTkVbN1IERm","name":"Bubago HC II","type":"Point"}},{"type":"Feature","geometry":{"type":"Point","coordinates":[34.38535,1.05148]},"properties":{"id":"iu8AuF8DVXT","name":"Bushiyi HC III","type":"Point"}},{"type":"Feature","geometry":{"type":"Point","coordinates":[31.40556,3.07374]},"properties":{"id":"IuVsQCPk19T","name":"Olujobo HC III","type":"Point"}},{"type":"Feature","geometry":{"type":"Point","coordinates":[29.84376,-1.12218]},"properties":{"id":"iV5xU1J8Vbx","name":"Butare HC II","type":"Point"}},{"type":"Feature","geometry":{"type":"Point","coordinates":[33.21488,0.70324]},"properties":{"id":"ivjYaDU4t3T","name":"Luzinga HC II","type":"Point"}},{"type":"Feature","geometry":{"type":"Point","coordinates":[29.908599,-0.828205]},"properties":{"id":"ivMQpg69xwD","name":"Bikungu HC II","type":"Point"}},{"type":"Feature","geometry":{"type":"Point","coordinates":[33.92895,3.1653]},"properties":{"id":"IW60hf7XNQ4","name":"Kacheri HC III","type":"Point"}},{"type":"Feature","geometry":{"type":"Point","coordinates":[33.914638,1.387813]},"properties":{"id":"IWgKTCjoXFj","name":"Kanyum COU HC II","type":"Point"}},{"type":"Feature","geometry":{"type":"Point","coordinates":[30.325502,-0.781228]},"properties":{"id":"iWJI9r3QCDh","name":"Nyongozi HC II","type":"Point"}},{"type":"Feature","geometry":{"type":"Point","coordinates":[29.99147,0.7195]},"properties":{"id":"IwX731R1sVd","name":"Busoru HC II","type":"Point"}},{"type":"Feature","geometry":{"type":"Point","coordinates":[32.098823,1.509118]},"properties":{"id":"ixo6xmc8VE9","name":"Nakitoma HC III","type":"Point"}},{"type":"Feature","geometry":{"type":"Point","coordinates":[33.52343,0.63361]},"properties":{"id":"ixwFzMD6GcM","name":"Nakalama HC III","type":"Point"}},{"type":"Feature","geometry":{"type":"Point","coordinates":[34.61584,1.42451]},"properties":{"id":"IyYvTavDSou","name":"Kaproron HC IV","type":"Point"}},{"type":"Feature","geometry":{"type":"Point","coordinates":[31.74078,1.67518]},"properties":{"id":"iz2M92TzrKg","name":"Kirasa HC II","type":"Point"}},{"type":"Feature","geometry":{"type":"Point","coordinates":[31.15152,-0.40135]},"properties":{"id":"IZJ0nMAejmJ","name":"Born Medical Centre Clinic","type":"Point"}},{"type":"Feature","geometry":{"type":"Point","coordinates":[31.18708,2.7341]},"properties":{"id":"J030lvmEXQ2","name":"Akino HC II","type":"Point"}},{"type":"Feature","geometry":{"type":"Point","coordinates":[30.37976,0.03432]},"properties":{"id":"j0fVmfuLbTi","name":"St. Benadate Medical Centre","type":"Point"}},{"type":"Feature","geometry":{"type":"Point","coordinates":[30.95686,0.13935]},"properties":{"id":"j0I9qHOtVIw","name":"Burunga HC III","type":"Point"}},{"type":"Feature","geometry":{"type":"Point","coordinates":[30.76645,-0.68507]},"properties":{"id":"J0PhAcyaSxc","name":"Nyamitsindo HC II","type":"Point"}},{"type":"Feature","geometry":{"type":"Point","coordinates":[29.74703,-1.16518]},"properties":{"id":"j1c8wmQO6d7","name":"Iremera HC III","type":"Point"}},{"type":"Feature","geometry":{"type":"Point","coordinates":[30.04058,-1.10806]},"properties":{"id":"j1eV7w83owz","name":"Nyakarambi HC II","type":"Point"}},{"type":"Feature","geometry":{"type":"Point","coordinates":[34.165505,1.141233]},"properties":{"id":"J1vQouUOY5h","name":"Nakaloke HC III","type":"Point"}},{"type":"Feature","geometry":{"type":"Point","coordinates":[34.08282,1.99413]},"properties":{"id":"J2JiemiIQvD","name":"Aakum HC II","type":"Point"}},{"type":"Feature","geometry":{"type":"Point","coordinates":[34.355,1.05493]},"properties":{"id":"J3KJzX1JSXu","name":"Bushika HC III","type":"Point"}},{"type":"Feature","geometry":{"type":"Point","coordinates":[29.95752,0.05787]},"properties":{"id":"j3kOByZMdZu","name":"Kahokya HC II","type":"Point"}},{"type":"Feature","geometry":{"type":"Point","coordinates":[32.55016,0.3892]},"properties":{"id":"j3SOuTU78Xv","name":"Maganjo HC II","type":"Point"}},{"type":"Feature","geometry":{"type":"Point","coordinates":[29.9525,-0.9956]},"properties":{"id":"J5lFjhtApU5","name":"Cou Kisiizi Hospital","type":"Point"}},{"type":"Feature","geometry":{"type":"Point","coordinates":[32.20787,0.26302]},"properties":{"id":"J5ZGPIn0Opf","name":"Nsozibirye HC II","type":"Point"}},{"type":"Feature","geometry":{"type":"Point","coordinates":[31.97536,0.66307]},"properties":{"id":"J64jaeaqOc6","name":"Nabwendo HC III","type":"Point"}},{"type":"Feature","geometry":{"type":"Point","coordinates":[30.56826,-0.22154]},"properties":{"id":"j6kmC0qBLuy","name":"Kikyenkye HC III","type":"Point"}},{"type":"Feature","geometry":{"type":"Point","coordinates":[31.423464,2.703318]},"properties":{"id":"J7qBBJtiajQ","name":"Pachora HC II","type":"Point"}},{"type":"Feature","geometry":{"type":"Point","coordinates":[31.648443,1.489048]},"properties":{"id":"J7ZZXtq8Z8O","name":"Kikingura HC II","type":"Point"}},{"type":"Feature","geometry":{"type":"Point","coordinates":[30.06024,0.71265]},"properties":{"id":"J8JFj65yOB1","name":"Family Health Care Clinic HC II","type":"Point"}},{"type":"Feature","geometry":{"type":"Point","coordinates":[32.93499,0.36727]},"properties":{"id":"J8lqAR46pse","name":"Lugazi Muslim HC III","type":"Point"}},{"type":"Feature","geometry":{"type":"Point","coordinates":[29.99341,-0.47757]},"properties":{"id":"jA7tuThhDUU","name":"Rwoburunga HC III","type":"Point"}},{"type":"Feature","geometry":{"type":"Point","coordinates":[32.711772,0.369562]},"properties":{"id":"JaECIWe4AW0","name":"Safer Medical Centre Clinic","type":"Point"}},{"type":"Feature","geometry":{"type":"Point","coordinates":[33.06463,0.54316]},"properties":{"id":"jAkXsSQHYAZ","name":"Kangulumira I.H.P HC II","type":"Point"}},{"type":"Feature","geometry":{"type":"Point","coordinates":[31.76535,0.91937]},"properties":{"id":"Jap4sosMZZN","name":"Agape Nursing Home HC III","type":"Point"}},{"type":"Feature","geometry":{"type":"Point","coordinates":[30.95937,3.40942]},"properties":{"id":"JAPYJGfV0VY","name":"Koboko Hospital","type":"Point"}},{"type":"Feature","geometry":{"type":"Point","coordinates":[34.31857,1.216031]},"properties":{"id":"jauAUu9YBbl","name":"Bumulisha HC III","type":"Point"}},{"type":"Feature","geometry":{"type":"Point","coordinates":[32.62908,0.259607]},"properties":{"id":"Jb3ruV9NJ4K","name":"Kisa Kyamukama Makindye HC II","type":"Point"}},{"type":"Feature","geometry":{"type":"Point","coordinates":[33.33097,0.90648]},"properties":{"id":"JBHKUfSjfy3","name":"Nawansega HC III","type":"Point"}},{"type":"Feature","geometry":{"type":"Point","coordinates":[30.108017,-0.199816]},"properties":{"id":"jBqnMmDxLII","name":"Kyenzaza HC II","type":"Point"}},{"type":"Feature","geometry":{"type":"Point","coordinates":[29.74029,0.0287]},"properties":{"id":"JbyNRdK814R","name":"Nyabugando HC III","type":"Point"}},{"type":"Feature","geometry":{"type":"Point","coordinates":[33.928311,0.852506]},"properties":{"id":"jBZmte6aqoD","name":"Busolwe Hospital","type":"Point"}},{"type":"Feature","geometry":{"type":"Point","coordinates":[34.02987,3.56846]},"properties":{"id":"Jc8JzkD2H7l","name":"Lomodoch HC II","type":"Point"}},{"type":"Feature","geometry":{"type":"Point","coordinates":[33.472,2.06038]},"properties":{"id":"jcEuyATQbMK","name":"St. Claire Orungo HC III","type":"Point"}},{"type":"Feature","geometry":{"type":"Point","coordinates":[33.88237,1.0476]},"properties":{"id":"jCiEJZ0Pt5U","name":"Kabweri HC II","type":"Point"}},{"type":"Feature","geometry":{"type":"Point","coordinates":[29.98112,-0.60258]},"properties":{"id":"jcX3kPVo5yB","name":"Bukuba HC II","type":"Point"}},{"type":"Feature","geometry":{"type":"Point","coordinates":[31.14995,-0.41214]},"properties":{"id":"JDAxhYvvWfp","name":"Kijjukizo (St. Elizabeth) HC III","type":"Point"}},{"type":"Feature","geometry":{"type":"Point","coordinates":[33.87391,0.91121]},"properties":{"id":"jdsHBxA3VOE","name":"Bingo HC II","type":"Point"}},{"type":"Feature","geometry":{"type":"Point","coordinates":[32.89188,3.29432]},"properties":{"id":"JEOnniXpbdj","name":"Kitgum Youth Center Clinic","type":"Point"}},{"type":"Feature","geometry":{"type":"Point","coordinates":[32.521524,0.314146]},"properties":{"id":"jfcIDMTP7sM","name":"Embabazi Medical Center HC II","type":"Point"}},{"type":"Feature","geometry":{"type":"Point","coordinates":[30.80566,3.04931]},"properties":{"id":"jgS1yAtN6HR","name":"Oje Mission HC III","type":"Point"}},{"type":"Feature","geometry":{"type":"Point","coordinates":[33.510535,1.10778]},"properties":{"id":"Jh6Ds2pV5vS","name":"Gadumire HC III","type":"Point"}},{"type":"Feature","geometry":{"type":"Point","coordinates":[34.78586,2.46336]},"properties":{"id":"JhfRRK4kn7c","name":"Tapac HC III","type":"Point"}},{"type":"Feature","geometry":{"type":"Point","coordinates":[33.87726,2.50772]},"properties":{"id":"jhtjCBU3lZG","name":"Pupu Kamuya HC II","type":"Point"}},{"type":"Feature","geometry":{"type":"Point","coordinates":[31.60238,1.14256]},"properties":{"id":"JHtjwrjBlm4","name":"Butemba HC III","type":"Point"}},{"type":"Feature","geometry":{"type":"Point","coordinates":[34.29485,0.82264]},"properties":{"id":"JHUDOhEfQ9t","name":"Butiru Chrisco (UCMB) HC III","type":"Point"}},{"type":"Feature","geometry":{"type":"Point","coordinates":[32.24836,2.77081]},"properties":{"id":"JIhuoOFwtAr","name":"Light Rays Uganda HC II","type":"Point"}},{"type":"Feature","geometry":{"type":"Point","coordinates":[31.56093,0.94818]},"properties":{"id":"JiILzo8lJF1","name":"St. Thereza Ndibata HC II","type":"Point"}},{"type":"Feature","geometry":{"type":"Point","coordinates":[31.246199,3.346616]},"properties":{"id":"jiKuvEHVanR","name":"Kulikulinga HC III","type":"Point"}},{"type":"Feature","geometry":{"type":"Point","coordinates":[34.34716,0.93931]},"properties":{"id":"JiMsrQGUs6H","name":"Bukhabusi HC III","type":"Point"}},{"type":"Feature","geometry":{"type":"Point","coordinates":[33.16857,0.67558]},"properties":{"id":"JiNfGuEaIMi","name":"Buwolero HC II","type":"Point"}},{"type":"Feature","geometry":{"type":"Point","coordinates":[30.501224,0.184695]},"properties":{"id":"JiXMZzyWhUb","name":"Kabuga HC III","type":"Point"}},{"type":"Feature","geometry":{"type":"Point","coordinates":[33.19935,0.3996]},"properties":{"id":"Jk4Ws9uWKqb","name":"Bugungu Yo Prison HC II","type":"Point"}},{"type":"Feature","geometry":{"type":"Point","coordinates":[34.35781,1.31145]},"properties":{"id":"jKb8fhTLrfC","name":"Gamogo HC III","type":"Point"}},{"type":"Feature","geometry":{"type":"Point","coordinates":[33.45024,0.81084]},"properties":{"id":"JkMbi1FzXrX","name":"Bugono HC IV","type":"Point"}},{"type":"Feature","geometry":{"type":"Point","coordinates":[32.256175,0.670213]},"properties":{"id":"jloriHnudvr","name":"Kapeeka HC III","type":"Point"}},{"type":"Feature","geometry":{"type":"Point","coordinates":[34.07804,0.56578]},"properties":{"id":"JlQbyLlYoOb","name":"Amonikakinei HC II","type":"Point"}},{"type":"Feature","geometry":{"type":"Point","coordinates":[30.808823,0.94473]},"properties":{"id":"JLUfWD5Q5jB","name":"Kagadi Hospital","type":"Point"}},{"type":"Feature","geometry":{"type":"Point","coordinates":[30.11326,-0.8731]},"properties":{"id":"JlWZ3wAo04I","name":"Karuruma HC II","type":"Point"}},{"type":"Feature","geometry":{"type":"Point","coordinates":[31.71814,3.64888]},"properties":{"id":"jLzgzQoTP73","name":"Besia HC III","type":"Point"}},{"type":"Feature","geometry":{"type":"Point","coordinates":[32.23169,0.43703]},"properties":{"id":"jM0QE9Wtu6L","name":"Kitalya Prisons HC II","type":"Point"}},{"type":"Feature","geometry":{"type":"Point","coordinates":[30.19661,-0.54188]},"properties":{"id":"jmcxCPyDHHS","name":"Bushenyi HC IV","type":"Point"}},{"type":"Feature","geometry":{"type":"Point","coordinates":[30.98924,0.866972]},"properties":{"id":"JmHLIGnm4TQ","name":"Mugarama HC III","type":"Point"}},{"type":"Feature","geometry":{"type":"Point","coordinates":[33.20847,0.42147]},"properties":{"id":"JMmqH0e4HlX","name":"Jinja Central HC III","type":"Point"}},{"type":"Feature","geometry":{"type":"Point","coordinates":[33.14869,2.6032]},"properties":{"id":"jmYDcub8QTz","name":"Okwang HC III","type":"Point"}},{"type":"Feature","geometry":{"type":"Point","coordinates":[32.49771,1.39135]},"properties":{"id":"Jn7Sz79BL2v","name":"Nakasongola Military Hospital","type":"Point"}},{"type":"Feature","geometry":{"type":"Point","coordinates":[31.61856,-0.66383]},"properties":{"id":"JnEi6rH038a","name":"Serulanda HC II","type":"Point"}},{"type":"Feature","geometry":{"type":"Point","coordinates":[31.22492,2.36777]},"properties":{"id":"JNKTABj7P6e","name":"Ossi HC II","type":"Point"}},{"type":"Feature","geometry":{"type":"Point","coordinates":[33.59051,2.55633]},"properties":{"id":"JO1cLIghdBv","name":"Gangming HC II","type":"Point"}},{"type":"Feature","geometry":{"type":"Point","coordinates":[33.76777,1.47218]},"properties":{"id":"jo4ICrnpVWs","name":"St. Anthony HC II","type":"Point"}},{"type":"Feature","geometry":{"type":"Point","coordinates":[33.50883,0.89833]},"properties":{"id":"JOD4jzkAQIJ","name":"Kaliro Flep HC II","type":"Point"}},{"type":"Feature","geometry":{"type":"Point","coordinates":[30.2739,0.66467]},"properties":{"id":"JOGgj0LGTiW","name":"Kagote HC III","type":"Point"}},{"type":"Feature","geometry":{"type":"Point","coordinates":[33.82077,0.64967]},"properties":{"id":"jOP0HzZLr2j","name":"Kasokwe (Bugiri) HC II","type":"Point"}},{"type":"Feature","geometry":{"type":"Point","coordinates":[33.14084,0.45911]},"properties":{"id":"joubGoymaJC","name":"Naminya HC II","type":"Point"}},{"type":"Feature","geometry":{"type":"Point","coordinates":[30.01506,0.68616]},"properties":{"id":"JplpqZql8xM","name":"Bulyambwa HC II","type":"Point"}},{"type":"Feature","geometry":{"type":"Point","coordinates":[30.13837,-0.60895]},"properties":{"id":"jQ29gGaeT89","name":"Ryeishe HC III","type":"Point"}},{"type":"Feature","geometry":{"type":"Point","coordinates":[32.79095,0.28259]},"properties":{"id":"jrGWRhOfcso","name":"Kyabalogo HC II","type":"Point"}},{"type":"Feature","geometry":{"type":"Point","coordinates":[32.2818,2.70519]},"properties":{"id":"JryqknC2SNp","name":"Abwoch HC II","type":"Point"}},{"type":"Feature","geometry":{"type":"Point","coordinates":[32.55711,3.49857]},"properties":{"id":"Js1aBKNVudQ","name":"Pauma HC II","type":"Point"}},{"type":"Feature","geometry":{"type":"Point","coordinates":[30.40946,-0.7931]},"properties":{"id":"jsHlDjKR6Nf","name":"Kibare (Ndeija) HC II","type":"Point"}},{"type":"Feature","geometry":{"type":"Point","coordinates":[30.78537,-0.12517]},"properties":{"id":"jSN5bolaX6T","name":"Kayanga HC II","type":"Point"}},{"type":"Feature","geometry":{"type":"Point","coordinates":[33.65256,-0.0093]},"properties":{"id":"jSNmUpGrQMN","name":"Sagitu HC II","type":"Point"}},{"type":"Feature","geometry":{"type":"Point","coordinates":[32.19175,0.23307]},"properties":{"id":"jSTIbH5xzbW","name":"Kilokola HC II","type":"Point"}},{"type":"Feature","geometry":{"type":"Point","coordinates":[30.00678,-1.00204]},"properties":{"id":"JTO4v1VkUuu","name":"Ibanda (Nyarushanje) HC II","type":"Point"}},{"type":"Feature","geometry":{"type":"Point","coordinates":[29.98219,-1.04875]},"properties":{"id":"jtrHsubBsqd","name":"Kashambya HC III","type":"Point"}},{"type":"Feature","geometry":{"type":"Point","coordinates":[33.37182,1.74504]},"properties":{"id":"JuLeapjBevh","name":"Ochelakur HC II","type":"Point"}},{"type":"Feature","geometry":{"type":"Point","coordinates":[29.77892,-0.64008]},"properties":{"id":"JuUwhPLtSXN","name":"Rushaka HC II","type":"Point"}},{"type":"Feature","geometry":{"type":"Point","coordinates":[31.765286,3.653227]},"properties":{"id":"jV5UvqIn4DU","name":"Erepi HC II","type":"Point"}},{"type":"Feature","geometry":{"type":"Point","coordinates":[33.65697,1.71628]},"properties":{"id":"JVLdDfKIG38","name":"Opuyo HC II","type":"Point"}},{"type":"Feature","geometry":{"type":"Point","coordinates":[34.12213,3.525838]},"properties":{"id":"jvPJLFJ3Rt1","name":"Kaabong Mission HC III","type":"Point"}},{"type":"Feature","geometry":{"type":"Point","coordinates":[29.73207,-0.89967]},"properties":{"id":"Jw5D6vK2hRT","name":"Kazuru HC II","type":"Point"}},{"type":"Feature","geometry":{"type":"Point","coordinates":[34.013407,3.685535]},"properties":{"id":"JWg30TuiiEV","name":"Kathile HC III","type":"Point"}},{"type":"Feature","geometry":{"type":"Point","coordinates":[32.13854,2.82537]},"properties":{"id":"jWmjHpZqNtY","name":"Kaladima HC III","type":"Point"}},{"type":"Feature","geometry":{"type":"Point","coordinates":[34.235611,0.704313]},"properties":{"id":"JWokSlz2DEc","name":"Morukatipe HC II","type":"Point"}},{"type":"Feature","geometry":{"type":"Point","coordinates":[33.25019,0.68137]},"properties":{"id":"JwSwHr0F0MJ","name":"Nawanyago Ngo HC II","type":"Point"}},{"type":"Feature","geometry":{"type":"Point","coordinates":[31.14852,-0.11976]},"properties":{"id":"jX2AtJy4xmQ","name":"Kasagama HC III","type":"Point"}},{"type":"Feature","geometry":{"type":"Point","coordinates":[30.665936,0.173328]},"properties":{"id":"JxDea4ibrD2","name":"Kiruhura Kabingo HC II","type":"Point"}},{"type":"Feature","geometry":{"type":"Point","coordinates":[31.6493,1.527525]},"properties":{"id":"JXJMQls2Z9e","name":"Mihembero HC II","type":"Point"}},{"type":"Feature","geometry":{"type":"Point","coordinates":[33.71066,1.16651]},"properties":{"id":"jYd77jC7ho6","name":"Pallisa Police HC II","type":"Point"}},{"type":"Feature","geometry":{"type":"Point","coordinates":[30.020995,-0.774173]},"properties":{"id":"JzvyKeN1NIO","name":"Kibirizi HC III","type":"Point"}},{"type":"Feature","geometry":{"type":"Point","coordinates":[31.26857,0.66777]},"properties":{"id":"K080TIY9bKB","name":"Kigando HC III","type":"Point"}},{"type":"Feature","geometry":{"type":"Point","coordinates":[34.39059,1.31563]},"properties":{"id":"K0MZ3COLlKt","name":"Kabeywa HC III","type":"Point"}},{"type":"Feature","geometry":{"type":"Point","coordinates":[31.52085,-0.38483]},"properties":{"id":"K0rthZS2crV","name":"Nakateete HC II","type":"Point"}},{"type":"Feature","geometry":{"type":"Point","coordinates":[33.17279,0.54733]},"properties":{"id":"k0sbMy2mOFw","name":"Kyomya HC II","type":"Point"}},{"type":"Feature","geometry":{"type":"Point","coordinates":[32.555808,0.328362]},"properties":{"id":"k1aJuPi2vxH","name":"Den Clinic HC II","type":"Point"}},{"type":"Feature","geometry":{"type":"Point","coordinates":[31.53962,-0.38205]},"properties":{"id":"K1Qvy9fVY22","name":"Kyamaganda HC III","type":"Point"}},{"type":"Feature","geometry":{"type":"Point","coordinates":[30.07751,-0.27603]},"properties":{"id":"K26vPVPCdhj","name":"Rumuri HC II","type":"Point"}},{"type":"Feature","geometry":{"type":"Point","coordinates":[31.04293,-0.73622]},"properties":{"id":"K295qd0SaGs","name":"Rubondo HC II","type":"Point"}},{"type":"Feature","geometry":{"type":"Point","coordinates":[32.38519,0.14312]},"properties":{"id":"k2a3PCnnVdI","name":"Buyege HC III","type":"Point"}},{"type":"Feature","geometry":{"type":"Point","coordinates":[29.99,-1.25]},"properties":{"id":"K2BGHpaUluP","name":"Kabale Regional Referral Hospital","type":"Point"}},{"type":"Feature","geometry":{"type":"Point","coordinates":[31.91006,0.80087]},"properties":{"id":"k2T4dghrYMm","name":"Nsala HC II","type":"Point"}},{"type":"Feature","geometry":{"type":"Point","coordinates":[30.99427,1.3865]},"properties":{"id":"k38SanlZHyl","name":"Kaseeta HC III","type":"Point"}},{"type":"Feature","geometry":{"type":"Point","coordinates":[30.5414,0.01367]},"properties":{"id":"K3CzZHcJAbW","name":"Kashozi (Ishongororo) HC III","type":"Point"}},{"type":"Feature","geometry":{"type":"Point","coordinates":[32.32162,-0.19387]},"properties":{"id":"K3E78Mqdg2A","name":"Lulamba HC III","type":"Point"}},{"type":"Feature","geometry":{"type":"Point","coordinates":[33.65292,0.49857]},"properties":{"id":"K3VuoMDqbif","name":"Busoga HC II","type":"Point"}},{"type":"Feature","geometry":{"type":"Point","coordinates":[31.16126,-0.54648]},"properties":{"id":"k3xgvufxeWb","name":"Kacheera HC III","type":"Point"}},{"type":"Feature","geometry":{"type":"Point","coordinates":[30.659802,-0.618244]},"properties":{"id":"k4AuRrsUWCi","name":"TASO Mbarara Special Clinic","type":"Point"}},{"type":"Feature","geometry":{"type":"Point","coordinates":[34.62098,2.57054]},"properties":{"id":"K4hmnMfawFW","name":"St. Pius Kidepo HC III","type":"Point"}},{"type":"Feature","geometry":{"type":"Point","coordinates":[30.21031,-0.72749]},"properties":{"id":"k4NnCKx6UY9","name":"Kyeihara HC II","type":"Point"}},{"type":"Feature","geometry":{"type":"Point","coordinates":[30.57051,0.05065]},"properties":{"id":"k58XY2uVEjN","name":"Bihanga UPDF Barracks HC II","type":"Point"}},{"type":"Feature","geometry":{"type":"Point","coordinates":[32.55488,0.42802]},"properties":{"id":"k5IkJoVOOp0","name":"Namalere HC II","type":"Point"}},{"type":"Feature","geometry":{"type":"Point","coordinates":[32.54867,0.23124]},"properties":{"id":"k5Nbz2uHuqP","name":"Seguku HC II","type":"Point"}},{"type":"Feature","geometry":{"type":"Point","coordinates":[30.62454,-0.94748]},"properties":{"id":"K5Rwfv0pC4s","name":"Kabuyanda HC IV","type":"Point"}},{"type":"Feature","geometry":{"type":"Point","coordinates":[32.81643,3.4872]},"properties":{"id":"K74ysFimUwH","name":"Padibe West HC III","type":"Point"}},{"type":"Feature","geometry":{"type":"Point","coordinates":[31.193022,2.411255]},"properties":{"id":"K7Do3WBvmLa","name":"Angal Hospital","type":"Point"}},{"type":"Feature","geometry":{"type":"Point","coordinates":[33.05145,0.2479]},"properties":{"id":"k7sazN1EJ0o","name":"Ddungi HC II","type":"Point"}},{"type":"Feature","geometry":{"type":"Point","coordinates":[34.05594,1.89654]},"properties":{"id":"K87qlHUOEaJ","name":"School of Field Artilery and Air Defence HC III","type":"Point"}},{"type":"Feature","geometry":{"type":"Point","coordinates":[30.03217,-0.140207]},"properties":{"id":"K97Ta0zw1QG","name":"Kashaka HC II","type":"Point"}},{"type":"Feature","geometry":{"type":"Point","coordinates":[31.31466,0.46598]},"properties":{"id":"k9GSxASmkuD","name":"Nkandwa HC II","type":"Point"}},{"type":"Feature","geometry":{"type":"Point","coordinates":[30.5249,-0.0511]},"properties":{"id":"K9qEaNQI86x","name":"Ibanda Karangara HC II","type":"Point"}},{"type":"Feature","geometry":{"type":"Point","coordinates":[32.550567,0.341656]},"properties":{"id":"ka4jZCGb7zi","name":"Medix Clinic HC II","type":"Point"}},{"type":"Feature","geometry":{"type":"Point","coordinates":[30.90462,3.032166]},"properties":{"id":"KA7zSU5VV0V","name":"Arua Main Prisons HC III","type":"Point"}},{"type":"Feature","geometry":{"type":"Point","coordinates":[29.833586,0.069187]},"properties":{"id":"Ka9xJMnirSH","name":"Kabingo (Munkunyu) HC II","type":"Point"}},{"type":"Feature","geometry":{"type":"Point","coordinates":[33.4584,1.67979]},"properties":{"id":"KabGzoH7k7H","name":"Lalle HC II","type":"Point"}},{"type":"Feature","geometry":{"type":"Point","coordinates":[33.13889,1.241459]},"properties":{"id":"KaQgUo68H9v","name":"Wesunire Catholic HC III","type":"Point"}},{"type":"Feature","geometry":{"type":"Point","coordinates":[33.05957,3.1142]},"properties":{"id":"kBBhLlLFodJ","name":"Latanya HC II","type":"Point"}},{"type":"Feature","geometry":{"type":"Point","coordinates":[32.63669,1.57998]},"properties":{"id":"kBCFqr2AhTe","name":"Acii HC II","type":"Point"}},{"type":"Feature","geometry":{"type":"Point","coordinates":[31.47702,-0.15771]},"properties":{"id":"kbI3b6L8ayi","name":"Kabundi HC II","type":"Point"}},{"type":"Feature","geometry":{"type":"Point","coordinates":[29.95526,-1.28293]},"properties":{"id":"kbiNehvstx4","name":"Kakomo HC IV","type":"Point"}},{"type":"Feature","geometry":{"type":"Point","coordinates":[32.27813,2.86143]},"properties":{"id":"KBjtlZguP00","name":"Coope HC II","type":"Point"}},{"type":"Feature","geometry":{"type":"Point","coordinates":[34.245027,1.03122]},"properties":{"id":"KBk0KFmtX6p","name":"Wanale HC III","type":"Point"}},{"type":"Feature","geometry":{"type":"Point","coordinates":[33.93581,1.48519]},"properties":{"id":"KbMOUjVK28j","name":"Kumi Community and Imaging Centre HC II","type":"Point"}},{"type":"Feature","geometry":{"type":"Point","coordinates":[33.17266,1.919833]},"properties":{"id":"KBNJtdMGHlZ","name":"Dokolo HC IV","type":"Point"}},{"type":"Feature","geometry":{"type":"Point","coordinates":[31.64251,-0.65513]},"properties":{"id":"KC28vpic105","name":"Kabira (Kyotera) HC III","type":"Point"}},{"type":"Feature","geometry":{"type":"Point","coordinates":[32.88631,2.2461]},"properties":{"id":"Kc7UIYCljdS","name":"Charis HC III","type":"Point"}},{"type":"Feature","geometry":{"type":"Point","coordinates":[31.69954,0.9987]},"properties":{"id":"KcfKx2brSuv","name":"Kikolimbo HC II","type":"Point"}},{"type":"Feature","geometry":{"type":"Point","coordinates":[32.34168,2.12499]},"properties":{"id":"KCqaFyGMWjF","name":"Atura HC III","type":"Point"}},{"type":"Feature","geometry":{"type":"Point","coordinates":[33.964416,2.007078]},"properties":{"id":"KDkEBufisia","name":"Palam HC II","type":"Point"}},{"type":"Feature","geometry":{"type":"Point","coordinates":[30.61724,-0.94071]},"properties":{"id":"KDPH9XYjHly","name":"St. Luke Kisyoro HC II","type":"Point"}},{"type":"Feature","geometry":{"type":"Point","coordinates":[29.9917,-1.25287]},"properties":{"id":"kdtrPobMkil","name":"Kda Staff Clinic HC II","type":"Point"}},{"type":"Feature","geometry":{"type":"Point","coordinates":[33.79967,1.05046]},"properties":{"id":"kEAAnF6s9TJ","name":"Kibuku HC IV","type":"Point"}},{"type":"Feature","geometry":{"type":"Point","coordinates":[33.62114,1.74807]},"properties":{"id":"KEJ7kcBumFl","name":"Princess Diana HC IV","type":"Point"}},{"type":"Feature","geometry":{"type":"Point","coordinates":[34.04329,1.59938]},"properties":{"id":"Kf1o8kvbbaS","name":"Akide HC II","type":"Point"}},{"type":"Feature","geometry":{"type":"Point","coordinates":[30.04498,-0.57992]},"properties":{"id":"KFix5BxgoTl","name":"Nyakishojwa HC II","type":"Point"}},{"type":"Feature","geometry":{"type":"Point","coordinates":[32.91527,3.15405]},"properties":{"id":"KgFiiUmrRxI","name":"Acholi-Bur HC III","type":"Point"}},{"type":"Feature","geometry":{"type":"Point","coordinates":[33.41086,2.52445]},"properties":{"id":"kGKMylkSAy8","name":"Atangwata HC III","type":"Point"}},{"type":"Feature","geometry":{"type":"Point","coordinates":[31.15247,3.21999]},"properties":{"id":"khBn8N5fIw8","name":"Ndaapi HC II","type":"Point"}},{"type":"Feature","geometry":{"type":"Point","coordinates":[32.2317,0.73416]},"properties":{"id":"Khcb8YYpw8O","name":"St. Theresa Kabogwe HC II","type":"Point"}},{"type":"Feature","geometry":{"type":"Point","coordinates":[31.184459,1.073698]},"properties":{"id":"KHdENRAXOQJ","name":"Kakindo HC IV","type":"Point"}},{"type":"Feature","geometry":{"type":"Point","coordinates":[29.89819,0.06332]},"properties":{"id":"KhvLQSeeHZM","name":"Kagando Hospital","type":"Point"}},{"type":"Feature","geometry":{"type":"Point","coordinates":[31.655661,-0.517453]},"properties":{"id":"KHwThSaTX0L","name":"Kyango HC III","type":"Point"}},{"type":"Feature","geometry":{"type":"Point","coordinates":[29.97515,-1.38716]},"properties":{"id":"kiM2BOyZ1V6","name":"Kyasano HC II","type":"Point"}},{"type":"Feature","geometry":{"type":"Point","coordinates":[33.5936,0.59936]},"properties":{"id":"kiuNceUg1Zo","name":"Ibulanku Community Health Center HC III","type":"Point"}},{"type":"Feature","geometry":{"type":"Point","coordinates":[29.99139,0.07819]},"properties":{"id":"KIxk9RDic7e","name":"Nyamirami HC IV","type":"Point"}},{"type":"Feature","geometry":{"type":"Point","coordinates":[30.27425,-1.06894]},"properties":{"id":"KJ7aFxkGCAs","name":"Kigaaga (Ngoma) HC II","type":"Point"}},{"type":"Feature","geometry":{"type":"Point","coordinates":[32.15234,3.27547]},"properties":{"id":"kJ8CMUMloVu","name":"Okidi HC II","type":"Point"}},{"type":"Feature","geometry":{"type":"Point","coordinates":[30.2191,0.6465]},"properties":{"id":"kJ8zh4TpBav","name":"Kiguma HC II","type":"Point"}},{"type":"Feature","geometry":{"type":"Point","coordinates":[32.68246,2.4589]},"properties":{"id":"kJRTTFJR9io","name":"Alira HC II","type":"Point"}},{"type":"Feature","geometry":{"type":"Point","coordinates":[30.227308,-0.845975]},"properties":{"id":"kjrZmlTqV89","name":"Nyarubare HC II","type":"Point"}},{"type":"Feature","geometry":{"type":"Point","coordinates":[31.415823,0.884785]},"properties":{"id":"KjU1XMtywg9","name":"Kabuubwa HC III","type":"Point"}},{"type":"Feature","geometry":{"type":"Point","coordinates":[32.34343,0.53488]},"properties":{"id":"KKGQeLdmpeT","name":"Lugungudde HC II","type":"Point"}},{"type":"Feature","geometry":{"type":"Point","coordinates":[30.290938,0.600614]},"properties":{"id":"KkhXqfAtuB1","name":"Sarah Medical Centre HC II","type":"Point"}},{"type":"Feature","geometry":{"type":"Point","coordinates":[30.076715,-1.262813]},"properties":{"id":"kkLTTVbk32P","name":"Kafunjo (Kabale) HC II","type":"Point"}},{"type":"Feature","geometry":{"type":"Point","coordinates":[33.695237,0.611091]},"properties":{"id":"kkNYl0r71q6","name":"Busowa HC II","type":"Point"}},{"type":"Feature","geometry":{"type":"Point","coordinates":[30.819277,1.084738]},"properties":{"id":"kkPs3xyvsD5","name":"Rugashari HC III","type":"Point"}},{"type":"Feature","geometry":{"type":"Point","coordinates":[31.96262,0.69511]},"properties":{"id":"kKuqQelGUnq","name":"Muwanga HC III","type":"Point"}},{"type":"Feature","geometry":{"type":"Point","coordinates":[33.51942,1.95525]},"properties":{"id":"kkYUoOF74Eb","name":"Tubur HC III","type":"Point"}},{"type":"Feature","geometry":{"type":"Point","coordinates":[31.339373,-0.165556]},"properties":{"id":"KLBxmLPpWUr","name":"Kibengo (Sembabule) HC II","type":"Point"}},{"type":"Feature","geometry":{"type":"Point","coordinates":[31.36091,2.46823]},"properties":{"id":"KLEPRYA9Nge","name":"Alwi HC III","type":"Point"}},{"type":"Feature","geometry":{"type":"Point","coordinates":[30.10711,-1.32079]},"properties":{"id":"KlGGom62gxM","name":"Maziba HC IV","type":"Point"}},{"type":"Feature","geometry":{"type":"Point","coordinates":[29.88101,-0.79663]},"properties":{"id":"kLgmLxMJP9O","name":"Nyakagyeme HC III","type":"Point"}},{"type":"Feature","geometry":{"type":"Point","coordinates":[31.91117,0.60285]},"properties":{"id":"KLRFW0OxcyN","name":"Kyamusisi HC III","type":"Point"}},{"type":"Feature","geometry":{"type":"Point","coordinates":[34.34928,0.90752]},"properties":{"id":"KLUaz4vAm5G","name":"Bupoto COU HC II","type":"Point"}},{"type":"Feature","geometry":{"type":"Point","coordinates":[33.4727,2.29121]},"properties":{"id":"klwx6rSe63o","name":"Adwir HC II","type":"Point"}},{"type":"Feature","geometry":{"type":"Point","coordinates":[32.587622,0.346]},"properties":{"id":"KmKIA7d9Mdh","name":"J and H Medical Skin Clinic Formerly Yakobo HC II","type":"Point"}},{"type":"Feature","geometry":{"type":"Point","coordinates":[30.47389,0.0106]},"properties":{"id":"Kmw6iQfQA2L","name":"Kabaare HC II","type":"Point"}},{"type":"Feature","geometry":{"type":"Point","coordinates":[31.88558,0.03718]},"properties":{"id":"kMZGxkg0VmA","name":"Butende HC II","type":"Point"}},{"type":"Feature","geometry":{"type":"Point","coordinates":[32.20969,0.51948]},"properties":{"id":"knAcurSqZWF","name":"Nakitokolo Namayumba HC II","type":"Point"}},{"type":"Feature","geometry":{"type":"Point","coordinates":[31.16981,-0.7352]},"properties":{"id":"knT6WKTr4lg","name":"Rwantaaha HC II","type":"Point"}},{"type":"Feature","geometry":{"type":"Point","coordinates":[31.6097,0.08627]},"properties":{"id":"KNuyUySHocg","name":"Kisozi HC III","type":"Point"}},{"type":"Feature","geometry":{"type":"Point","coordinates":[31.02365,3.14133]},"properties":{"id":"KoFsKTrBNe7","name":"Ogua HC II","type":"Point"}},{"type":"Feature","geometry":{"type":"Point","coordinates":[32.96759,0.71425]},"properties":{"id":"KOR692oAfkP","name":"Nakatovu HC II","type":"Point"}},{"type":"Feature","geometry":{"type":"Point","coordinates":[30.534799,1.042278]},"properties":{"id":"KPdYR8oFFSw","name":"Ntoroko HC III","type":"Point"}},{"type":"Feature","geometry":{"type":"Point","coordinates":[33.7279,0.42378]},"properties":{"id":"KPoshqPMs2y","name":"Bulidha HC III","type":"Point"}},{"type":"Feature","geometry":{"type":"Point","coordinates":[30.034638,-0.79968]},"properties":{"id":"KPpGdhcZvNE","name":"Karuhembe HC III","type":"Point"}},{"type":"Feature","geometry":{"type":"Point","coordinates":[30.09324,-0.45689]},"properties":{"id":"KQt6eh1UGuS","name":"Swazi HC II","type":"Point"}},{"type":"Feature","geometry":{"type":"Point","coordinates":[31.64209,-0.36366]},"properties":{"id":"Kr7CHCgWoNo","name":"Kisansala HC II","type":"Point"}},{"type":"Feature","geometry":{"type":"Point","coordinates":[33.79804,2.07524]},"properties":{"id":"krIH36G6xhy","name":"Acowa HC III","type":"Point"}},{"type":"Feature","geometry":{"type":"Point","coordinates":[34.00117,2.98911]},"properties":{"id":"krPNAO6ikKF","name":"Lokitelaebu HC III","type":"Point"}},{"type":"Feature","geometry":{"type":"Point","coordinates":[32.644437,0.307603]},"properties":{"id":"KRwcy1zyd5P","name":"Luzira Community Clinic HC II","type":"Point"}},{"type":"Feature","geometry":{"type":"Point","coordinates":[31.9552,3.39322]},"properties":{"id":"Krxa01FAxdW","name":"Dzaipi HC III","type":"Point"}},{"type":"Feature","geometry":{"type":"Point","coordinates":[32.86891,0.76519]},"properties":{"id":"KSISbkevj03","name":"Buyobe HC II","type":"Point"}},{"type":"Feature","geometry":{"type":"Point","coordinates":[33.13407,0.54399]},"properties":{"id":"kSluRjthpsk","name":"Kibibi HC II","type":"Point"}},{"type":"Feature","geometry":{"type":"Point","coordinates":[30.8893,3.5358]},"properties":{"id":"KSQ9mCLvRMA","name":"Oraba HC II","type":"Point"}},{"type":"Feature","geometry":{"type":"Point","coordinates":[30.126636,0.415655]},"properties":{"id":"KSrm1cFNorS","name":"Rwesande HC IV","type":"Point"}},{"type":"Feature","geometry":{"type":"Point","coordinates":[32.6561,0.315]},"properties":{"id":"KssVUerFkyV","name":"Butabika National Referral Hospital","type":"Point"}},{"type":"Feature","geometry":{"type":"Point","coordinates":[31.4017,-0.53507]},"properties":{"id":"KsvZ6Mr8PYj","name":"Nanywa HC III","type":"Point"}},{"type":"Feature","geometry":{"type":"Point","coordinates":[33.82072,1.09734]},"properties":{"id":"Kt3uooeOw2H","name":"Nabuli HC III","type":"Point"}},{"type":"Feature","geometry":{"type":"Point","coordinates":[29.90153,-1.40716]},"properties":{"id":"ktaPwuDxHca","name":"Butanda HC III","type":"Point"}},{"type":"Feature","geometry":{"type":"Point","coordinates":[34.37302,1.02831]},"properties":{"id":"kTnTCeBN2we","name":"Bulucheke HC III","type":"Point"}},{"type":"Feature","geometry":{"type":"Point","coordinates":[29.801,-1.32985]},"properties":{"id":"KTTl1ryBZOH","name":"Maregamo HC III","type":"Point"}},{"type":"Feature","geometry":{"type":"Point","coordinates":[33.64003,0.58253]},"properties":{"id":"ktWYA6M0nc1","name":"Nsale HC II","type":"Point"}},{"type":"Feature","geometry":{"type":"Point","coordinates":[30.098858,0.094504]},"properties":{"id":"KuCGJjeYQS4","name":"Muhokya HC III","type":"Point"}},{"type":"Feature","geometry":{"type":"Point","coordinates":[33.65204,0.68805]},"properties":{"id":"kUonlvZyTBd","name":"Nkombe (Buyanga) HC II","type":"Point"}},{"type":"Feature","geometry":{"type":"Point","coordinates":[29.97852,0.59003]},"properties":{"id":"kvNr0D5clU1","name":"Kakuka HC III","type":"Point"}},{"type":"Feature","geometry":{"type":"Point","coordinates":[33.97876,1.16231]},"properties":{"id":"KVr6XH80o39","name":"Kibuye HC II","type":"Point"}},{"type":"Feature","geometry":{"type":"Point","coordinates":[29.983204,-1.430117]},"properties":{"id":"kVVwdnabTQv","name":"Karujanga HC II","type":"Point"}},{"type":"Feature","geometry":{"type":"Point","coordinates":[34.64706,2.50129]},"properties":{"id":"kvZH9oA6jkJ","name":"Loputuk HC III","type":"Point"}},{"type":"Feature","geometry":{"type":"Point","coordinates":[30.57958,-0.3256]},"properties":{"id":"kw2BNLtK1FZ","name":"Rubindi HC III","type":"Point"}},{"type":"Feature","geometry":{"type":"Point","coordinates":[33.56362,2.12311]},"properties":{"id":"kwd5xyrWwvO","name":"Amusus HC III","type":"Point"}},{"type":"Feature","geometry":{"type":"Point","coordinates":[32.91131,0.55967]},"properties":{"id":"KwFneGvRFii","name":"Kateete HC II","type":"Point"}},{"type":"Feature","geometry":{"type":"Point","coordinates":[33.58541,0.54764]},"properties":{"id":"kwX8AJb1QLp","name":"Bulyansime HC II","type":"Point"}},{"type":"Feature","geometry":{"type":"Point","coordinates":[30.06677,-1.24382]},"properties":{"id":"kx0KBt6s0UP","name":"Kaharo HC III","type":"Point"}},{"type":"Feature","geometry":{"type":"Point","coordinates":[29.938616,-0.712414]},"properties":{"id":"kXJkfnWxIIw","name":"Ndere HC II","type":"Point"}},{"type":"Feature","geometry":{"type":"Point","coordinates":[31.76409,-0.91352]},"properties":{"id":"KyCqBaEFJk5","name":"Kasensero HC II","type":"Point"}},{"type":"Feature","geometry":{"type":"Point","coordinates":[32.2476,0.64448]},"properties":{"id":"kyHAWNZ9EPd","name":"Kirema HC III","type":"Point"}},{"type":"Feature","geometry":{"type":"Point","coordinates":[33.61657,1.71146]},"properties":{"id":"KYMxfFztCFl","name":"Soroti Police HC III","type":"Point"}},{"type":"Feature","geometry":{"type":"Point","coordinates":[34.28111,0.83688]},"properties":{"id":"kYo6rlWFlg2","name":"Butiru Dispensary HC II","type":"Point"}},{"type":"Feature","geometry":{"type":"Point","coordinates":[33.8259,0.87958]},"properties":{"id":"Kz4R1fHjE7p","name":"Busaba HC III","type":"Point"}},{"type":"Feature","geometry":{"type":"Point","coordinates":[30.58883,0.13726]},"properties":{"id":"kZEhE6UH0aB","name":"Rushango HC II","type":"Point"}},{"type":"Feature","geometry":{"type":"Point","coordinates":[32.06175,1.8786]},"properties":{"id":"kzFJJnKcISy","name":"Kiryandongo Hospital","type":"Point"}},{"type":"Feature","geometry":{"type":"Point","coordinates":[32.989,1.33687]},"properties":{"id":"KzxdCSnvGwD","name":"Kidera HC IV","type":"Point"}},{"type":"Feature","geometry":{"type":"Point","coordinates":[33.66565,0.92826]},"properties":{"id":"L04tDDkt7CP","name":"Namalemba- Nsoola HC II","type":"Point"}},{"type":"Feature","geometry":{"type":"Point","coordinates":[30.21872,-0.66621]},"properties":{"id":"l1UGueRWDTc","name":"Karugorora HC II","type":"Point"}},{"type":"Feature","geometry":{"type":"Point","coordinates":[33.12981,0.40807]},"properties":{"id":"L1xyzHN8G9z","name":"Christ the King HC II","type":"Point"}},{"type":"Feature","geometry":{"type":"Point","coordinates":[32.172583,2.910173]},"properties":{"id":"l25J2D2A6R3","name":"Guruguru HC II","type":"Point"}},{"type":"Feature","geometry":{"type":"Point","coordinates":[30.89712,3.11364]},"properties":{"id":"l268ov5GFsR","name":"Aroi HC III","type":"Point"}},{"type":"Feature","geometry":{"type":"Point","coordinates":[30.52726,0.09845]},"properties":{"id":"L2AawSLvQy5","name":"Nsasi HC II","type":"Point"}},{"type":"Feature","geometry":{"type":"Point","coordinates":[31.14751,-0.34524]},"properties":{"id":"l2cANoyAws0","name":"Kabula Prison HC II","type":"Point"}},{"type":"Feature","geometry":{"type":"Point","coordinates":[33.36399,0.821]},"properties":{"id":"L3C3YjvXtRE","name":"Naigobya Udha HC II","type":"Point"}},{"type":"Feature","geometry":{"type":"Point","coordinates":[31.36912,1.19409]},"properties":{"id":"L3gFRSrU2gm","name":"Bananywa HC II","type":"Point"}},{"type":"Feature","geometry":{"type":"Point","coordinates":[31.36656,-0.16578]},"properties":{"id":"L3gSrcVk4Nj","name":"Busheka (Sembabule) HC II","type":"Point"}},{"type":"Feature","geometry":{"type":"Point","coordinates":[32.19302,0.57314]},"properties":{"id":"l3oOKBFWJkz","name":"St. Padre Pio Mirembe HC III","type":"Point"}},{"type":"Feature","geometry":{"type":"Point","coordinates":[33.28265,2.42806]},"properties":{"id":"L4ABgSqNsXd","name":"Aliwang HC III","type":"Point"}},{"type":"Feature","geometry":{"type":"Point","coordinates":[31.41683,2.10627]},"properties":{"id":"L527rOiqFUJ","name":"Uganda Martyrs HC II","type":"Point"}},{"type":"Feature","geometry":{"type":"Point","coordinates":[33.80838,1.88767]},"properties":{"id":"l5C1tkKf11K","name":"Ongutoi HC III","type":"Point"}},{"type":"Feature","geometry":{"type":"Point","coordinates":[32.70359,0.42241]},"properties":{"id":"l5HaUjsJOQX","name":"Bukerere HC II","type":"Point"}},{"type":"Feature","geometry":{"type":"Point","coordinates":[33.96227,1.92008]},"properties":{"id":"l5XOgabZp4j","name":"Katakwi Hospital","type":"Point"}},{"type":"Feature","geometry":{"type":"Point","coordinates":[32.86733,1.43633]},"properties":{"id":"L63oRktfIfQ","name":"Bukungu HC II","type":"Point"}},{"type":"Feature","geometry":{"type":"Point","coordinates":[32.42835,0.67028]},"properties":{"id":"l6faU6mJBOh","name":"Kyangato HC II","type":"Point"}},{"type":"Feature","geometry":{"type":"Point","coordinates":[34.08731,0.71307]},"properties":{"id":"L7H26nkcc8K","name":"Nyamalogo HC II","type":"Point"}},{"type":"Feature","geometry":{"type":"Point","coordinates":[32.71652,1.89767]},"properties":{"id":"L8aG2wV3SbE","name":"Acwao HC II","type":"Point"}},{"type":"Feature","geometry":{"type":"Point","coordinates":[32.85736,0.25935]},"properties":{"id":"l8EC97zI8Xl","name":"Kiyoola HC II","type":"Point"}},{"type":"Feature","geometry":{"type":"Point","coordinates":[32.50388,0.54415]},"properties":{"id":"l8JCkd3nqOV","name":"Ttikalu HC III","type":"Point"}},{"type":"Feature","geometry":{"type":"Point","coordinates":[33.4382,1.55369]},"properties":{"id":"L9235x9BWmp","name":"Miria HC II","type":"Point"}},{"type":"Feature","geometry":{"type":"Point","coordinates":[29.861686,-1.286824]},"properties":{"id":"l9dGMGtxEOi","name":"Bufundi HC III","type":"Point"}},{"type":"Feature","geometry":{"type":"Point","coordinates":[33.78289,1.35049]},"properties":{"id":"l9hCccYpw87","name":"Agaria HC II","type":"Point"}},{"type":"Feature","geometry":{"type":"Point","coordinates":[33.979115,1.263451]},"properties":{"id":"L9isDZQcpuo","name":"Kidongole HC III","type":"Point"}},{"type":"Feature","geometry":{"type":"Point","coordinates":[30.54447,-0.38219]},"properties":{"id":"LaLIpBS7ZeK","name":"Kariro HC II","type":"Point"}},{"type":"Feature","geometry":{"type":"Point","coordinates":[30.782063,0.631171]},"properties":{"id":"lAp1gLzugAb","name":"Kyakaramata HC II","type":"Point"}},{"type":"Feature","geometry":{"type":"Point","coordinates":[31.99884,0.11322]},"properties":{"id":"laPnCXSZ0Oo","name":"Bulo HC III","type":"Point"}},{"type":"Feature","geometry":{"type":"Point","coordinates":[32.43207,0.46028]},"properties":{"id":"lAyJuyzL2Oj","name":"Bulondo HC III","type":"Point"}},{"type":"Feature","geometry":{"type":"Point","coordinates":[31.77189,-0.12408]},"properties":{"id":"lbLwvsxtAIk","name":"Kabungo HC III","type":"Point"}},{"type":"Feature","geometry":{"type":"Point","coordinates":[33.0624,1.33529]},"properties":{"id":"LBp4DiaMDo4","name":"Kigingi Flep HC II","type":"Point"}},{"type":"Feature","geometry":{"type":"Point","coordinates":[29.85162,-1.09934]},"properties":{"id":"lC60BUrGZlW","name":"Nyamabare HC II","type":"Point"}},{"type":"Feature","geometry":{"type":"Point","coordinates":[31.33561,0.40205]},"properties":{"id":"lcBEpZG4m9x","name":"Mawujjo HC II","type":"Point"}},{"type":"Feature","geometry":{"type":"Point","coordinates":[30.46178,-0.24181]},"properties":{"id":"LcDCJ8enDPT","name":"Kigunga HC II","type":"Point"}},{"type":"Feature","geometry":{"type":"Point","coordinates":[33.50391,0.52405]},"properties":{"id":"lCEffRvoU53","name":"Buwaya HC II","type":"Point"}},{"type":"Feature","geometry":{"type":"Point","coordinates":[32.11298,0.77928]},"properties":{"id":"LCLV69y7s8Z","name":"Muyenje HC II","type":"Point"}},{"type":"Feature","geometry":{"type":"Point","coordinates":[31.22509,3.57651]},"properties":{"id":"Lcmjm7r98bi","name":"Mocha HC III","type":"Point"}},{"type":"Feature","geometry":{"type":"Point","coordinates":[33.12439,0.9424]},"properties":{"id":"lCNjvOwBgzK","name":"Family Nursing Home HC III","type":"Point"}},{"type":"Feature","geometry":{"type":"Point","coordinates":[31.274459,2.192194]},"properties":{"id":"LdgVQTS79eI","name":"Dei HC II","type":"Point"}},{"type":"Feature","geometry":{"type":"Point","coordinates":[33.35205,0.25546]},"properties":{"id":"LDngLVQbqNI","name":"Namatale HC III","type":"Point"}},{"type":"Feature","geometry":{"type":"Point","coordinates":[31.80363,0.92174]},"properties":{"id":"lDPaRCAB2hR","name":"Kachwangozi HC II","type":"Point"}},{"type":"Feature","geometry":{"type":"Point","coordinates":[34.3788,0.90495]},"properties":{"id":"lDVrvHJzAg5","name":"Beatrice Tinniery Matuwa HC II","type":"Point"}},{"type":"Feature","geometry":{"type":"Point","coordinates":[33.940449,0.674503]},"properties":{"id":"ley8cutuvE9","name":"Ligingi HC II","type":"Point"}},{"type":"Feature","geometry":{"type":"Point","coordinates":[32.12069,0.0829]},"properties":{"id":"lF4U1Yzu0Ka","name":"Mitala-Maria HC III","type":"Point"}},{"type":"Feature","geometry":{"type":"Point","coordinates":[30.153015,-1.167387]},"properties":{"id":"lFAveMrpNVa","name":"Muhanga HC II","type":"Point"}},{"type":"Feature","geometry":{"type":"Point","coordinates":[32.66896,0.33204]},"properties":{"id":"lfCP5in3t6p","name":"Kirinya (Bweyogerere) HC II","type":"Point"}},{"type":"Feature","geometry":{"type":"Point","coordinates":[33.83112,1.81856]},"properties":{"id":"lFzxlKU9GDe","name":"Amolo HC II","type":"Point"}},{"type":"Feature","geometry":{"type":"Point","coordinates":[30.104458,0.363786]},"properties":{"id":"lGAhRBCmDzT","name":"Mukathi HC III","type":"Point"}},{"type":"Feature","geometry":{"type":"Point","coordinates":[33.38839,2.03784]},"properties":{"id":"lGdKcxEQz4E","name":"Akeriau HC III","type":"Point"}},{"type":"Feature","geometry":{"type":"Point","coordinates":[33.15873,0.71764]},"properties":{"id":"Lgs45wMr4Ua","name":"Bupadhengo Flep HC II","type":"Point"}},{"type":"Feature","geometry":{"type":"Point","coordinates":[30.30993,0.46374]},"properties":{"id":"lgY4lou7ebv","name":"Iruhura COU HC III","type":"Point"}},{"type":"Feature","geometry":{"type":"Point","coordinates":[32.576766,0.283351]},"properties":{"id":"LgZFIQN8dut","name":"Winners Clinic HC II","type":"Point"}},{"type":"Feature","geometry":{"type":"Point","coordinates":[31.14894,3.26576]},"properties":{"id":"lh4zqCHzHIM","name":"Otumbari St. Lawrence HC III","type":"Point"}},{"type":"Feature","geometry":{"type":"Point","coordinates":[31.92544,0.07586]},"properties":{"id":"lH80zq7z1Hg","name":"Ngando HC III","type":"Point"}},{"type":"Feature","geometry":{"type":"Point","coordinates":[31.25032,0.42626]},"properties":{"id":"lhdMYndcaPr","name":"Kiyita HC II","type":"Point"}},{"type":"Feature","geometry":{"type":"Point","coordinates":[30.24376,-0.32917]},"properties":{"id":"LhE35B3jIFx","name":"Kikamba HC II","type":"Point"}},{"type":"Feature","geometry":{"type":"Point","coordinates":[31.85509,3.35692]},"properties":{"id":"LhNgo4n9Wi9","name":"Pakele HC III","type":"Point"}},{"type":"Feature","geometry":{"type":"Point","coordinates":[31.83074,3.57472]},"properties":{"id":"lj4kXX1WxcL","name":"Paanjala HC II","type":"Point"}},{"type":"Feature","geometry":{"type":"Point","coordinates":[29.7716,-1.28401]},"properties":{"id":"lJf5crQrZpO","name":"Kagezi HC III","type":"Point"}},{"type":"Feature","geometry":{"type":"Point","coordinates":[30.36704,-0.25901]},"properties":{"id":"lKe84qZSuYD","name":"Rwanyamabare HC II","type":"Point"}},{"type":"Feature","geometry":{"type":"Point","coordinates":[32.49001,0.84695]},"properties":{"id":"LkOMgdgNdIr","name":"Good Hope Medical Centre HC II","type":"Point"}},{"type":"Feature","geometry":{"type":"Point","coordinates":[32.587136,0.298195]},"properties":{"id":"lkSNS9gARfW","name":"J B Medical Clinic HC II","type":"Point"}},{"type":"Feature","geometry":{"type":"Point","coordinates":[32.40523,0.40431]},"properties":{"id":"LKxm4CmrYYh","name":"Luwunga Barracks HC III","type":"Point"}},{"type":"Feature","geometry":{"type":"Point","coordinates":[34.936195,1.944409]},"properties":{"id":"LL0yj8yGUjx","name":"Amudat Joint Clinic","type":"Point"}},{"type":"Feature","geometry":{"type":"Point","coordinates":[29.990961,-0.747642]},"properties":{"id":"LLCOrTAVtpK","name":"Buhunga HC IV","type":"Point"}},{"type":"Feature","geometry":{"type":"Point","coordinates":[30.56031,0.779537]},"properties":{"id":"LLjCLRuuOpp","name":"Kyarusozi HC IV","type":"Point"}},{"type":"Feature","geometry":{"type":"Point","coordinates":[32.581496,0.264725]},"properties":{"id":"LllAHzEk2zk","name":"St. Apolo HC III","type":"Point"}},{"type":"Feature","geometry":{"type":"Point","coordinates":[31.68695,0.8129]},"properties":{"id":"llNeiWHW1oW","name":"Seeta HC II","type":"Point"}},{"type":"Feature","geometry":{"type":"Point","coordinates":[31.77053,2.8556]},"properties":{"id":"llrIsQDjqka","name":"Omee I HC II","type":"Point"}},{"type":"Feature","geometry":{"type":"Point","coordinates":[34.25725,1.27174]},"properties":{"id":"LLs45lStr4N","name":"Bumageni HC II","type":"Point"}},{"type":"Feature","geometry":{"type":"Point","coordinates":[32.5539,2.5307]},"properties":{"id":"LLYB1JRn1UL","name":"Ariba HC III","type":"Point"}},{"type":"Feature","geometry":{"type":"Point","coordinates":[32.49802,3.4096]},"properties":{"id":"lmi2JiLawTV","name":"Palabek Ogili HC III","type":"Point"}},{"type":"Feature","geometry":{"type":"Point","coordinates":[32.5737,1.40148]},"properties":{"id":"LmZCUcHOt4t","name":"Kikoiro HC II","type":"Point"}},{"type":"Feature","geometry":{"type":"Point","coordinates":[31.47997,-0.67249]},"properties":{"id":"Lo7mfA6jWTu","name":"Lwanda HC III","type":"Point"}},{"type":"Feature","geometry":{"type":"Point","coordinates":[31.88513,0.61331]},"properties":{"id":"LoLoHmDsEna","name":"Kitokolo HC II","type":"Point"}},{"type":"Feature","geometry":{"type":"Point","coordinates":[30.31764,-0.3057]},"properties":{"id":"loYUJYilHdx","name":"Kyeyare HC II","type":"Point"}},{"type":"Feature","geometry":{"type":"Point","coordinates":[32.27456,2.76758]},"properties":{"id":"LPJ8Gxge7ig","name":"St. Philip HC II","type":"Point"}},{"type":"Feature","geometry":{"type":"Point","coordinates":[31.9387,2.88091]},"properties":{"id":"LPjcTTbfcGL","name":"Okungedi HC II","type":"Point"}},{"type":"Feature","geometry":{"type":"Point","coordinates":[32.72341,1.24681]},"properties":{"id":"Lpow1s0TW11","name":"Mayirikiti HC II (Nakasongola)","type":"Point"}},{"type":"Feature","geometry":{"type":"Point","coordinates":[31.613992,3.267129]},"properties":{"id":"Lq5bORbEZDi","name":"Maaji A HC II","type":"Point"}},{"type":"Feature","geometry":{"type":"Point","coordinates":[31.80547,0.01273]},"properties":{"id":"lQ9FxeRMd8s","name":"St. Monica Birongo HC III","type":"Point"}},{"type":"Feature","geometry":{"type":"Point","coordinates":[31.71952,1.686759]},"properties":{"id":"LqCv15Sdg9U","name":"Supreme Medical Centre HC III","type":"Point"}},{"type":"Feature","geometry":{"type":"Point","coordinates":[30.09126,-0.66407]},"properties":{"id":"lqjbb3z0AUf","name":"Bukongoro HC II","type":"Point"}},{"type":"Feature","geometry":{"type":"Point","coordinates":[32.5375,0.32647]},"properties":{"id":"Lrcueou5ksf","name":"Milne Medical Centre HC II","type":"Point"}},{"type":"Feature","geometry":{"type":"Point","coordinates":[31.48059,-0.85906]},"properties":{"id":"Ls1dG8v84Wu","name":"Kakuuto HC IV","type":"Point"}},{"type":"Feature","geometry":{"type":"Point","coordinates":[31.54318,-0.63162]},"properties":{"id":"lS1i3kglzgM","name":"Muzito Domiciliary SDA HC II","type":"Point"}},{"type":"Feature","geometry":{"type":"Point","coordinates":[33.79094,2.58851]},"properties":{"id":"ltIECAx2ppI","name":"Abim Obolokome HC II","type":"Point"}},{"type":"Feature","geometry":{"type":"Point","coordinates":[29.8686,-0.31131]},"properties":{"id":"ltPXYlK9Lnd","name":"Kishenyi HC II","type":"Point"}},{"type":"Feature","geometry":{"type":"Point","coordinates":[32.36515,3.11752]},"properties":{"id":"ltWFhjfI6qF","name":"Labworomor HC III","type":"Point"}},{"type":"Feature","geometry":{"type":"Point","coordinates":[29.999229,-0.620349]},"properties":{"id":"Lu7D9BapOxL","name":"Kashenshero HC III","type":"Point"}},{"type":"Feature","geometry":{"type":"Point","coordinates":[32.576766,0.283351]},"properties":{"id":"LulU6pCpYAA","name":"Sanyu Clinic Rubaga HC II","type":"Point"}},{"type":"Feature","geometry":{"type":"Point","coordinates":[30.01475,-1.2166]},"properties":{"id":"Lv2hN8kFsyr","name":"Nyabushabi HC II","type":"Point"}},{"type":"Feature","geometry":{"type":"Point","coordinates":[30.94334,-0.77704]},"properties":{"id":"lvbkNrwAFmE","name":"Nakivale HC III","type":"Point"}},{"type":"Feature","geometry":{"type":"Point","coordinates":[32.82524,0.67956]},"properties":{"id":"lVDEXK2iWmp","name":"Kasawo Mission HC II","type":"Point"}},{"type":"Feature","geometry":{"type":"Point","coordinates":[33.21273,1.70848]},"properties":{"id":"LvFBfRqhgKN","name":"Abirabira HC II","type":"Point"}},{"type":"Feature","geometry":{"type":"Point","coordinates":[33.12034,0.95039]},"properties":{"id":"LVFyV61bpdi","name":"Kamuli Hospital","type":"Point"}},{"type":"Feature","geometry":{"type":"Point","coordinates":[31.58325,3.56045]},"properties":{"id":"Lw8YR0FJdCr","name":"Lefori HC III","type":"Point"}},{"type":"Feature","geometry":{"type":"Point","coordinates":[30.49815,0.04915]},"properties":{"id":"LwODrFWsUAR","name":"Ishongororo HC IV","type":"Point"}},{"type":"Feature","geometry":{"type":"Point","coordinates":[33.36491,1.57127]},"properties":{"id":"lwOFIJ6tbNa","name":"Kamod HC II","type":"Point"}},{"type":"Feature","geometry":{"type":"Point","coordinates":[33.12024,0.96068]},"properties":{"id":"lWTcvquVxC0","name":"Kamuli Youth Centre Clinic HC II","type":"Point"}},{"type":"Feature","geometry":{"type":"Point","coordinates":[33.421069,0.831407]},"properties":{"id":"LWx8ihq5EVl","name":"Kiringa (Iganga) HC II","type":"Point"}},{"type":"Feature","geometry":{"type":"Point","coordinates":[31.785342,3.713937]},"properties":{"id":"LxIzdSisWRN","name":"Gbari HC II","type":"Point"}},{"type":"Feature","geometry":{"type":"Point","coordinates":[30.559,-0.17846]},"properties":{"id":"LxrRzrhlAGE","name":"Kihani HC II","type":"Point"}},{"type":"Feature","geometry":{"type":"Point","coordinates":[32.16607,0.24899]},"properties":{"id":"lxS0qhIRkQv","name":"Butaaka HC II","type":"Point"}},{"type":"Feature","geometry":{"type":"Point","coordinates":[34.09199,1.13751]},"properties":{"id":"LXSc8Kd4whS","name":"Putti HC II","type":"Point"}},{"type":"Feature","geometry":{"type":"Point","coordinates":[29.885882,-0.694498]},"properties":{"id":"lYcZavJEBXg","name":"Nyabiteete HC II","type":"Point"}},{"type":"Feature","geometry":{"type":"Point","coordinates":[34.390969,1.081121]},"properties":{"id":"Lyd040RjHYd","name":"Bukalasi HC III","type":"Point"}},{"type":"Feature","geometry":{"type":"Point","coordinates":[34.17884,0.69186]},"properties":{"id":"lYgSWrePvFh","name":"Divine Mercy (Tororo) Hospital","type":"Point"}},{"type":"Feature","geometry":{"type":"Point","coordinates":[34.74368,1.23099]},"properties":{"id":"lyRKz5je0d6","name":"Kwirwot HC II","type":"Point"}},{"type":"Feature","geometry":{"type":"Point","coordinates":[32.973261,3.231191]},"properties":{"id":"lYrwiBVHAUv","name":"Oryang Kulu Kwach HC II","type":"Point"}},{"type":"Feature","geometry":{"type":"Point","coordinates":[31.78195,1.76585]},"properties":{"id":"LyUOH3aGCga","name":"Pakanyi HC III","type":"Point"}},{"type":"Feature","geometry":{"type":"Point","coordinates":[33.36238,0.92098]},"properties":{"id":"lZ0jegnJbzh","name":"Buyoga HC II","type":"Point"}},{"type":"Feature","geometry":{"type":"Point","coordinates":[29.892724,-0.80796]},"properties":{"id":"Lz3AalNYjUp","name":"Bucence HC II","type":"Point"}},{"type":"Feature","geometry":{"type":"Point","coordinates":[29.909105,-1.217465]},"properties":{"id":"Lz5IMmqsLcZ","name":"Bubare HC III","type":"Point"}},{"type":"Feature","geometry":{"type":"Point","coordinates":[34.46808,1.43589]},"properties":{"id":"lz5JN2jaw2Y","name":"Tumboboi HC III","type":"Point"}},{"type":"Feature","geometry":{"type":"Point","coordinates":[32.75007,0.86181]},"properties":{"id":"LzGj85cv2nZ","name":"Kibengo HC III","type":"Point"}},{"type":"Feature","geometry":{"type":"Point","coordinates":[33.34878,0.56064]},"properties":{"id":"lZHbUJPtorQ","name":"Nalinaibi HC II","type":"Point"}},{"type":"Feature","geometry":{"type":"Point","coordinates":[34.39112,1.12912]},"properties":{"id":"m1B0rCFe5za","name":"Masiyompo HC III","type":"Point"}},{"type":"Feature","geometry":{"type":"Point","coordinates":[32.18646,0.422]},"properties":{"id":"m1krcxelOyC","name":"Namungo HC III","type":"Point"}},{"type":"Feature","geometry":{"type":"Point","coordinates":[31.08518,3.20149]},"properties":{"id":"M1mMjZQziEs","name":"Obofia HC II","type":"Point"}},{"type":"Feature","geometry":{"type":"Point","coordinates":[33.77552,0.71624]},"properties":{"id":"M1T2kR9PYXj","name":"Bugobi HC II","type":"Point"}},{"type":"Feature","geometry":{"type":"Point","coordinates":[30.022294,-0.833808]},"properties":{"id":"M2AzPjEms5H","name":"Kahengye HC II","type":"Point"}},{"type":"Feature","geometry":{"type":"Point","coordinates":[32.94147,2.61919]},"properties":{"id":"M2Es7QYNu3D","name":"All Saints Puranga HC II","type":"Point"}},{"type":"Feature","geometry":{"type":"Point","coordinates":[32.26561,0.52163]},"properties":{"id":"m2ROGumujet","name":"Namayumba HC IV","type":"Point"}},{"type":"Feature","geometry":{"type":"Point","coordinates":[30.23965,-0.17605]},"properties":{"id":"m3i5NXppqJi","name":"Kyabakara HC II","type":"Point"}},{"type":"Feature","geometry":{"type":"Point","coordinates":[30.10194,-0.62693]},"properties":{"id":"m3jCfYlfUKY","name":"Rubare HC II","type":"Point"}},{"type":"Feature","geometry":{"type":"Point","coordinates":[33.8577,2.0068]},"properties":{"id":"m5bcdRygx9D","name":"Angerepo HC II","type":"Point"}},{"type":"Feature","geometry":{"type":"Point","coordinates":[31.28307,0.49686]},"properties":{"id":"M5caUvrHw5q","name":"Kibalinga HC III","type":"Point"}},{"type":"Feature","geometry":{"type":"Point","coordinates":[31.87306,2.88151]},"properties":{"id":"M5YKLYHpU1v","name":"Mutema HC II","type":"Point"}},{"type":"Feature","geometry":{"type":"Point","coordinates":[30.12337,0.74551]},"properties":{"id":"m6EphK59CJo","name":"Kikyo HC IV","type":"Point"}},{"type":"Feature","geometry":{"type":"Point","coordinates":[32.588833,1.139994]},"properties":{"id":"m6JUeBRb6FQ","name":"Kamunina HC II","type":"Point"}},{"type":"Feature","geometry":{"type":"Point","coordinates":[33.47954,0.61598]},"properties":{"id":"M6qnxgpeCA4","name":"Iganga Town Council HC III","type":"Point"}},{"type":"Feature","geometry":{"type":"Point","coordinates":[33.75444,0.60656]},"properties":{"id":"m6v8B2bP3ar","name":"Kiseitaka HC II","type":"Point"}},{"type":"Feature","geometry":{"type":"Point","coordinates":[33.15799,0.83928]},"properties":{"id":"M7IdNzIwa32","name":"Budhatemwa HC II","type":"Point"}},{"type":"Feature","geometry":{"type":"Point","coordinates":[30.2792,-0.14323]},"properties":{"id":"M7knA0XD16u","name":"Irimya HC II","type":"Point"}},{"type":"Feature","geometry":{"type":"Point","coordinates":[32.67284,0.690206]},"properties":{"id":"M7RLcStmJql","name":"St. Kizito Natyole HC III","type":"Point"}},{"type":"Feature","geometry":{"type":"Point","coordinates":[30.86051,2.6775]},"properties":{"id":"M7xUX14enRA","name":"Anyavu HC II","type":"Point"}},{"type":"Feature","geometry":{"type":"Point","coordinates":[30.91947,2.395094]},"properties":{"id":"M85HoV8pnUM","name":"Pakadha HC III","type":"Point"}},{"type":"Feature","geometry":{"type":"Point","coordinates":[32.52593,1.07824]},"properties":{"id":"M8DBbHXqZuI","name":"Kyeyindula HC II","type":"Point"}},{"type":"Feature","geometry":{"type":"Point","coordinates":[34.94363,1.66444]},"properties":{"id":"m8Gp4sDZ9YT","name":"Cheptapoyo HC II","type":"Point"}},{"type":"Feature","geometry":{"type":"Point","coordinates":[32.37804,1.90068]},"properties":{"id":"M8mSJi1Qcah","name":"Ibuje HC III","type":"Point"}},{"type":"Feature","geometry":{"type":"Point","coordinates":[33.04961,0.1945]},"properties":{"id":"maCVupfrN6c","name":"Bubiro HC II","type":"Point"}},{"type":"Feature","geometry":{"type":"Point","coordinates":[33.28361,0.58985]},"properties":{"id":"mAERMdeZj6X","name":"Kisaasi HC II","type":"Point"}},{"type":"Feature","geometry":{"type":"Point","coordinates":[34.16483,1.085432]},"properties":{"id":"mAVOIO9mDPJ","name":"Namatala HC IV","type":"Point"}},{"type":"Feature","geometry":{"type":"Point","coordinates":[34.05594,1.89654]},"properties":{"id":"MAvQEQLvOdl","name":"Ngariam COU HC II","type":"Point"}},{"type":"Feature","geometry":{"type":"Point","coordinates":[29.902343,-1.436034]},"properties":{"id":"maYOk6qMIaO","name":"Habubale HC II","type":"Point"}},{"type":"Feature","geometry":{"type":"Point","coordinates":[32.54581,0.50131]},"properties":{"id":"McJJwfFVdhu","name":"St. Luke Medical Centre (Kazo) HC II","type":"Point"}},{"type":"Feature","geometry":{"type":"Point","coordinates":[31.50531,1.49709]},"properties":{"id":"McZvpFIBuvM","name":"Kibaire HC II","type":"Point"}},{"type":"Feature","geometry":{"type":"Point","coordinates":[30.65478,-0.46044]},"properties":{"id":"MDbjlGxazdQ","name":"St. Franciska Makonje HC II","type":"Point"}},{"type":"Feature","geometry":{"type":"Point","coordinates":[30.90962,2.59579]},"properties":{"id":"mdd2qwn2jWm","name":"Ther-Uru HC III","type":"Point"}},{"type":"Feature","geometry":{"type":"Point","coordinates":[32.26733,0.62007]},"properties":{"id":"Mebh5muYDWi","name":"Nakaseke Kikandwa HC II","type":"Point"}},{"type":"Feature","geometry":{"type":"Point","coordinates":[32.76934,0.31462]},"properties":{"id":"meCVGgjsn0F","name":"Kyetume Cbhc HC III","type":"Point"}},{"type":"Feature","geometry":{"type":"Point","coordinates":[32.4368,0.03236]},"properties":{"id":"MeFxWKBORKq","name":"Kigungu HC III","type":"Point"}},{"type":"Feature","geometry":{"type":"Point","coordinates":[33.37002,2.98378]},"properties":{"id":"mErpRZrtmz8","name":"Kabala HC II","type":"Point"}},{"type":"Feature","geometry":{"type":"Point","coordinates":[33.96668,1.32506]},"properties":{"id":"MexhLyMSilA","name":"Kamaca HC III","type":"Point"}},{"type":"Feature","geometry":{"type":"Point","coordinates":[33.140915,1.264215]},"properties":{"id":"mF6bQRRHX1e","name":"Wandago HC II","type":"Point"}},{"type":"Feature","geometry":{"type":"Point","coordinates":[29.68213,-1.26251]},"properties":{"id":"Mfo9cyDp5GV","name":"Chihe HC II","type":"Point"}},{"type":"Feature","geometry":{"type":"Point","coordinates":[32.66372,0.40867]},"properties":{"id":"mfPV8jsUnyy","name":"Jjanda HC III","type":"Point"}},{"type":"Feature","geometry":{"type":"Point","coordinates":[30.022786,0.301869]},"properties":{"id":"MfrOih2CtcR","name":"Rwenzori Mt. Services HC III","type":"Point"}},{"type":"Feature","geometry":{"type":"Point","coordinates":[30.95975,3.40792]},"properties":{"id":"Mfxa52fh9Fc","name":"Koboko Police Barracks HC II","type":"Point"}},{"type":"Feature","geometry":{"type":"Point","coordinates":[32.77838,2.75801]},"properties":{"id":"Mg3L2Y1ndt7","name":"Bolo HC II","type":"Point"}},{"type":"Feature","geometry":{"type":"Point","coordinates":[32.62342,0.68379]},"properties":{"id":"mg6Inl2h53C","name":"Ndejje University HC II","type":"Point"}},{"type":"Feature","geometry":{"type":"Point","coordinates":[31.86857,0.12175]},"properties":{"id":"MGA4eDHuCG9","name":"Mawuki HC II","type":"Point"}},{"type":"Feature","geometry":{"type":"Point","coordinates":[32.14524,0.2721]},"properties":{"id":"MGoloBUb8vi","name":"Arch Bishop Kiwanuka Mayirye HC III","type":"Point"}},{"type":"Feature","geometry":{"type":"Point","coordinates":[31.75884,-0.07189]},"properties":{"id":"mgr6AHrRokx","name":"Kyamulibwa HC III","type":"Point"}},{"type":"Feature","geometry":{"type":"Point","coordinates":[29.836157,-0.785085]},"properties":{"id":"MGz2wiacJ0H","name":"Bigaaga HC II","type":"Point"}},{"type":"Feature","geometry":{"type":"Point","coordinates":[32.53631,0.58475]},"properties":{"id":"MH0SVcF6X2F","name":"Bombo General Military Hospital","type":"Point"}},{"type":"Feature","geometry":{"type":"Point","coordinates":[32.81453,0.254943]},"properties":{"id":"mH1WkMQFPY1","name":"Kisoga Mirembe Maria HC II","type":"Point"}},{"type":"Feature","geometry":{"type":"Point","coordinates":[30.8713,3.00032]},"properties":{"id":"MHiJvIzpJ05","name":"Pajulu HC III","type":"Point"}},{"type":"Feature","geometry":{"type":"Point","coordinates":[34.5025,1.38854]},"properties":{"id":"mhJpqcMZSMv","name":"Chemwom HC III","type":"Point"}},{"type":"Feature","geometry":{"type":"Point","coordinates":[32.587622,0.346]},"properties":{"id":"MhqUqhoWLwa","name":"Muna Othopaedic Clinic HC II","type":"Point"}},{"type":"Feature","geometry":{"type":"Point","coordinates":[31.15514,-0.31308]},"properties":{"id":"Mhu1FmUK4lN","name":"Kiyinda HC II","type":"Point"}},{"type":"Feature","geometry":{"type":"Point","coordinates":[34.14353,3.42323]},"properties":{"id":"MIOys5Syjk6","name":"Lochom HC II","type":"Point"}},{"type":"Feature","geometry":{"type":"Point","coordinates":[31.41823,1.44526]},"properties":{"id":"MJzGcr4GqH1","name":"Kyakapeya HC II","type":"Point"}},{"type":"Feature","geometry":{"type":"Point","coordinates":[29.868,-1.30136]},"properties":{"id":"mKA5ZnJiBAm","name":"Kishanje HC II","type":"Point"}},{"type":"Feature","geometry":{"type":"Point","coordinates":[31.10555,3.52092]},"properties":{"id":"MkD1c6jagfl","name":"Matuma HC III","type":"Point"}},{"type":"Feature","geometry":{"type":"Point","coordinates":[32.67603,2.07697]},"properties":{"id":"mKvTS1QMd3x","name":"Inomo HC III","type":"Point"}},{"type":"Feature","geometry":{"type":"Point","coordinates":[33.73795,1.16226]},"properties":{"id":"Ml5daGLdYZG","name":"St. Richard HC III","type":"Point"}},{"type":"Feature","geometry":{"type":"Point","coordinates":[33.92042,0.28817]},"properties":{"id":"ml7b6lHEQ7h","name":"Mundindi HC II","type":"Point"}},{"type":"Feature","geometry":{"type":"Point","coordinates":[31.26222,-0.56716]},"properties":{"id":"ml9Ztrc35ZD","name":"Lwamaggwa Ngo HC II","type":"Point"}},{"type":"Feature","geometry":{"type":"Point","coordinates":[32.54913,0.84744]},"properties":{"id":"mlbkqdNpleV","name":"Kabakedi HC II","type":"Point"}},{"type":"Feature","geometry":{"type":"Point","coordinates":[33.30724,0.92776]},"properties":{"id":"MldTbcj8rBL","name":"Nawanyago HC II","type":"Point"}},{"type":"Feature","geometry":{"type":"Point","coordinates":[31.738911,-0.020903]},"properties":{"id":"MLgsYoX2xWW","name":"Kasambya (Kalungu) HC III","type":"Point"}},{"type":"Feature","geometry":{"type":"Point","coordinates":[33.14065,0.39505]},"properties":{"id":"Mlh3jcaJw9n","name":"St. Francis Nyenga Hospital","type":"Point"}},{"type":"Feature","geometry":{"type":"Point","coordinates":[31.58911,0.36911]},"properties":{"id":"MlMuBEoqA9y","name":"Musozi HC III","type":"Point"}},{"type":"Feature","geometry":{"type":"Point","coordinates":[32.39886,0.71746]},"properties":{"id":"mlPC71DkTp5","name":"Nakaseke Hospital","type":"Point"}},{"type":"Feature","geometry":{"type":"Point","coordinates":[32.18315,1.884]},"properties":{"id":"MlYDEvK0a7v","name":"Techwa HC II","type":"Point"}},{"type":"Feature","geometry":{"type":"Point","coordinates":[32.247449,0.193333]},"properties":{"id":"mm6DbH6wKeQ","name":"Kampiringisa HC III","type":"Point"}},{"type":"Feature","geometry":{"type":"Point","coordinates":[33.60543,0.87342]},"properties":{"id":"MMhakCx4Zy7","name":"Nabisoigi HC III","type":"Point"}},{"type":"Feature","geometry":{"type":"Point","coordinates":[33.23708,0.46433]},"properties":{"id":"MmVUt93uiqa","name":"Bugembe HC IV","type":"Point"}},{"type":"Feature","geometry":{"type":"Point","coordinates":[30.92069,3.55452]},"properties":{"id":"mMZD31O698s","name":"Ayipe HC III","type":"Point"}},{"type":"Feature","geometry":{"type":"Point","coordinates":[30.480564,0.168198]},"properties":{"id":"mMZZQTjDPfj","name":"Kimulikidongo HC II","type":"Point"}},{"type":"Feature","geometry":{"type":"Point","coordinates":[30.050807,-1.356174]},"properties":{"id":"MN64C4g8Iae","name":"Rwene HC II","type":"Point"}},{"type":"Feature","geometry":{"type":"Point","coordinates":[32.158343,3.151358]},"properties":{"id":"mNeUlm3SpRz","name":"Pawel HC II","type":"Point"}},{"type":"Feature","geometry":{"type":"Point","coordinates":[34.7033,1.27006]},"properties":{"id":"MNfE9cZBvci","name":"Chepkwasta HC II","type":"Point"}},{"type":"Feature","geometry":{"type":"Point","coordinates":[33.7934,1.47733]},"properties":{"id":"MNhe4FaQw7v","name":"Ngora Freda Carr Hospital","type":"Point"}},{"type":"Feature","geometry":{"type":"Point","coordinates":[34.180564,0.695526]},"properties":{"id":"MNl2veYSBAE","name":"Klinics Of St. Francis","type":"Point"}},{"type":"Feature","geometry":{"type":"Point","coordinates":[32.93904,0.82589]},"properties":{"id":"MnlhBeOd2dx","name":"Nkokonjeru HC III","type":"Point"}},{"type":"Feature","geometry":{"type":"Point","coordinates":[31.89569,0.83505]},"properties":{"id":"mNMqG0YEffI","name":"Lwamata HC III","type":"Point"}},{"type":"Feature","geometry":{"type":"Point","coordinates":[31.6976,1.60172]},"properties":{"id":"MNXAK2rofWE","name":"Kichandi HC II","type":"Point"}},{"type":"Feature","geometry":{"type":"Point","coordinates":[32.74959,0.35865]},"properties":{"id":"MNzaqWsKyxO","name":"Mukono COU Hospital","type":"Point"}},{"type":"Feature","geometry":{"type":"Point","coordinates":[30.947448,2.671656]},"properties":{"id":"MoaAG8Ngtzz","name":"Atyak HC II","type":"Point"}},{"type":"Feature","geometry":{"type":"Point","coordinates":[33.20667,3.27004]},"properties":{"id":"MObVMkBVjki","name":"Omiya Anyima HC III","type":"Point"}},{"type":"Feature","geometry":{"type":"Point","coordinates":[33.87554,0.63776]},"properties":{"id":"mOP9sRWUKfh","name":"Nsango HC II","type":"Point"}},{"type":"Feature","geometry":{"type":"Point","coordinates":[34.371085,1.366047]},"properties":{"id":"mOxAHl3KoLP","name":"Cheptuya HC III","type":"Point"}},{"type":"Feature","geometry":{"type":"Point","coordinates":[30.005978,-0.998986]},"properties":{"id":"mPeGNV8s5Xl","name":"Nyarushanje HC III","type":"Point"}},{"type":"Feature","geometry":{"type":"Point","coordinates":[32.550567,0.341656]},"properties":{"id":"MphOoDzwhFB","name":"St. Stephens Clinic HC II","type":"Point"}},{"type":"Feature","geometry":{"type":"Point","coordinates":[33.71959,1.21637]},"properties":{"id":"mPn3Kj2J8r0","name":"Kaboloi HC III","type":"Point"}},{"type":"Feature","geometry":{"type":"Point","coordinates":[32.70663,2.37705]},"properties":{"id":"mpqPtBSjAgz","name":"Aboke Mission HC III","type":"Point"}},{"type":"Feature","geometry":{"type":"Point","coordinates":[33.41009,1.48291]},"properties":{"id":"mPtQJ1rZBOd","name":"Kidetok HC III","type":"Point"}},{"type":"Feature","geometry":{"type":"Point","coordinates":[31.78253,3.66113]},"properties":{"id":"MQ5ynJIzkbh","name":"Fr. Bilbao HC III","type":"Point"}},{"type":"Feature","geometry":{"type":"Point","coordinates":[31.683179,3.284425]},"properties":{"id":"Mq6H4E2PlH7","name":"Ukusijoni HC III","type":"Point"}},{"type":"Feature","geometry":{"type":"Point","coordinates":[30.5984,-0.11044]},"properties":{"id":"Mr238FVwJOm","name":"Kiruhura Kanoni HC III","type":"Point"}},{"type":"Feature","geometry":{"type":"Point","coordinates":[32.598242,0.350297]},"properties":{"id":"mrEtkw4SBvC","name":"Mirembe Clinic HC II","type":"Point"}},{"type":"Feature","geometry":{"type":"Point","coordinates":[32.31779,2.77632]},"properties":{"id":"MRK5dHBnvSw","name":"Pece Prisons HC II","type":"Point"}},{"type":"Feature","geometry":{"type":"Point","coordinates":[33.46768,1.04037]},"properties":{"id":"MrutYIp69Ui","name":"Budomero HC III","type":"Point"}},{"type":"Feature","geometry":{"type":"Point","coordinates":[33.1319,0.6307]},"properties":{"id":"ms1PcPU9Law","name":"Namwendwa HC II","type":"Point"}},{"type":"Feature","geometry":{"type":"Point","coordinates":[31.16382,-0.28877]},"properties":{"id":"MsrKKJaEXiV","name":"Kaliiro HC III","type":"Point"}},{"type":"Feature","geometry":{"type":"Point","coordinates":[31.03743,2.77518]},"properties":{"id":"MSs48kYSaCz","name":"Uleppi HC II","type":"Point"}},{"type":"Feature","geometry":{"type":"Point","coordinates":[31.90209,2.55743]},"properties":{"id":"MT5KksXURUZ","name":"Aparanga HC II","type":"Point"}},{"type":"Feature","geometry":{"type":"Point","coordinates":[34.03733,0.83492]},"properties":{"id":"mtGP2H0oB3p","name":"Nawire HC II","type":"Point"}},{"type":"Feature","geometry":{"type":"Point","coordinates":[30.16909,-0.19764]},"properties":{"id":"MtxLlVBEoZc","name":"St. Joseph's Clinic HC II","type":"Point"}},{"type":"Feature","geometry":{"type":"Point","coordinates":[34.18902,0.66199]},"properties":{"id":"MUa7iTmEOw4","name":"Serena HC II","type":"Point"}},{"type":"Feature","geometry":{"type":"Point","coordinates":[31.814355,1.87549]},"properties":{"id":"muTxqZACHER","name":"Kitanyata HC II","type":"Point"}},{"type":"Feature","geometry":{"type":"Point","coordinates":[33.811877,1.168413]},"properties":{"id":"muwJAkGOjj5","name":"Kamuge HC III","type":"Point"}},{"type":"Feature","geometry":{"type":"Point","coordinates":[31.18113,3.43922]},"properties":{"id":"MUxAV5pwDbk","name":"Yumbe Hospital","type":"Point"}},{"type":"Feature","geometry":{"type":"Point","coordinates":[32.7073,3.59514]},"properties":{"id":"MV2QkTgUIz1","name":"Lokung HC III","type":"Point"}},{"type":"Feature","geometry":{"type":"Point","coordinates":[32.876032,3.294114]},"properties":{"id":"MvWfNbmsyfy","name":"Kitgum Prison HC II","type":"Point"}},{"type":"Feature","geometry":{"type":"Point","coordinates":[33.13024,2.3956]},"properties":{"id":"MVYYKgICwep","name":"Oteno HC II","type":"Point"}},{"type":"Feature","geometry":{"type":"Point","coordinates":[33.20438,0.4205]},"properties":{"id":"MW38DjLdTg7","name":"Muwumba HC III","type":"Point"}},{"type":"Feature","geometry":{"type":"Point","coordinates":[32.38147,-0.33762]},"properties":{"id":"mWaRCpc5hPU","name":"Bufumira HC III","type":"Point"}},{"type":"Feature","geometry":{"type":"Point","coordinates":[29.94821,0.12646]},"properties":{"id":"MwpYp4lsw9D","name":"Kyarumba Phc HC III","type":"Point"}},{"type":"Feature","geometry":{"type":"Point","coordinates":[32.6652,0.62626]},"properties":{"id":"MXAe9yD6Wtl","name":"Kayindu HC II","type":"Point"}},{"type":"Feature","geometry":{"type":"Point","coordinates":[32.82327,3.2145]},"properties":{"id":"MxcpmhA0rrA","name":"Okidi HC III","type":"Point"}},{"type":"Feature","geometry":{"type":"Point","coordinates":[29.902429,-0.736462]},"properties":{"id":"mxmNtjYy0DP","name":"Masya Ngo HC II","type":"Point"}},{"type":"Feature","geometry":{"type":"Point","coordinates":[34.44439,1.37785]},"properties":{"id":"mYCD03UT8FI","name":"Reproductive Health Uganda (Kapchorwa) HC II","type":"Point"}},{"type":"Feature","geometry":{"type":"Point","coordinates":[30.43857,-0.75433]},"properties":{"id":"Myd1djyMQG5","name":"Kongoro HC II","type":"Point"}},{"type":"Feature","geometry":{"type":"Point","coordinates":[32.15207,2.91218]},"properties":{"id":"mYGNn9Bx0OH","name":"Parabongo HC II","type":"Point"}},{"type":"Feature","geometry":{"type":"Point","coordinates":[30.08335,-0.81668]},"properties":{"id":"mypOsu7U27g","name":"Bwongyera HC III","type":"Point"}},{"type":"Feature","geometry":{"type":"Point","coordinates":[29.63013,-1.24069]},"properties":{"id":"mYuOdMX1yD9","name":"Busengo HC II","type":"Point"}},{"type":"Feature","geometry":{"type":"Point","coordinates":[32.00348,1.89227]},"properties":{"id":"MZbJgNwxaTe","name":"Kiroko HC II","type":"Point"}},{"type":"Feature","geometry":{"type":"Point","coordinates":[32.078242,3.481146]},"properties":{"id":"N00TPmBoIls","name":"Bibia HC III","type":"Point"}},{"type":"Feature","geometry":{"type":"Point","coordinates":[31.48666,1.27364]},"properties":{"id":"N05ZDulF2ME","name":"Kikonda HC III","type":"Point"}},{"type":"Feature","geometry":{"type":"Point","coordinates":[31.74123,3.53986]},"properties":{"id":"n1UMkPo5vzH","name":"Ibakwe HC II","type":"Point"}},{"type":"Feature","geometry":{"type":"Point","coordinates":[29.67599,-0.93149]},"properties":{"id":"N22ImPbP6VG","name":"Kayonza HC III","type":"Point"}},{"type":"Feature","geometry":{"type":"Point","coordinates":[30.0206,-0.50504]},"properties":{"id":"N2x23V5DcNQ","name":"Kibare (Bitereko) HC II","type":"Point"}},{"type":"Feature","geometry":{"type":"Point","coordinates":[34.07469,0.52178]},"properties":{"id":"N3qJIvNpuQ3","name":"Tiira HC II","type":"Point"}},{"type":"Feature","geometry":{"type":"Point","coordinates":[31.45997,-0.38894]},"properties":{"id":"n3uHerzsnE1","name":"Mbirizi St. Francis HC III","type":"Point"}},{"type":"Feature","geometry":{"type":"Point","coordinates":[34.53059,1.34841]},"properties":{"id":"n3vBQJV5o90","name":"Mengya HC II","type":"Point"}},{"type":"Feature","geometry":{"type":"Point","coordinates":[32.98001,1.69905]},"properties":{"id":"n42ELOr1Eil","name":"Awonangiro HC II","type":"Point"}},{"type":"Feature","geometry":{"type":"Point","coordinates":[29.96924,-0.51276]},"properties":{"id":"N4EhCYDExuZ","name":"Rurama (Mitooma) HC II","type":"Point"}},{"type":"Feature","geometry":{"type":"Point","coordinates":[29.93143,-0.80365]},"properties":{"id":"N57ydf9ABlg","name":"Karoli Lwanga (Nyakibale) Hospital","type":"Point"}},{"type":"Feature","geometry":{"type":"Point","coordinates":[32.00804,3.47113]},"properties":{"id":"N5esn50m6Il","name":"Arinyapi HC III","type":"Point"}},{"type":"Feature","geometry":{"type":"Point","coordinates":[29.94252,-0.60874]},"properties":{"id":"N5mmOltRto8","name":"Kanyabwanga HC III","type":"Point"}},{"type":"Feature","geometry":{"type":"Point","coordinates":[34.22672,2.12084]},"properties":{"id":"n5OgCMvxg5S","name":"Iriri HC III","type":"Point"}},{"type":"Feature","geometry":{"type":"Point","coordinates":[31.126,3.3466]},"properties":{"id":"n5SQNdlBw2w","name":"Mongoyo HC II","type":"Point"}},{"type":"Feature","geometry":{"type":"Point","coordinates":[29.875565,-0.136636]},"properties":{"id":"n5XFXJQhdtb","name":"Katwe (Kabatoro) HC III","type":"Point"}},{"type":"Feature","geometry":{"type":"Point","coordinates":[31.12423,-0.27445]},"properties":{"id":"n5xUbellHaN","name":"Kinuuka HC III","type":"Point"}},{"type":"Feature","geometry":{"type":"Point","coordinates":[33.17278,0.64781]},"properties":{"id":"n6WNrT4vfWe","name":"Buwenge Ngo Hospital","type":"Point"}},{"type":"Feature","geometry":{"type":"Point","coordinates":[33.6974,1.23064]},"properties":{"id":"N7LKherv48P","name":"Kaukura HC II","type":"Point"}},{"type":"Feature","geometry":{"type":"Point","coordinates":[30.52932,0.86262]},"properties":{"id":"n7n89BxSgia","name":"Kigoyera HC II","type":"Point"}},{"type":"Feature","geometry":{"type":"Point","coordinates":[34.12485,3.72102]},"properties":{"id":"N7rmgpFHOrZ","name":"Lokwakaramoe HC II","type":"Point"}},{"type":"Feature","geometry":{"type":"Point","coordinates":[31.70032,3.68436]},"properties":{"id":"N84R8qFmHNF","name":"Ramogi HC II","type":"Point"}},{"type":"Feature","geometry":{"type":"Point","coordinates":[30.178214,0.66431]},"properties":{"id":"n8cJGH7q4QK","name":"Bukuku HC IV","type":"Point"}},{"type":"Feature","geometry":{"type":"Point","coordinates":[32.29213,2.74853]},"properties":{"id":"n8DIemz1Xoh","name":"Layibi Techo HC III","type":"Point"}},{"type":"Feature","geometry":{"type":"Point","coordinates":[32.43297,0.29492]},"properties":{"id":"n8EFMWQJYip","name":"Muzinda Katereke HC II","type":"Point"}},{"type":"Feature","geometry":{"type":"Point","coordinates":[33.67408,2.05113]},"properties":{"id":"N8L6gKVGOCM","name":"Amucu HC III","type":"Point"}},{"type":"Feature","geometry":{"type":"Point","coordinates":[31.95044,3.5668]},"properties":{"id":"n9CWDh0DfU7","name":"Arra (Moyo) HC II","type":"Point"}},{"type":"Feature","geometry":{"type":"Point","coordinates":[31.75956,-0.34402]},"properties":{"id":"n9fxWoPWRJB","name":"Kitovu Hospital","type":"Point"}},{"type":"Feature","geometry":{"type":"Point","coordinates":[33.77323,0.71909]},"properties":{"id":"N9vaQzeDeI0","name":"Bugobi (Ngo) HC II","type":"Point"}},{"type":"Feature","geometry":{"type":"Point","coordinates":[33.39233,2.23926]},"properties":{"id":"NakSNp1eO2L","name":"Omoro HC III","type":"Point"}},{"type":"Feature","geometry":{"type":"Point","coordinates":[33.83252,0.59474]},"properties":{"id":"nATS7pzO63j","name":"Kigulu HC II","type":"Point"}},{"type":"Feature","geometry":{"type":"Point","coordinates":[32.69448,0.39586]},"properties":{"id":"NB0Ww6f0PiX","name":"Goma HC III","type":"Point"}},{"type":"Feature","geometry":{"type":"Point","coordinates":[30.25502,0.63003]},"properties":{"id":"nB9oHWXeRpp","name":"Kihembo SDA HC II","type":"Point"}},{"type":"Feature","geometry":{"type":"Point","coordinates":[33.17261,0.4775]},"properties":{"id":"nc6Tib9PWOR","name":"Buwenda HC II","type":"Point"}},{"type":"Feature","geometry":{"type":"Point","coordinates":[31.660045,-0.149096]},"properties":{"id":"NCu3t93AIns","name":"Luyitayita HC III","type":"Point"}},{"type":"Feature","geometry":{"type":"Point","coordinates":[30.640391,-0.283066]},"properties":{"id":"NcxXPrWeMtP","name":"Kitura HC II","type":"Point"}},{"type":"Feature","geometry":{"type":"Point","coordinates":[30.157911,-0.816503]},"properties":{"id":"ND2A0GOnnnY","name":"St. Lucia Kagamba HC III","type":"Point"}},{"type":"Feature","geometry":{"type":"Point","coordinates":[32.17031,2.60551]},"properties":{"id":"NdIteLoT2FC","name":"Koch Goma HC III","type":"Point"}},{"type":"Feature","geometry":{"type":"Point","coordinates":[31.488472,-0.555084]},"properties":{"id":"nEUuDrY5MWp","name":"Nabigasa HC III","type":"Point"}},{"type":"Feature","geometry":{"type":"Point","coordinates":[32.4652,0.96378]},"properties":{"id":"NGteaaEKAMh","name":"Butuntumula HC III","type":"Point"}},{"type":"Feature","geometry":{"type":"Point","coordinates":[32.526749,1.257151]},"properties":{"id":"NGTHpb3cCBB","name":"Wampiti HC II","type":"Point"}},{"type":"Feature","geometry":{"type":"Point","coordinates":[33.02783,1.27456]},"properties":{"id":"NH812X6ioSQ","name":"Nkdu Health Center, Iringa HC II","type":"Point"}},{"type":"Feature","geometry":{"type":"Point","coordinates":[32.60768,0.26303]},"properties":{"id":"nHh6TJx7q9b","name":"Star Light Clinic HC II","type":"Point"}},{"type":"Feature","geometry":{"type":"Point","coordinates":[32.06144,0.08349]},"properties":{"id":"NHQdOv9RFcN","name":"Ggolo HC III","type":"Point"}},{"type":"Feature","geometry":{"type":"Point","coordinates":[30.18327,-0.46801]},"properties":{"id":"nHzEmzq98fZ","name":"Nombe HC II","type":"Point"}},{"type":"Feature","geometry":{"type":"Point","coordinates":[34.33599,1.20785]},"properties":{"id":"NIc5pKnVYeR","name":"Bugudoi HC II","type":"Point"}},{"type":"Feature","geometry":{"type":"Point","coordinates":[30.262102,-0.874375]},"properties":{"id":"NImJbGuvUS6","name":"Ntungamo HC IV","type":"Point"}},{"type":"Feature","geometry":{"type":"Point","coordinates":[29.864643,-0.663196]},"properties":{"id":"nINXgKXld0b","name":"Burama HC II","type":"Point"}},{"type":"Feature","geometry":{"type":"Point","coordinates":[32.9339,2.97852]},"properties":{"id":"NiSWW2k1Hqt","name":"Pajule HC IV","type":"Point"}},{"type":"Feature","geometry":{"type":"Point","coordinates":[29.862812,-0.820209]},"properties":{"id":"NIX2Ehd9T7h","name":"Kahoko HC II","type":"Point"}},{"type":"Feature","geometry":{"type":"Point","coordinates":[29.60755,-1.29165]},"properties":{"id":"njRuiEDbpjS","name":"Bunagana HC II","type":"Point"}},{"type":"Feature","geometry":{"type":"Point","coordinates":[32.508598,-0.412054]},"properties":{"id":"NKcfhEUaMHx","name":"Bukasa HC IV","type":"Point"}},{"type":"Feature","geometry":{"type":"Point","coordinates":[30.08684,-1.16323]},"properties":{"id":"NkER3oDFQZb","name":"Kandago HC II","type":"Point"}},{"type":"Feature","geometry":{"type":"Point","coordinates":[31.123903,3.567605]},"properties":{"id":"nKfY0cXcAxt","name":"Lobe HC II","type":"Point"}},{"type":"Feature","geometry":{"type":"Point","coordinates":[32.94508,0.36783]},"properties":{"id":"nKKX3gA72zS","name":"Kawolo Hospital","type":"Point"}},{"type":"Feature","geometry":{"type":"Point","coordinates":[31.53775,-0.56108]},"properties":{"id":"nKmPYluDIoS","name":"Kijejja HC II","type":"Point"}},{"type":"Feature","geometry":{"type":"Point","coordinates":[30.46458,0.86775]},"properties":{"id":"Nkq4sBVIoUd","name":"Kabende HC III","type":"Point"}},{"type":"Feature","geometry":{"type":"Point","coordinates":[32.86526,1.23638]},"properties":{"id":"NKrp5nIYl8p","name":"Kasokwe Kayunga HC II","type":"Point"}},{"type":"Feature","geometry":{"type":"Point","coordinates":[30.18235,-0.19148]},"properties":{"id":"nLcJPspov8c","name":"Katerera HC III","type":"Point"}},{"type":"Feature","geometry":{"type":"Point","coordinates":[29.71657,-0.83015]},"properties":{"id":"NLIAgxXVsuv","name":"Kanyantorogo HC III","type":"Point"}},{"type":"Feature","geometry":{"type":"Point","coordinates":[33.10498,0.83107]},"properties":{"id":"nM0hEumLl8G","name":"Buluya HC II","type":"Point"}},{"type":"Feature","geometry":{"type":"Point","coordinates":[29.77085,-0.8948]},"properties":{"id":"Nm3mxuGGRG1","name":"Nyakatare HC III","type":"Point"}},{"type":"Feature","geometry":{"type":"Point","coordinates":[33.90435,0.723079]},"properties":{"id":"nmSKRnCN2lJ","name":"Mwello HC II","type":"Point"}},{"type":"Feature","geometry":{"type":"Point","coordinates":[31.10455,0.3378]},"properties":{"id":"NmZiWvRQ5nG","name":"Mukondo HC II","type":"Point"}},{"type":"Feature","geometry":{"type":"Point","coordinates":[32.55408,0.08116]},"properties":{"id":"NnCBsNdKT4X","name":"Nalugala HC II","type":"Point"}},{"type":"Feature","geometry":{"type":"Point","coordinates":[33.61395,1.71849]},"properties":{"id":"Nnms2rd2gpC","name":"Soroti Regional Referral Hospital","type":"Point"}},{"type":"Feature","geometry":{"type":"Point","coordinates":[33.94281,1.48247]},"properties":{"id":"NNs0qql3GJu","name":"Midas Touch HC IV","type":"Point"}},{"type":"Feature","geometry":{"type":"Point","coordinates":[33.87629,0.3358]},"properties":{"id":"NnSbfZjOXJd","name":"Buyinja HC IV","type":"Point"}},{"type":"Feature","geometry":{"type":"Point","coordinates":[30.126271,0.371718]},"properties":{"id":"NnsD6CDsZKx","name":"Buhuhira HC II","type":"Point"}},{"type":"Feature","geometry":{"type":"Point","coordinates":[31.61131,3.47612]},"properties":{"id":"nnsjzfriRM4","name":"Liwa HC II","type":"Point"}},{"type":"Feature","geometry":{"type":"Point","coordinates":[29.60213,-1.19176]},"properties":{"id":"nNZGVgL6la6","name":"Kinanira HC III","type":"Point"}},{"type":"Feature","geometry":{"type":"Point","coordinates":[30.42593,-0.27177]},"properties":{"id":"NoDyrGrOuRW","name":"Nyarukiika HC II","type":"Point"}},{"type":"Feature","geometry":{"type":"Point","coordinates":[30.04746,0.66057]},"properties":{"id":"nOieZSj7iJC","name":"Kasulenge HC II","type":"Point"}},{"type":"Feature","geometry":{"type":"Point","coordinates":[32.61274,0.24828]},"properties":{"id":"NoxDnStfVIK","name":"Kiruddu NRH - Lab","type":"Point"}},{"type":"Feature","geometry":{"type":"Point","coordinates":[32.4984,0.83311]},"properties":{"id":"NpcBxAVF2tf","name":"Namaggwa Maternity Clinic HC II","type":"Point"}},{"type":"Feature","geometry":{"type":"Point","coordinates":[33.53391,0.64236]},"properties":{"id":"NPczcAlZ2AY","name":"Nakalama Epi Centre HC II","type":"Point"}},{"type":"Feature","geometry":{"type":"Point","coordinates":[30.3039,0.52468]},"properties":{"id":"NPsUXWauJwy","name":"Nkuruba HC III","type":"Point"}},{"type":"Feature","geometry":{"type":"Point","coordinates":[32.14912,1.96463]},"properties":{"id":"NpYYg07MSXv","name":"Kichwabugingo HC II","type":"Point"}},{"type":"Feature","geometry":{"type":"Point","coordinates":[30.703334,0.942654]},"properties":{"id":"NQaX9PnpOiB","name":"Bwikara HC III","type":"Point"}},{"type":"Feature","geometry":{"type":"Point","coordinates":[32.573823,0.306413]},"properties":{"id":"nqv3cH6qYYg","name":"Clockwise Clinic HC II","type":"Point"}},{"type":"Feature","geometry":{"type":"Point","coordinates":[33.16757,1.07734]},"properties":{"id":"NrdLSWyKHLF","name":"Iraapa HC II","type":"Point"}},{"type":"Feature","geometry":{"type":"Point","coordinates":[30.109565,0.336255]},"properties":{"id":"Nre05wUvCJL","name":"Maliba HC III","type":"Point"}},{"type":"Feature","geometry":{"type":"Point","coordinates":[33.18729,0.56285]},"properties":{"id":"NRHnL9b4KGT","name":"Lukolo HC III","type":"Point"}},{"type":"Feature","geometry":{"type":"Point","coordinates":[29.70209,-0.68331]},"properties":{"id":"nrjdtsqUSQk","name":"Kibimbiri HC II","type":"Point"}},{"type":"Feature","geometry":{"type":"Point","coordinates":[31.49298,3.25326]},"properties":{"id":"nrLW9kL9BT2","name":"Obongi HC IV","type":"Point"}},{"type":"Feature","geometry":{"type":"Point","coordinates":[33.21421,2.36564]},"properties":{"id":"NrUmuqO5ggm","name":"Anara HC II","type":"Point"}},{"type":"Feature","geometry":{"type":"Point","coordinates":[31.84121,0.30289]},"properties":{"id":"nRvaBZIAEsi","name":"Lusaalira HC II","type":"Point"}},{"type":"Feature","geometry":{"type":"Point","coordinates":[29.61391,-0.90863]},"properties":{"id":"NrvjmfD3fPN","name":"Kyeshero HC II","type":"Point"}},{"type":"Feature","geometry":{"type":"Point","coordinates":[32.5996,0.19789]},"properties":{"id":"nS7m8RZLSNc","name":"Kigo Main Prisons HC III","type":"Point"}},{"type":"Feature","geometry":{"type":"Point","coordinates":[32.25199,3.04771]},"properties":{"id":"NsNbvtaMOK2","name":"Pawel Angany HC II","type":"Point"}},{"type":"Feature","geometry":{"type":"Point","coordinates":[33.21073,0.47278]},"properties":{"id":"Nt3Z2TbccBd","name":"Mafubira HC II","type":"Point"}},{"type":"Feature","geometry":{"type":"Point","coordinates":[33.86683,1.47382]},"properties":{"id":"nTJpfeWnKQA","name":"Nyero COU HC II","type":"Point"}},{"type":"Feature","geometry":{"type":"Point","coordinates":[31.743304,-0.228127]},"properties":{"id":"NTlPENoySCQ","name":"Villa Maria Hospital","type":"Point"}},{"type":"Feature","geometry":{"type":"Point","coordinates":[31.75801,-0.51881]},"properties":{"id":"NTLrytYmRhO","name":"Zzimwe HC II","type":"Point"}},{"type":"Feature","geometry":{"type":"Point","coordinates":[30.10903,0.80054]},"properties":{"id":"ntpmcM5sv9V","name":"Mantoroba HC II","type":"Point"}},{"type":"Feature","geometry":{"type":"Point","coordinates":[33.208997,2.07534]},"properties":{"id":"NunHrloqul7","name":"Bata HC III","type":"Point"}},{"type":"Feature","geometry":{"type":"Point","coordinates":[33.22546,0.61425]},"properties":{"id":"Nv89wZGYg25","name":"Nsozibiri HC II","type":"Point"}},{"type":"Feature","geometry":{"type":"Point","coordinates":[30.65261,-0.58724]},"properties":{"id":"NvEq5qtAV4e","name":"Mbarara Community Hospital","type":"Point"}},{"type":"Feature","geometry":{"type":"Point","coordinates":[32.578218,0.340195]},"properties":{"id":"nVK7vHSkLbr","name":"Mulago NRH - MUJHU Clinic","type":"Point"}},{"type":"Feature","geometry":{"type":"Point","coordinates":[32.11417,1.76992]},"properties":{"id":"nVVKPwE1OAc","name":"Kitwara HC II","type":"Point"}},{"type":"Feature","geometry":{"type":"Point","coordinates":[31.29611,0.37306]},"properties":{"id":"NVzyUPHcrEd","name":"Butawata HC III","type":"Point"}},{"type":"Feature","geometry":{"type":"Point","coordinates":[32.78524,0.33176]},"properties":{"id":"nwcLOxR3qXv","name":"Namuyenje HC II","type":"Point"}},{"type":"Feature","geometry":{"type":"Point","coordinates":[31.91936,1.86624]},"properties":{"id":"NwDdmtvuy4J","name":"Apodorwa HC II","type":"Point"}},{"type":"Feature","geometry":{"type":"Point","coordinates":[30.337591,0.595073]},"properties":{"id":"NwDxtDrXwrQ","name":"Kiko-James Finlays Clinic HC III","type":"Point"}},{"type":"Feature","geometry":{"type":"Point","coordinates":[33.07557,0.92549]},"properties":{"id":"nWJKeP8N21c","name":"Butansi HC III","type":"Point"}},{"type":"Feature","geometry":{"type":"Point","coordinates":[34.10419,3.06603]},"properties":{"id":"NWVYfI4QaPR","name":"Rengen HC III","type":"Point"}},{"type":"Feature","geometry":{"type":"Point","coordinates":[30.67317,-0.46555]},"properties":{"id":"nx0UdNxBNIS","name":"Rubaya HC III","type":"Point"}},{"type":"Feature","geometry":{"type":"Point","coordinates":[31.24739,-0.48388]},"properties":{"id":"NXigICRetdk","name":"Kabusota HC II","type":"Point"}},{"type":"Feature","geometry":{"type":"Point","coordinates":[32.39021,0.41963]},"properties":{"id":"nY3MrUB8NbF","name":"Sos Herman Gmeiner HC II","type":"Point"}},{"type":"Feature","geometry":{"type":"Point","coordinates":[34.66169,1.34089]},"properties":{"id":"Ny6gpfiiHon","name":"Chesower HC III","type":"Point"}},{"type":"Feature","geometry":{"type":"Point","coordinates":[29.9805,-1.14188]},"properties":{"id":"nYVXdRkY7pd","name":"Ikamiro Ngo HC II","type":"Point"}},{"type":"Feature","geometry":{"type":"Point","coordinates":[33.46944,0.92668]},"properties":{"id":"NYYthFLhM23","name":"Kanankamba Flep HC II","type":"Point"}},{"type":"Feature","geometry":{"type":"Point","coordinates":[30.33842,0.59235]},"properties":{"id":"nz0c3cd4fzo","name":"Kiko HC III","type":"Point"}},{"type":"Feature","geometry":{"type":"Point","coordinates":[32.562234,0.353423]},"properties":{"id":"NZ0kMbKSU8g","name":"Dr.Lubega Clinic HC II","type":"Point"}},{"type":"Feature","geometry":{"type":"Point","coordinates":[30.97894,3.47018]},"properties":{"id":"Nz32J3zs8Cq","name":"Dricile HC III","type":"Point"}},{"type":"Feature","geometry":{"type":"Point","coordinates":[33.50976,0.45472]},"properties":{"id":"nzfJdwZuyr8","name":"Maina HC II","type":"Point"}},{"type":"Feature","geometry":{"type":"Point","coordinates":[33.6271,0.71558]},"properties":{"id":"NZmcEUkHQPs","name":"Lubira HC III","type":"Point"}},{"type":"Feature","geometry":{"type":"Point","coordinates":[30.91199,3.23111]},"properties":{"id":"NzNtDRq3o75","name":"Ovujo HC III","type":"Point"}},{"type":"Feature","geometry":{"type":"Point","coordinates":[30.25694,-0.53464]},"properties":{"id":"nZvq2rjbvF0","name":"Kashogashoga HC II","type":"Point"}},{"type":"Feature","geometry":{"type":"Point","coordinates":[29.90857,-0.86652]},"properties":{"id":"O08DLNHkZfa","name":"Kasheshe HC III","type":"Point"}},{"type":"Feature","geometry":{"type":"Point","coordinates":[32.01781,0.15023]},"properties":{"id":"o1LaetcCY7S","name":"Ngeribalya HC II","type":"Point"}},{"type":"Feature","geometry":{"type":"Point","coordinates":[34.08147,1.07508]},"properties":{"id":"O2MrHIZZJoi","name":"Marah HC II","type":"Point"}},{"type":"Feature","geometry":{"type":"Point","coordinates":[32.32531,0.47637]},"properties":{"id":"O3FdvltAUSh","name":"Nampunge HC II","type":"Point"}},{"type":"Feature","geometry":{"type":"Point","coordinates":[32.3028,2.77525]},"properties":{"id":"o3GWM4VVhQy","name":"Reproductive Health Uganda (Gulu) HC II","type":"Point"}},{"type":"Feature","geometry":{"type":"Point","coordinates":[31.90047,3.47763]},"properties":{"id":"O4KQDQzBA9s","name":"Elema HC II","type":"Point"}},{"type":"Feature","geometry":{"type":"Point","coordinates":[33.04483,2.52856]},"properties":{"id":"O4N8uOmlbM6","name":"Barjobi HC III","type":"Point"}},{"type":"Feature","geometry":{"type":"Point","coordinates":[32.2676,0.29633]},"properties":{"id":"O4sKsWoxekL","name":"Kitimba HC III","type":"Point"}},{"type":"Feature","geometry":{"type":"Point","coordinates":[31.36374,1.79114]},"properties":{"id":"O4srstZgm0D","name":"Marine Military HC III","type":"Point"}},{"type":"Feature","geometry":{"type":"Point","coordinates":[30.84101,3.15024]},"properties":{"id":"o5I1o1YMVxP","name":"Eliofe HC III","type":"Point"}},{"type":"Feature","geometry":{"type":"Point","coordinates":[30.1243,-0.74407]},"properties":{"id":"O5U6v9ddjoj","name":"Nyakizinga HC II","type":"Point"}},{"type":"Feature","geometry":{"type":"Point","coordinates":[33.3855,0.49392]},"properties":{"id":"O6TYEDR7sjP","name":"Buluba Hospital","type":"Point"}},{"type":"Feature","geometry":{"type":"Point","coordinates":[33.53494,2.03051]},"properties":{"id":"o7CJeTwDapk","name":"Abeko CBO HC II","type":"Point"}},{"type":"Feature","geometry":{"type":"Point","coordinates":[30.2646,-0.69166]},"properties":{"id":"O7kPSBLQlez","name":"Kasana COU HC II","type":"Point"}},{"type":"Feature","geometry":{"type":"Point","coordinates":[31.35221,1.42938]},"properties":{"id":"o7OluoErEud","name":"Hoima Police HC II","type":"Point"}},{"type":"Feature","geometry":{"type":"Point","coordinates":[33.143829,2.809988]},"properties":{"id":"o919aB1NWyq","name":"Lanyirinyiri HC II","type":"Point"}},{"type":"Feature","geometry":{"type":"Point","coordinates":[29.72195,-1.26252]},"properties":{"id":"O9Bfy1Rf33x","name":"Mutolere Hospital","type":"Point"}},{"type":"Feature","geometry":{"type":"Point","coordinates":[33.80532,1.49346]},"properties":{"id":"O9q5mhryXaX","name":"Ngora HC IV","type":"Point"}},{"type":"Feature","geometry":{"type":"Point","coordinates":[30.52693,0.40512]},"properties":{"id":"oa2Jc3fTgtD","name":"Bunoga HC III","type":"Point"}},{"type":"Feature","geometry":{"type":"Point","coordinates":[30.66506,-0.60704]},"properties":{"id":"OB1TinAnQue","name":"Mbarara Muslim HC III","type":"Point"}},{"type":"Feature","geometry":{"type":"Point","coordinates":[31.25525,-0.56248]},"properties":{"id":"oBg69iZLKtq","name":"Lwamaggwa Govt HC III","type":"Point"}},{"type":"Feature","geometry":{"type":"Point","coordinates":[33.36219,0.76106]},"properties":{"id":"oBJdkxGcVbN","name":"Bukendi HC II","type":"Point"}},{"type":"Feature","geometry":{"type":"Point","coordinates":[31.61816,-0.16628]},"properties":{"id":"obXcd9wL3Pf","name":"Bukomansimbi Medical Center HC III","type":"Point"}},{"type":"Feature","geometry":{"type":"Point","coordinates":[31.56363,-0.24074]},"properties":{"id":"OBzDS4sx5fq","name":"Mitete HC II","type":"Point"}},{"type":"Feature","geometry":{"type":"Point","coordinates":[33.12382,0.94598]},"properties":{"id":"oc8ujb45hAw","name":"Kamuli Flep Vsc HC II","type":"Point"}},{"type":"Feature","geometry":{"type":"Point","coordinates":[31.0078,3.26021]},"properties":{"id":"OCCcAD4aYgs","name":"Wadra HC III","type":"Point"}},{"type":"Feature","geometry":{"type":"Point","coordinates":[33.7527,1.07952]},"properties":{"id":"oCg2PMCReX1","name":"Buseta HC III","type":"Point"}},{"type":"Feature","geometry":{"type":"Point","coordinates":[32.05209,0.39651]},"properties":{"id":"ocmJzmqmXWX","name":"St. Luke Kiyinda Mityana Diocese HC III","type":"Point"}},{"type":"Feature","geometry":{"type":"Point","coordinates":[29.93478,-1.45855]},"properties":{"id":"ocu7dzSyttt","name":"Rubaya COU HC II","type":"Point"}},{"type":"Feature","geometry":{"type":"Point","coordinates":[31.20731,-0.78712]},"properties":{"id":"od8CeDGX0qw","name":"Heal the Nation HC II","type":"Point"}},{"type":"Feature","geometry":{"type":"Point","coordinates":[32.4819,0.51292]},"properties":{"id":"OdisbvWKxC8","name":"Gombe (Wakiso) HC II","type":"Point"}},{"type":"Feature","geometry":{"type":"Point","coordinates":[32.65428,0.38781]},"properties":{"id":"ODl6muHUdeG","name":"Zia Angelina HC II","type":"Point"}},{"type":"Feature","geometry":{"type":"Point","coordinates":[32.533801,1.981577]},"properties":{"id":"OeBKA5gCBXG","name":"Apac Hospital","type":"Point"}},{"type":"Feature","geometry":{"type":"Point","coordinates":[30.11953,-0.44297]},"properties":{"id":"OEhMLFc4vaU","name":"Comboni Hospital","type":"Point"}},{"type":"Feature","geometry":{"type":"Point","coordinates":[33.36232,0.80238]},"properties":{"id":"OeJNhyifqPp","name":"Naigobya Lutheran HC II","type":"Point"}},{"type":"Feature","geometry":{"type":"Point","coordinates":[30.91491,3.33926]},"properties":{"id":"oexw63IOiAD","name":"Ajikoro HC II","type":"Point"}},{"type":"Feature","geometry":{"type":"Point","coordinates":[30.23945,-1.19496]},"properties":{"id":"OFHXaWocktQ","name":"Kibanda HC II","type":"Point"}},{"type":"Feature","geometry":{"type":"Point","coordinates":[31.44103,-0.43718]},"properties":{"id":"oFI3thMRN4h","name":"Lwengo HC IV","type":"Point"}},{"type":"Feature","geometry":{"type":"Point","coordinates":[33.06734,0.64764]},"properties":{"id":"OfLIf8Za2t6","name":"Lumuli HC II","type":"Point"}},{"type":"Feature","geometry":{"type":"Point","coordinates":[30.437887,-0.362992]},"properties":{"id":"oFMf9UXgoOr","name":"Nsiika HC IV","type":"Point"}},{"type":"Feature","geometry":{"type":"Point","coordinates":[31.68064,-0.28818]},"properties":{"id":"ogD8wXFjIUD","name":"Kisojjo (Kibinge) HC II","type":"Point"}},{"type":"Feature","geometry":{"type":"Point","coordinates":[32.11476,0.14794]},"properties":{"id":"oglrek2bw9A","name":"Ntolomwe HC II","type":"Point"}},{"type":"Feature","geometry":{"type":"Point","coordinates":[31.04843,2.55396]},"properties":{"id":"OgnUw0a7ORO","name":"Kalowang HC III","type":"Point"}},{"type":"Feature","geometry":{"type":"Point","coordinates":[32.620725,0.696012]},"properties":{"id":"OHH5RHLMx2G","name":"Bukolwa HC II","type":"Point"}},{"type":"Feature","geometry":{"type":"Point","coordinates":[31.45113,-0.772501]},"properties":{"id":"oHu9DJNgKaV","name":"Kifamba HC III","type":"Point"}},{"type":"Feature","geometry":{"type":"Point","coordinates":[33.57707,0.60982]},"properties":{"id":"OI8TRCBrnAW","name":"Bukoteka HC II","type":"Point"}},{"type":"Feature","geometry":{"type":"Point","coordinates":[30.91136,3.01712]},"properties":{"id":"Oib4aFmRmve","name":"Arua Police HC III","type":"Point"}},{"type":"Feature","geometry":{"type":"Point","coordinates":[33.15179,0.38359]},"properties":{"id":"OiuyBahpmGI","name":"Njeru Town Council HC III","type":"Point"}},{"type":"Feature","geometry":{"type":"Point","coordinates":[34.28036,0.9567]},"properties":{"id":"oIYkOMu6tdP","name":"Bubulo HC IV","type":"Point"}},{"type":"Feature","geometry":{"type":"Point","coordinates":[33.09367,0.56865]},"properties":{"id":"OJAHaxY7rug","name":"Nawampandha HC II","type":"Point"}},{"type":"Feature","geometry":{"type":"Point","coordinates":[29.72718,-1.31473]},"properties":{"id":"oJjQxwDB9EW","name":"Nyabihuniko HC III","type":"Point"}},{"type":"Feature","geometry":{"type":"Point","coordinates":[32.92578,2.31442]},"properties":{"id":"OjPZpAx86iC","name":"Ngetta HC III","type":"Point"}},{"type":"Feature","geometry":{"type":"Point","coordinates":[31.96572,2.91766]},"properties":{"id":"OJYXXSC87rV","name":"Oberabic HC II","type":"Point"}},{"type":"Feature","geometry":{"type":"Point","coordinates":[29.943844,-0.915336]},"properties":{"id":"oKUibPXdpfx","name":"Nyarugando HC II","type":"Point"}},{"type":"Feature","geometry":{"type":"Point","coordinates":[33.29167,2.37004]},"properties":{"id":"OkXiLXdu8pG","name":"Anepmoroto HC III","type":"Point"}},{"type":"Feature","geometry":{"type":"Point","coordinates":[32.465753,0.093928]},"properties":{"id":"Ol3Jup78Um5","name":"Wagagai HC IV","type":"Point"}},{"type":"Feature","geometry":{"type":"Point","coordinates":[34.258392,1.104941]},"properties":{"id":"OlaVEDuSn6W","name":"Bumadanda HC III","type":"Point"}},{"type":"Feature","geometry":{"type":"Point","coordinates":[31.75971,3.17313]},"properties":{"id":"OLccBxRpUXk","name":"Ajeri HC II","type":"Point"}},{"type":"Feature","geometry":{"type":"Point","coordinates":[32.53801,0.58863]},"properties":{"id":"olEYjGeLyZf","name":"Nakatonya HC III","type":"Point"}},{"type":"Feature","geometry":{"type":"Point","coordinates":[34.66517,1.84395]},"properties":{"id":"oLPpU9BQsKF","name":"Tokora HC IV","type":"Point"}},{"type":"Feature","geometry":{"type":"Point","coordinates":[34.16476,1.32296]},"properties":{"id":"OMNRrYcHxCn","name":"Kolir HC III","type":"Point"}},{"type":"Feature","geometry":{"type":"Point","coordinates":[32.81519,1.63635]},"properties":{"id":"OMRlmYUqpLa","name":"Alemere Medical Aid HC II","type":"Point"}},{"type":"Feature","geometry":{"type":"Point","coordinates":[31.27022,1.38335]},"properties":{"id":"omv0xbPKq9w","name":"Muhwiju HC III","type":"Point"}},{"type":"Feature","geometry":{"type":"Point","coordinates":[33.26917,0.77349]},"properties":{"id":"OMxnV3FYIU9","name":"Kalyowa HC II","type":"Point"}},{"type":"Feature","geometry":{"type":"Point","coordinates":[31.03614,2.41356]},"properties":{"id":"ON7Uan6hmYG","name":"Jupangira HC II","type":"Point"}},{"type":"Feature","geometry":{"type":"Point","coordinates":[31.1981,1.39878]},"properties":{"id":"Ond9n3CrBxY","name":"Bujugu HC III","type":"Point"}},{"type":"Feature","geometry":{"type":"Point","coordinates":[32.54159,0.29856]},"properties":{"id":"ONt4TJmcw1L","name":"Njeru Clinic (Rubaga) HC II","type":"Point"}},{"type":"Feature","geometry":{"type":"Point","coordinates":[30.49247,-0.51272]},"properties":{"id":"OnV3pblY9FU","name":"Mugarutsya HC II","type":"Point"}},{"type":"Feature","geometry":{"type":"Point","coordinates":[33.71096,0.93399]},"properties":{"id":"oo6NPR1LpVp","name":"Mazuba HC II - Ngo","type":"Point"}},{"type":"Feature","geometry":{"type":"Point","coordinates":[33.2664,0.1981]},"properties":{"id":"OOEbAPdUMTg","name":"Lingira (Ywam) Health Centre HC II","type":"Point"}},{"type":"Feature","geometry":{"type":"Point","coordinates":[31.876,-0.15096]},"properties":{"id":"OoIuPjmXDde","name":"Teguzibirwa Dom Clinic","type":"Point"}},{"type":"Feature","geometry":{"type":"Point","coordinates":[30.168237,0.371659]},"properties":{"id":"OOJMUm6aMR4","name":"Kitswamba HC III","type":"Point"}},{"type":"Feature","geometry":{"type":"Point","coordinates":[30.48425,-0.1367]},"properties":{"id":"OoKSJdwte5f","name":"Ibanda Mission HC III","type":"Point"}},{"type":"Feature","geometry":{"type":"Point","coordinates":[31.94083,-0.33334]},"properties":{"id":"OpHCVPDEaBb","name":"Lambu HC II","type":"Point"}},{"type":"Feature","geometry":{"type":"Point","coordinates":[31.10436,-0.32653]},"properties":{"id":"OPlFFKzCcCC","name":"Katovu HC II","type":"Point"}},{"type":"Feature","geometry":{"type":"Point","coordinates":[33.37081,0.60762]},"properties":{"id":"OpOGlpV0oLK","name":"Mpambwa HC III","type":"Point"}},{"type":"Feature","geometry":{"type":"Point","coordinates":[33.64418,0.02293]},"properties":{"id":"OPOuhWyA5PX","name":"Buyugu HC II","type":"Point"}},{"type":"Feature","geometry":{"type":"Point","coordinates":[31.39933,0.47869]},"properties":{"id":"OPysuvktrqH","name":"Mubende Gayaza HC II","type":"Point"}},{"type":"Feature","geometry":{"type":"Point","coordinates":[31.38654,-0.6564]},"properties":{"id":"OQnJUNl390Z","name":"Buyamba HC III","type":"Point"}},{"type":"Feature","geometry":{"type":"Point","coordinates":[33.64034,2.03481]},"properties":{"id":"oRHreBW5Tyr","name":"Amuria Hospital","type":"Point"}},{"type":"Feature","geometry":{"type":"Point","coordinates":[34.66347,2.52315]},"properties":{"id":"oSaG8nXTNOB","name":"Nakapelimen HC II","type":"Point"}},{"type":"Feature","geometry":{"type":"Point","coordinates":[30.75054,-0.93971]},"properties":{"id":"OSfoWEwPx5d","name":"St. Thereza HC II","type":"Point"}},{"type":"Feature","geometry":{"type":"Point","coordinates":[30.10802,-0.47563]},"properties":{"id":"Osw7UTwSksE","name":"Igara Tea Factory HC II","type":"Point"}},{"type":"Feature","geometry":{"type":"Point","coordinates":[31.90636,3.36454]},"properties":{"id":"OsXGo2furEb","name":"Olia HC II","type":"Point"}},{"type":"Feature","geometry":{"type":"Point","coordinates":[30.79644,-0.93298]},"properties":{"id":"OSXtM56gs6k","name":"Kagaaga HC II","type":"Point"}},{"type":"Feature","geometry":{"type":"Point","coordinates":[32.36132,0.84015]},"properties":{"id":"OtHSbYGRmmu","name":"Kiwoko Hospital","type":"Point"}},{"type":"Feature","geometry":{"type":"Point","coordinates":[32.29184,-0.32073]},"properties":{"id":"oTXa14pgh8f","name":"Kalangala HC IV","type":"Point"}},{"type":"Feature","geometry":{"type":"Point","coordinates":[34.10424,0.49935]},"properties":{"id":"OTXAnX5WbpR","name":"Mawero HC II","type":"Point"}},{"type":"Feature","geometry":{"type":"Point","coordinates":[32.565394,0.300394]},"properties":{"id":"oU5FK0jRDPy","name":"Trinity Life Health Care HC II","type":"Point"}},{"type":"Feature","geometry":{"type":"Point","coordinates":[31.68416,3.43159]},"properties":{"id":"Ou84k4CKFRi","name":"Opejo HC II","type":"Point"}},{"type":"Feature","geometry":{"type":"Point","coordinates":[33.303782,2.778143]},"properties":{"id":"oUcwyNtRzrb","name":"Patongo HC III","type":"Point"}},{"type":"Feature","geometry":{"type":"Point","coordinates":[31.36876,0.50959]},"properties":{"id":"OUeoU9K3vSp","name":"Nabikakala HC II","type":"Point"}},{"type":"Feature","geometry":{"type":"Point","coordinates":[32.53651,0.37927]},"properties":{"id":"oUg36nTwhBR","name":"Nassolo Wamala HC II","type":"Point"}},{"type":"Feature","geometry":{"type":"Point","coordinates":[31.83603,0.42805]},"properties":{"id":"oUhXrWJEwRI","name":"Kyanamugera HC II","type":"Point"}},{"type":"Feature","geometry":{"type":"Point","coordinates":[30.69214,0.74192]},"properties":{"id":"ounetWmXUdw","name":"Katooke HC III","type":"Point"}},{"type":"Feature","geometry":{"type":"Point","coordinates":[30.687724,1.028305]},"properties":{"id":"OUxkJiqy82x","name":"Mpeefu A HC II","type":"Point"}},{"type":"Feature","geometry":{"type":"Point","coordinates":[30.39263,-0.50306]},"properties":{"id":"oV7osEI51r6","name":"Kigarama (Kigarama) HC III","type":"Point"}},{"type":"Feature","geometry":{"type":"Point","coordinates":[34.39994,1.37927]},"properties":{"id":"OVHn5EkIqik","name":"Tegeres HC III","type":"Point"}},{"type":"Feature","geometry":{"type":"Point","coordinates":[31.51589,-0.47508]},"properties":{"id":"oviT3cugAEz","name":"Kiwangala HC IV","type":"Point"}},{"type":"Feature","geometry":{"type":"Point","coordinates":[32.97643,2.18911]},"properties":{"id":"OVzIKrDVLHO","name":"Onywako HC II","type":"Point"}},{"type":"Feature","geometry":{"type":"Point","coordinates":[30.88293,-0.84365]},"properties":{"id":"oWA8scZHcEV","name":"Kibengo (Isingiro) HC II","type":"Point"}},{"type":"Feature","geometry":{"type":"Point","coordinates":[31.29862,-0.67171]},"properties":{"id":"oWc1nPWfL8R","name":"Lwabakooba HC II","type":"Point"}},{"type":"Feature","geometry":{"type":"Point","coordinates":[30.15953,0.62935]},"properties":{"id":"OwDder9Wkwn","name":"Nyabuswa HC III","type":"Point"}},{"type":"Feature","geometry":{"type":"Point","coordinates":[31.37683,1.56763]},"properties":{"id":"owkwHmj0ueb","name":"Kyabasengya HC II","type":"Point"}},{"type":"Feature","geometry":{"type":"Point","coordinates":[30.032736,-1.412754]},"properties":{"id":"oWTRZJbQxha","name":"Rubaya HC IV","type":"Point"}},{"type":"Feature","geometry":{"type":"Point","coordinates":[33.939425,2.529868]},"properties":{"id":"Owvv3PbIrZ2","name":"Amita Prison HC II","type":"Point"}},{"type":"Feature","geometry":{"type":"Point","coordinates":[30.73407,0.81562]},"properties":{"id":"OXa6YSwJxEd","name":"Nyankwanzi HC III","type":"Point"}},{"type":"Feature","geometry":{"type":"Point","coordinates":[32.61758,0.26183]},"properties":{"id":"OXG3d4gPJpC","name":"Makindye Police HC III","type":"Point"}},{"type":"Feature","geometry":{"type":"Point","coordinates":[34.54194,2.02119]},"properties":{"id":"oXIGrnTxKM3","name":"Nayonai Angikalio HC II","type":"Point"}},{"type":"Feature","geometry":{"type":"Point","coordinates":[31.312253,1.138339]},"properties":{"id":"OxlqPUBAnaI","name":"Kakumiro - Masaka HC III","type":"Point"}},{"type":"Feature","geometry":{"type":"Point","coordinates":[32.78548,2.6862]},"properties":{"id":"oYdsJ8kS1JS","name":"Koro Abili HC II","type":"Point"}},{"type":"Feature","geometry":{"type":"Point","coordinates":[32.57875,2.4672]},"properties":{"id":"OYENvTcFrXW","name":"Iceme HC III (Iceme Subcounty)","type":"Point"}},{"type":"Feature","geometry":{"type":"Point","coordinates":[30.18744,0.79814]},"properties":{"id":"oyfr6zwE7bz","name":"Kyondo (Bundibugyo) HC II","type":"Point"}},{"type":"Feature","geometry":{"type":"Point","coordinates":[30.30852,-0.62226]},"properties":{"id":"oYJViNoP94z","name":"Karera HC II","type":"Point"}},{"type":"Feature","geometry":{"type":"Point","coordinates":[31.39495,0.42995]},"properties":{"id":"OYxZ53hePFw","name":"Kayebe HC II","type":"Point"}},{"type":"Feature","geometry":{"type":"Point","coordinates":[29.957825,-0.713233]},"properties":{"id":"oZGP4SNOqtz","name":"Nyakanyinya HC II","type":"Point"}},{"type":"Feature","geometry":{"type":"Point","coordinates":[33.241357,0.522387]},"properties":{"id":"oZkdPEw78K7","name":"Kabembe HC II","type":"Point"}},{"type":"Feature","geometry":{"type":"Point","coordinates":[30.40949,-0.22177]},"properties":{"id":"ozM66An1522","name":"Mabonwa HC II","type":"Point"}},{"type":"Feature","geometry":{"type":"Point","coordinates":[33.26105,0.46848]},"properties":{"id":"OZm6EKHBeMU","name":"St. Benedict's HC III","type":"Point"}},{"type":"Feature","geometry":{"type":"Point","coordinates":[29.99966,-1.20885]},"properties":{"id":"oZVIABxg51n","name":"Bigungiro HC II","type":"Point"}},{"type":"Feature","geometry":{"type":"Point","coordinates":[32.58932,3.50947]},"properties":{"id":"p0bIifvmV47","name":"Kapeta HC II","type":"Point"}},{"type":"Feature","geometry":{"type":"Point","coordinates":[33.613078,1.716939]},"properties":{"id":"p0fJEq6m1ew","name":"TASO Soroti Special Clinic","type":"Point"}},{"type":"Feature","geometry":{"type":"Point","coordinates":[34.72914,1.27412]},"properties":{"id":"p0zA3LCR2z4","name":"Amanang HC II","type":"Point"}},{"type":"Feature","geometry":{"type":"Point","coordinates":[32.89405,3.46608]},"properties":{"id":"p1DN5s8Iw8F","name":"Ogako HC II","type":"Point"}},{"type":"Feature","geometry":{"type":"Point","coordinates":[33.29846,3.14856]},"properties":{"id":"p1eA0ghuSyR","name":"Omiya Pacwa HC II","type":"Point"}},{"type":"Feature","geometry":{"type":"Point","coordinates":[30.98119,2.41637]},"properties":{"id":"P1F2OCX6d3t","name":"Paidha HC III","type":"Point"}},{"type":"Feature","geometry":{"type":"Point","coordinates":[31.1777,-0.25402]},"properties":{"id":"p1sZ2yYdM77","name":"Kyakuterekera HC II","type":"Point"}},{"type":"Feature","geometry":{"type":"Point","coordinates":[32.37903,2.83776]},"properties":{"id":"P2sdfoxH0a7","name":"Angaya HC III","type":"Point"}},{"type":"Feature","geometry":{"type":"Point","coordinates":[30.41668,-1.000016]},"properties":{"id":"P3xQ9rXeVdo","name":"Kafunjo (Kafunjo) HC II","type":"Point"}},{"type":"Feature","geometry":{"type":"Point","coordinates":[29.63387,-1.19095]},"properties":{"id":"p3y6tUhOXnp","name":"Buhozi HC III","type":"Point"}},{"type":"Feature","geometry":{"type":"Point","coordinates":[30.36159,-0.69744]},"properties":{"id":"P4S1NQLpjzw","name":"Nyamabaare HC II","type":"Point"}},{"type":"Feature","geometry":{"type":"Point","coordinates":[31.11714,3.41509]},"properties":{"id":"P5GTK5hmugt","name":"Lodonga HC IV","type":"Point"}},{"type":"Feature","geometry":{"type":"Point","coordinates":[31.02747,3.10862]},"properties":{"id":"p5VSwDHxeI1","name":"Tuku HC II","type":"Point"}},{"type":"Feature","geometry":{"type":"Point","coordinates":[33.34966,0.84053]},"properties":{"id":"P6OUk7gIEv2","name":"Nairika HC II","type":"Point"}},{"type":"Feature","geometry":{"type":"Point","coordinates":[34.04565,3.53314]},"properties":{"id":"p6TLE7qdXyr","name":"Kaimese HC III","type":"Point"}},{"type":"Feature","geometry":{"type":"Point","coordinates":[30.93968,1.50593]},"properties":{"id":"pa2KemeFZTD","name":"Kyehoro HC III","type":"Point"}},{"type":"Feature","geometry":{"type":"Point","coordinates":[30.23754,-0.42137]},"properties":{"id":"PaDMXSrDug6","name":"Burungira HC II","type":"Point"}},{"type":"Feature","geometry":{"type":"Point","coordinates":[31.77539,2.57944]},"properties":{"id":"PaFDdt89chv","name":"Wiianaka HC II","type":"Point"}},{"type":"Feature","geometry":{"type":"Point","coordinates":[33.21235,0.45993]},"properties":{"id":"pAsdJsJETch","name":"Mpumudde HC IV","type":"Point"}},{"type":"Feature","geometry":{"type":"Point","coordinates":[34.13121,3.51508]},"properties":{"id":"pATBoZZRddT","name":"Kaabong Hospital","type":"Point"}},{"type":"Feature","geometry":{"type":"Point","coordinates":[33.29266,0.74155]},"properties":{"id":"pAVQjcGnvWV","name":"Kiwalazi HC II","type":"Point"}},{"type":"Feature","geometry":{"type":"Point","coordinates":[33.46274,2.98247]},"properties":{"id":"pBrduMkhHQy","name":"Lira Kaket HC II","type":"Point"}},{"type":"Feature","geometry":{"type":"Point","coordinates":[30.66006,-0.61189]},"properties":{"id":"pCasaBs63nR","name":"Mbarara Municipal Council HC IV","type":"Point"}},{"type":"Feature","geometry":{"type":"Point","coordinates":[31.44421,3.48476]},"properties":{"id":"PCEYU4GNDtV","name":"Locomgbo HC II","type":"Point"}},{"type":"Feature","geometry":{"type":"Point","coordinates":[33.59886,1.93492]},"properties":{"id":"PCvI4E289K1","name":"Agirigiroi HC II","type":"Point"}},{"type":"Feature","geometry":{"type":"Point","coordinates":[29.62206,-1.21412]},"properties":{"id":"pCvTmt48vr0","name":"Busanza HC IV","type":"Point"}},{"type":"Feature","geometry":{"type":"Point","coordinates":[32.492307,0.805792]},"properties":{"id":"Pd0OEOACNJA","name":"Kigombe HC II","type":"Point"}},{"type":"Feature","geometry":{"type":"Point","coordinates":[31.66877,-0.42634]},"properties":{"id":"pDoGpLEW0yL","name":"Kyamuyimbwa HC II","type":"Point"}},{"type":"Feature","geometry":{"type":"Point","coordinates":[32.28886,2.76976]},"properties":{"id":"PDrCI0KZp8c","name":"St. Monica HC II","type":"Point"}},{"type":"Feature","geometry":{"type":"Point","coordinates":[31.40631,1.40563]},"properties":{"id":"pefIQOO4szC","name":"Buhanika HC III","type":"Point"}},{"type":"Feature","geometry":{"type":"Point","coordinates":[34.11372,3.4954]},"properties":{"id":"PeixVcxEdj2","name":"Kakamar HC II","type":"Point"}},{"type":"Feature","geometry":{"type":"Point","coordinates":[33.09944,1.00899]},"properties":{"id":"PeKgOppv6Lo","name":"Namunyingi HC II","type":"Point"}},{"type":"Feature","geometry":{"type":"Point","coordinates":[32.61274,0.24828]},"properties":{"id":"PeMJgzJIaxY","name":"Kiruddu NRH - Private Inpatients Services","type":"Point"}},{"type":"Feature","geometry":{"type":"Point","coordinates":[31.70095,0.55461]},"properties":{"id":"PEWPGWSHd0K","name":"Lwangiri HC II","type":"Point"}},{"type":"Feature","geometry":{"type":"Point","coordinates":[30.27457,0.633455]},"properties":{"id":"Pf3v59iyqdM","name":"Mucwa HC III","type":"Point"}},{"type":"Feature","geometry":{"type":"Point","coordinates":[31.38974,0.56456]},"properties":{"id":"PFDKtj1bx7T","name":"Mubende Town Council HC II","type":"Point"}},{"type":"Feature","geometry":{"type":"Point","coordinates":[30.99598,2.83095]},"properties":{"id":"pFEBNrLpegZ","name":"Bondo Military HC III","type":"Point"}},{"type":"Feature","geometry":{"type":"Point","coordinates":[34.49957,1.50816]},"properties":{"id":"PfIEJ2cH2SX","name":"Ngenge HC III","type":"Point"}},{"type":"Feature","geometry":{"type":"Point","coordinates":[34.3739,1.33708]},"properties":{"id":"Pg3Djak7A3e","name":"Sipi HC III","type":"Point"}},{"type":"Feature","geometry":{"type":"Point","coordinates":[31.95844,0.56559]},"properties":{"id":"Pg7u9XVV10i","name":"Kalangalo HC III","type":"Point"}},{"type":"Feature","geometry":{"type":"Point","coordinates":[33.78836,1.60624]},"properties":{"id":"pGfuON6s6cD","name":"Kapir HC III","type":"Point"}},{"type":"Feature","geometry":{"type":"Point","coordinates":[29.67916,-1.32068]},"properties":{"id":"Pgi000QNqrV","name":"Nyarusiza HC III","type":"Point"}},{"type":"Feature","geometry":{"type":"Point","coordinates":[30.75054,-0.93971]},"properties":{"id":"PGpdN6nh3Lz","name":"Kamubeizi HC II","type":"Point"}},{"type":"Feature","geometry":{"type":"Point","coordinates":[31.94798,2.60271]},"properties":{"id":"PgRLMNQdejC","name":"Anaka Hospital","type":"Point"}},{"type":"Feature","geometry":{"type":"Point","coordinates":[34.28133,0.70938]},"properties":{"id":"pH4T8a5MxXm","name":"Amoni HC II","type":"Point"}},{"type":"Feature","geometry":{"type":"Point","coordinates":[32.69114,0.5431]},"properties":{"id":"PhdZ1TVBjZR","name":"Namasumbi HC II","type":"Point"}},{"type":"Feature","geometry":{"type":"Point","coordinates":[32.61026,0.30972]},"properties":{"id":"PHhcBpjIWvL","name":"Alive Medical Services Special Clinic","type":"Point"}},{"type":"Feature","geometry":{"type":"Point","coordinates":[31.22854,0.38081]},"properties":{"id":"pHixVeoCTIX","name":"St. Jane Frances Medical Centre HC II","type":"Point"}},{"type":"Feature","geometry":{"type":"Point","coordinates":[31.59464,0.94971]},"properties":{"id":"PigPHG7o7y8","name":"Mpuuga Medical Centre HC II","type":"Point"}},{"type":"Feature","geometry":{"type":"Point","coordinates":[29.74696,-0.72042]},"properties":{"id":"piH0rNCoLGX","name":"Samaria HC II","type":"Point"}},{"type":"Feature","geometry":{"type":"Point","coordinates":[33.65025,0.62452]},"properties":{"id":"pIIknYAOSrJ","name":"Bwigula HC II","type":"Point"}},{"type":"Feature","geometry":{"type":"Point","coordinates":[31.28221,3.076068]},"properties":{"id":"PJAn1P5SMrd","name":"Ocea HC II","type":"Point"}},{"type":"Feature","geometry":{"type":"Point","coordinates":[30.39135,-0.105292]},"properties":{"id":"PjSakZGVHq5","name":"Kicheche HC III","type":"Point"}},{"type":"Feature","geometry":{"type":"Point","coordinates":[33.26303,2.13244]},"properties":{"id":"pk373UmcJEF","name":"Alanyi HC III","type":"Point"}},{"type":"Feature","geometry":{"type":"Point","coordinates":[34.19018,0.74779]},"properties":{"id":"plAlL1EJXLc","name":"Apetai HC II","type":"Point"}},{"type":"Feature","geometry":{"type":"Point","coordinates":[33.87584,0.34291]},"properties":{"id":"pLbsnCMz2UB","name":"Buyombo HC II","type":"Point"}},{"type":"Feature","geometry":{"type":"Point","coordinates":[34.52672,2.37184]},"properties":{"id":"PLUp4qPTSvf","name":"Lotome HC III","type":"Point"}},{"type":"Feature","geometry":{"type":"Point","coordinates":[33.214,0.79385]},"properties":{"id":"Pm7k3OLfbXA","name":"Bugulumbya HC III","type":"Point"}},{"type":"Feature","geometry":{"type":"Point","coordinates":[33.50042,1.64537]},"properties":{"id":"PmFgAvnih83","name":"Ocokican HC II","type":"Point"}},{"type":"Feature","geometry":{"type":"Point","coordinates":[30.87333,2.90778]},"properties":{"id":"pMSBcFRbW7W","name":"Vurra HC III","type":"Point"}},{"type":"Feature","geometry":{"type":"Point","coordinates":[29.66232,-1.28754]},"properties":{"id":"PncHhF14R0N","name":"Nyakinama HC III","type":"Point"}},{"type":"Feature","geometry":{"type":"Point","coordinates":[32.85441,2.26656]},"properties":{"id":"pNHDdE8BJt8","name":"Amuca SDA HC III","type":"Point"}},{"type":"Feature","geometry":{"type":"Point","coordinates":[32.61274,0.24828]},"properties":{"id":"pNT8f17lJiA","name":"Kiruddu National Referral Hospital","type":"Point"}},{"type":"Feature","geometry":{"type":"Point","coordinates":[30.043415,0.225889]},"properties":{"id":"PO2hM0JUIn2","name":"Buhaghura HC III","type":"Point"}},{"type":"Feature","geometry":{"type":"Point","coordinates":[30.709478,0.671648]},"properties":{"id":"PO3ArP7dZly","name":"Myeri HC II","type":"Point"}},{"type":"Feature","geometry":{"type":"Point","coordinates":[30.09288,-1.17322]},"properties":{"id":"pOm3A9Qsw6m","name":"Kahondo HC III","type":"Point"}},{"type":"Feature","geometry":{"type":"Point","coordinates":[31.96828,0.07539]},"properties":{"id":"PoYcxTk5yjp","name":"Nabyewanga HC II","type":"Point"}},{"type":"Feature","geometry":{"type":"Point","coordinates":[29.92534,-1.45334]},"properties":{"id":"PP7PtqrehTG","name":"Kahungye HC II","type":"Point"}},{"type":"Feature","geometry":{"type":"Point","coordinates":[33.58534,0.54757]},"properties":{"id":"PP7yUJOjWsV","name":"Igombe HC III","type":"Point"}},{"type":"Feature","geometry":{"type":"Point","coordinates":[33.29633,0.45289]},"properties":{"id":"PpdVthivLyS","name":"Ntinkalu HC II","type":"Point"}},{"type":"Feature","geometry":{"type":"Point","coordinates":[30.74204,-0.88794]},"properties":{"id":"PPFplmPcIK1","name":"Kihiihi HC II","type":"Point"}},{"type":"Feature","geometry":{"type":"Point","coordinates":[31.46479,3.17724]},"properties":{"id":"ppjhr0L8daE","name":"Ewanga HC III","type":"Point"}},{"type":"Feature","geometry":{"type":"Point","coordinates":[30.349616,-0.566294]},"properties":{"id":"ppt2wpU7IP6","name":"Mushanga HC III","type":"Point"}},{"type":"Feature","geometry":{"type":"Point","coordinates":[32.427,3.04914]},"properties":{"id":"PQ5WTEpxw8U","name":"Lugore Prisons HC II","type":"Point"}},{"type":"Feature","geometry":{"type":"Point","coordinates":[34.0827,2.94054]},"properties":{"id":"pQDmyQ0AA41","name":"Kamoru HC II","type":"Point"}},{"type":"Feature","geometry":{"type":"Point","coordinates":[33.16359,1.77863]},"properties":{"id":"PQfiDO16p19","name":"Kaberamaido Hospital","type":"Point"}},{"type":"Feature","geometry":{"type":"Point","coordinates":[29.65883,-0.75692]},"properties":{"id":"PR3iWtZLeMK","name":"Kazinga (Kanungu) HC II","type":"Point"}},{"type":"Feature","geometry":{"type":"Point","coordinates":[33.62512,0.94603]},"properties":{"id":"PrOL9DbHU3G","name":"Ivukula HC III","type":"Point"}},{"type":"Feature","geometry":{"type":"Point","coordinates":[33.45342,0.61772]},"properties":{"id":"prOqXqNPpWj","name":"Kasolo HC II","type":"Point"}},{"type":"Feature","geometry":{"type":"Point","coordinates":[32.23799,2.10356]},"properties":{"id":"ps6uw6lyGiy","name":"Yabweng HC II","type":"Point"}},{"type":"Feature","geometry":{"type":"Point","coordinates":[32.78198,0.52425]},"properties":{"id":"PSPBoL7ecNh","name":"St. Francis Naggalama Hospital","type":"Point"}},{"type":"Feature","geometry":{"type":"Point","coordinates":[33.98135,0.77577]},"properties":{"id":"pSUPvzr5g6r","name":"Katajula HC II","type":"Point"}},{"type":"Feature","geometry":{"type":"Point","coordinates":[32.88569,1.1056]},"properties":{"id":"ptIo7ouXsPw","name":"Bbaale HC IV","type":"Point"}},{"type":"Feature","geometry":{"type":"Point","coordinates":[33.1871,0.81276]},"properties":{"id":"ptjWwKVSEsQ","name":"Bugulumbya Flep HC II","type":"Point"}},{"type":"Feature","geometry":{"type":"Point","coordinates":[33.9823,1.15538]},"properties":{"id":"ptpCYlWn6s7","name":"Kameruka HC III","type":"Point"}},{"type":"Feature","geometry":{"type":"Point","coordinates":[34.32841,1.17328]},"properties":{"id":"pTrRXtAg5IR","name":"Budadiri HC IV","type":"Point"}},{"type":"Feature","geometry":{"type":"Point","coordinates":[32.89414,2.24294]},"properties":{"id":"PtRs8sc4Ngf","name":"Marie Stopes Uganda Lira HC II","type":"Point"}},{"type":"Feature","geometry":{"type":"Point","coordinates":[30.08624,-1.19439]},"properties":{"id":"PtwSvLOzWkU","name":"Ibumba HC II","type":"Point"}},{"type":"Feature","geometry":{"type":"Point","coordinates":[32.578377,0.198975]},"properties":{"id":"pu1zq6YEtgu","name":"Mutungo HC II","type":"Point"}},{"type":"Feature","geometry":{"type":"Point","coordinates":[33.44938,2.67135]},"properties":{"id":"pUeR6j03GhJ","name":"Alop HC II","type":"Point"}},{"type":"Feature","geometry":{"type":"Point","coordinates":[34.1778,0.70426]},"properties":{"id":"pUIAC7lwrkb","name":"Immaculate Nursing Home HC III","type":"Point"}},{"type":"Feature","geometry":{"type":"Point","coordinates":[32.73481,3.42697]},"properties":{"id":"pulKKykB9je","name":"Madi Kiloch HC II","type":"Point"}},{"type":"Feature","geometry":{"type":"Point","coordinates":[33.39093,0.66798]},"properties":{"id":"PuSvMFDx1H6","name":"Busalamu Ngo HC II","type":"Point"}},{"type":"Feature","geometry":{"type":"Point","coordinates":[29.963934,-0.708106]},"properties":{"id":"PUUsBLjRd6C","name":"Bwanda (Rukungiri) HC II","type":"Point"}},{"type":"Feature","geometry":{"type":"Point","coordinates":[30.14793,0.59979]},"properties":{"id":"puvssItt4Qv","name":"Mitandi HC III","type":"Point"}},{"type":"Feature","geometry":{"type":"Point","coordinates":[32.37327,0.33108]},"properties":{"id":"pUZjhP8bvwF","name":"Bujuuko HC III","type":"Point"}},{"type":"Feature","geometry":{"type":"Point","coordinates":[33.00995,0.39447]},"properties":{"id":"PwgfpQbQXTQ","name":"Najjembe HC III","type":"Point"}},{"type":"Feature","geometry":{"type":"Point","coordinates":[32.07821,1.69823]},"properties":{"id":"PwHIdfpqYWi","name":"Masindi Port HC III","type":"Point"}},{"type":"Feature","geometry":{"type":"Point","coordinates":[30.851679,0.570545]},"properties":{"id":"Px1ZyylviYI","name":"St. Theresa Lisieux Rwibaale HC IV","type":"Point"}},{"type":"Feature","geometry":{"type":"Point","coordinates":[34.35048,1.21928]},"properties":{"id":"PX7XHOUnYJY","name":"Butandiga HC III","type":"Point"}},{"type":"Feature","geometry":{"type":"Point","coordinates":[29.89702,-0.20919]},"properties":{"id":"PY6780xaFk4","name":"Kazinga (Rubirizi) HC II","type":"Point"}},{"type":"Feature","geometry":{"type":"Point","coordinates":[33.627871,2.522805]},"properties":{"id":"pZhYWxNWH94","name":"Orwamuge HC III","type":"Point"}},{"type":"Feature","geometry":{"type":"Point","coordinates":[32.7417,0.75926]},"properties":{"id":"q0dM3TKAnQB","name":"Nakigoza HC II","type":"Point"}},{"type":"Feature","geometry":{"type":"Point","coordinates":[29.67307,-0.78152]},"properties":{"id":"q2FFBYtzNoo","name":"Bihomborwa HC II","type":"Point"}},{"type":"Feature","geometry":{"type":"Point","coordinates":[30.89236,2.61598]},"properties":{"id":"Q2JZnH5wQT0","name":"Warr Islamic HC II","type":"Point"}},{"type":"Feature","geometry":{"type":"Point","coordinates":[29.96678,0.6692]},"properties":{"id":"Q2keh7obLFL","name":"Bundingoma HC II","type":"Point"}},{"type":"Feature","geometry":{"type":"Point","coordinates":[33.2223,0.45085]},"properties":{"id":"Q2viFI8tSAY","name":"Masese III HC II","type":"Point"}},{"type":"Feature","geometry":{"type":"Point","coordinates":[33.13966,2.26562]},"properties":{"id":"q2vSqN5xoZL","name":"Aloi Mission HC III","type":"Point"}},{"type":"Feature","geometry":{"type":"Point","coordinates":[30.44231,-0.325554]},"properties":{"id":"Q2xPLKiCPXu","name":"Karungu (Buhweju) HC III","type":"Point"}},{"type":"Feature","geometry":{"type":"Point","coordinates":[32.90713,0.71014]},"properties":{"id":"q3aAGW0y5PH","name":"Namagabi HC II","type":"Point"}},{"type":"Feature","geometry":{"type":"Point","coordinates":[30.57051,0.076239]},"properties":{"id":"q3cvAMruPi4","name":"Ibanda Bihanga HC II","type":"Point"}},{"type":"Feature","geometry":{"type":"Point","coordinates":[29.777822,0.055679]},"properties":{"id":"q4C8iOvwk7A","name":"Ihandiro HC III","type":"Point"}},{"type":"Feature","geometry":{"type":"Point","coordinates":[30.24032,0.32859]},"properties":{"id":"q4GStVhMP0Z","name":"Ibuga Refugee HC II","type":"Point"}},{"type":"Feature","geometry":{"type":"Point","coordinates":[34.25678,1.14643]},"properties":{"id":"Q4w36syuJ46","name":"Bugusege HC II","type":"Point"}},{"type":"Feature","geometry":{"type":"Point","coordinates":[34.369828,1.002669]},"properties":{"id":"q52SkXKDblS","name":"Bukigai HC III","type":"Point"}},{"type":"Feature","geometry":{"type":"Point","coordinates":[32.37033,0.81657]},"properties":{"id":"Q5qLPWNEj41","name":"Kikamulo HC III","type":"Point"}},{"type":"Feature","geometry":{"type":"Point","coordinates":[32.24037,1.20714]},"properties":{"id":"q68Rl47iAKF","name":"Kinyogoga HC III","type":"Point"}},{"type":"Feature","geometry":{"type":"Point","coordinates":[31.23356,0.69861]},"properties":{"id":"Q6MT6wA0bBm","name":"Nyamarwa HC III","type":"Point"}},{"type":"Feature","geometry":{"type":"Point","coordinates":[32.74702,0.36091]},"properties":{"id":"Q6qNTXu3yRx","name":"Mukono General Hospital","type":"Point"}},{"type":"Feature","geometry":{"type":"Point","coordinates":[30.939968,0.982244]},"properties":{"id":"Q80EHQGTFxO","name":"Kyamasega HC II","type":"Point"}},{"type":"Feature","geometry":{"type":"Point","coordinates":[33.19818,0.44411]},"properties":{"id":"Q85OWcDwPLr","name":"Crescent Medical Centre HC III","type":"Point"}},{"type":"Feature","geometry":{"type":"Point","coordinates":[33.56286,0.58021]},"properties":{"id":"Qbag4aljhCh","name":"Bubenge HC II","type":"Point"}},{"type":"Feature","geometry":{"type":"Point","coordinates":[34.02579,0.48516]},"properties":{"id":"QBcNhnMbA3s","name":"Namungodi HC II","type":"Point"}},{"type":"Feature","geometry":{"type":"Point","coordinates":[30.65871,-0.59665]},"properties":{"id":"qbh38u2Laz4","name":"Kamukuzi Division HC II","type":"Point"}},{"type":"Feature","geometry":{"type":"Point","coordinates":[32.14802,0.55622]},"properties":{"id":"QBIrpeTAf7m","name":"Kasikombe HC II","type":"Point"}},{"type":"Feature","geometry":{"type":"Point","coordinates":[34.163714,0.73654]},"properties":{"id":"qbOt8Nswoff","name":"Panyangasi HC III","type":"Point"}},{"type":"Feature","geometry":{"type":"Point","coordinates":[31.50919,0.49522]},"properties":{"id":"QBPWzy66HiY","name":"Kitenga HC III","type":"Point"}},{"type":"Feature","geometry":{"type":"Point","coordinates":[31.40888,2.34879]},"properties":{"id":"QCIc9nkR12h","name":"Mukale HC II","type":"Point"}},{"type":"Feature","geometry":{"type":"Point","coordinates":[31.22739,1.2731]},"properties":{"id":"QCufWVvV6cj","name":"Mukabara HC III","type":"Point"}},{"type":"Feature","geometry":{"type":"Point","coordinates":[33.93285,1.94648]},"properties":{"id":"QdaoAlMf1Tz","name":"Aliakamer HC III","type":"Point"}},{"type":"Feature","geometry":{"type":"Point","coordinates":[32.29853,2.78069]},"properties":{"id":"QDc7Wijvfca","name":"Gulu Regional Referral Hospital","type":"Point"}},{"type":"Feature","geometry":{"type":"Point","coordinates":[30.59705,-0.25528]},"properties":{"id":"qdNLBqYlqTn","name":"Bwengure HC II","type":"Point"}},{"type":"Feature","geometry":{"type":"Point","coordinates":[33.77803,1.3939]},"properties":{"id":"QDqSXZrFf6O","name":"Atoot HC II","type":"Point"}},{"type":"Feature","geometry":{"type":"Point","coordinates":[31.58917,0.94932]},"properties":{"id":"QDSGcekPM4S","name":"Ntwetwe HC IV","type":"Point"}},{"type":"Feature","geometry":{"type":"Point","coordinates":[32.9824,0.23683]},"properties":{"id":"qdW8M8091gP","name":"Ngogwe HC III","type":"Point"}},{"type":"Feature","geometry":{"type":"Point","coordinates":[33.88599,1.01955]},"properties":{"id":"qebkADihERQ","name":"Kadama HC III","type":"Point"}},{"type":"Feature","geometry":{"type":"Point","coordinates":[30.28977,0.51501]},"properties":{"id":"QEpV6yJSsCN","name":"Kida Hospital","type":"Point"}},{"type":"Feature","geometry":{"type":"Point","coordinates":[31.04076,3.17306]},"properties":{"id":"QF2BTAZ1r3Z","name":"Aripea HC III","type":"Point"}},{"type":"Feature","geometry":{"type":"Point","coordinates":[30.38707,0.02913]},"properties":{"id":"QF3ff0Cof9s","name":"Kicwamba HC II","type":"Point"}},{"type":"Feature","geometry":{"type":"Point","coordinates":[31.33227,3.30896]},"properties":{"id":"qf3PsPmID7d","name":"Okuyo HC II","type":"Point"}},{"type":"Feature","geometry":{"type":"Point","coordinates":[33.65685,0.82445]},"properties":{"id":"QfsdBGdGrV5","name":"Nawaikona HC II","type":"Point"}},{"type":"Feature","geometry":{"type":"Point","coordinates":[30.281265,-0.984786]},"properties":{"id":"QfWjCf5pKFh","name":"Rweikiniro HC III","type":"Point"}},{"type":"Feature","geometry":{"type":"Point","coordinates":[32.56146,0.36205]},"properties":{"id":"QgAL2KJE7g4","name":"Kawempe Home Care Clinic HC III","type":"Point"}},{"type":"Feature","geometry":{"type":"Point","coordinates":[32.595567,0.311245]},"properties":{"id":"qGftzDww51u","name":"Tusubira Clinic HC II","type":"Point"}},{"type":"Feature","geometry":{"type":"Point","coordinates":[31.48917,0.67294]},"properties":{"id":"QGlZ7LIOS00","name":"Butoloogo HC III","type":"Point"}},{"type":"Feature","geometry":{"type":"Point","coordinates":[33.2641,0.477]},"properties":{"id":"qGM0ucFnYBQ","name":"Wairaka HC II","type":"Point"}},{"type":"Feature","geometry":{"type":"Point","coordinates":[32.87105,0.92872]},"properties":{"id":"qgt3hJNBRKa","name":"Nakyesa HC II","type":"Point"}},{"type":"Feature","geometry":{"type":"Point","coordinates":[31.93454,0.00911]},"properties":{"id":"QH5kXc4j4T1","name":"Bukasa HC II","type":"Point"}},{"type":"Feature","geometry":{"type":"Point","coordinates":[29.97561,0.08755]},"properties":{"id":"Qh9kLj8ETu6","name":"St. Francis Of Assis-Kitabu HC III","type":"Point"}},{"type":"Feature","geometry":{"type":"Point","coordinates":[31.73118,-0.64592]},"properties":{"id":"qHcSi8JgoVZ","name":"Kitunga Kyanamukaaka HC II","type":"Point"}},{"type":"Feature","geometry":{"type":"Point","coordinates":[34.09351,3.52756]},"properties":{"id":"qhhoFrsTHqp","name":"Lomeris HC II","type":"Point"}},{"type":"Feature","geometry":{"type":"Point","coordinates":[32.700967,1.548269]},"properties":{"id":"QhhZ8aHXOWM","name":"Namasale HC III","type":"Point"}},{"type":"Feature","geometry":{"type":"Point","coordinates":[30.1625,0.46692]},"properties":{"id":"QhjzIx0abeY","name":"Kabonero HC III","type":"Point"}},{"type":"Feature","geometry":{"type":"Point","coordinates":[32.1193,2.01433]},"properties":{"id":"QHsCNVmRURq","name":"St. Jude Thaddeos Karungu HC III","type":"Point"}},{"type":"Feature","geometry":{"type":"Point","coordinates":[32.57737,0.34298]},"properties":{"id":"QHyLvO7sL6p","name":"TASO Mulago Special Clinic","type":"Point"}},{"type":"Feature","geometry":{"type":"Point","coordinates":[33.31091,1.92392]},"properties":{"id":"qidhLTyAErV","name":"Otuboi HC III","type":"Point"}},{"type":"Feature","geometry":{"type":"Point","coordinates":[33.65935,1.153744]},"properties":{"id":"QIGx6E6L3Y5","name":"Kasodo HC III","type":"Point"}},{"type":"Feature","geometry":{"type":"Point","coordinates":[33.96969,2.2047]},"properties":{"id":"Qii1Y1bj3Be","name":"Ongongoja HC II","type":"Point"}},{"type":"Feature","geometry":{"type":"Point","coordinates":[30.95691,0.13935]},"properties":{"id":"qiSudyvjqfc","name":"Rwetamu HC III","type":"Point"}},{"type":"Feature","geometry":{"type":"Point","coordinates":[33.3024,0.69586]},"properties":{"id":"qIsuPTWNldp","name":"Nawampiti (Nawampiti) HC II","type":"Point"}},{"type":"Feature","geometry":{"type":"Point","coordinates":[33.58785,0.40103]},"properties":{"id":"qIZ5LRWbGhE","name":"Kyoga HC II","type":"Point"}},{"type":"Feature","geometry":{"type":"Point","coordinates":[32.38487,2.32333]},"properties":{"id":"qj8RiqubJhc","name":"Amwa HC II","type":"Point"}},{"type":"Feature","geometry":{"type":"Point","coordinates":[31.6343,-0.31689]},"properties":{"id":"qjeMzMj7tdk","name":"Kimwanyi HC III","type":"Point"}},{"type":"Feature","geometry":{"type":"Point","coordinates":[32.18652,1.76227]},"properties":{"id":"Qjo6d9XrGLZ","name":"Aganga HC II","type":"Point"}},{"type":"Feature","geometry":{"type":"Point","coordinates":[30.36932,-0.36652]},"properties":{"id":"qjWCCeS39HE","name":"Kiyanja HC II","type":"Point"}},{"type":"Feature","geometry":{"type":"Point","coordinates":[31.39872,2.16979]},"properties":{"id":"Qk1XgoxFmuU","name":"Kigwera HC III","type":"Point"}},{"type":"Feature","geometry":{"type":"Point","coordinates":[33.45738,0.75959]},"properties":{"id":"QkBTEggkt4y","name":"Ituba HC II","type":"Point"}},{"type":"Feature","geometry":{"type":"Point","coordinates":[33.02214,3.41364]},"properties":{"id":"qKGMj34R5qZ","name":"Mucwini HC III","type":"Point"}},{"type":"Feature","geometry":{"type":"Point","coordinates":[34.34206,2.48399]},"properties":{"id":"QKGsjJojbYP","name":"Lokopo HC III","type":"Point"}},{"type":"Feature","geometry":{"type":"Point","coordinates":[31.64135,0.85119]},"properties":{"id":"Qkotq27DWuJ","name":"Sirimula HC II","type":"Point"}},{"type":"Feature","geometry":{"type":"Point","coordinates":[33.47756,0.46012]},"properties":{"id":"qkq6TBG0tnA","name":"Mayuge HC III","type":"Point"}},{"type":"Feature","geometry":{"type":"Point","coordinates":[32.41589,2.69829]},"properties":{"id":"qKVewTpVtG6","name":"Lakwatomer HC II","type":"Point"}},{"type":"Feature","geometry":{"type":"Point","coordinates":[30.213881,-0.776962]},"properties":{"id":"QL6CPNbpOcH","name":"Nyakibigi HC II","type":"Point"}},{"type":"Feature","geometry":{"type":"Point","coordinates":[31.2517,1.67306]},"properties":{"id":"qlFZnWwRSlS","name":"Kibiro HC II","type":"Point"}},{"type":"Feature","geometry":{"type":"Point","coordinates":[31.78731,0.18906]},"properties":{"id":"QLJmdTgkB3N","name":"Bulwadda HC II","type":"Point"}},{"type":"Feature","geometry":{"type":"Point","coordinates":[32.5369,0.1218]},"properties":{"id":"qLLYEE7sCnd","name":"Kisubi Hospital","type":"Point"}},{"type":"Feature","geometry":{"type":"Point","coordinates":[30.47829,-0.15491]},"properties":{"id":"QLP6OdRGJsz","name":"Ruhoko HC IV","type":"Point"}},{"type":"Feature","geometry":{"type":"Point","coordinates":[30.4404,0.32634]},"properties":{"id":"qMBXDpWSarC","name":"Kyabenda HC III","type":"Point"}},{"type":"Feature","geometry":{"type":"Point","coordinates":[32.84241,0.31776]},"properties":{"id":"qmgb0UXgPfs","name":"Seeta Nazigo HC III","type":"Point"}},{"type":"Feature","geometry":{"type":"Point","coordinates":[33.60014,1.48245]},"properties":{"id":"qmIXnGwbmHP","name":"Kyere Mission","type":"Point"}},{"type":"Feature","geometry":{"type":"Point","coordinates":[29.986994,-1.362721]},"properties":{"id":"qMp9nV9JLdE","name":"Rusikizi HC II","type":"Point"}},{"type":"Feature","geometry":{"type":"Point","coordinates":[31.907799,0.179489]},"properties":{"id":"qNEyUa4AQg9","name":"Rapha Medical HC III","type":"Point"}},{"type":"Feature","geometry":{"type":"Point","coordinates":[30.26394,-0.926194]},"properties":{"id":"qNPSuHsI7VL","name":"Nyaburiza HC II","type":"Point"}},{"type":"Feature","geometry":{"type":"Point","coordinates":[33.189769,3.14192]},"properties":{"id":"qOIHRAbHyeu","name":"Wol HC III","type":"Point"}},{"type":"Feature","geometry":{"type":"Point","coordinates":[33.3051,1.23533]},"properties":{"id":"QOZR5fA8TL7","name":"Kagulu HC II","type":"Point"}},{"type":"Feature","geometry":{"type":"Point","coordinates":[31.156135,0.942533]},"properties":{"id":"QP3xbv4C32B","name":"Igayaza HC II","type":"Point"}},{"type":"Feature","geometry":{"type":"Point","coordinates":[31.25634,-0.37348]},"properties":{"id":"qp3zotdBH8Y","name":"Katovu COU HC III","type":"Point"}},{"type":"Feature","geometry":{"type":"Point","coordinates":[33.21114,0.44523]},"properties":{"id":"QPEq1rVFQA7","name":"Jinja Police HC III","type":"Point"}},{"type":"Feature","geometry":{"type":"Point","coordinates":[34.40961,1.41157]},"properties":{"id":"qpP5cilBXi9","name":"Kaplelko HC II","type":"Point"}},{"type":"Feature","geometry":{"type":"Point","coordinates":[34.33456,1.03203]},"properties":{"id":"QPU9ZqlYc17","name":"Bunamono HC II","type":"Point"}},{"type":"Feature","geometry":{"type":"Point","coordinates":[32.49846,2.13687]},"properties":{"id":"qQ3wnUFmTck","name":"Adigo HC II","type":"Point"}},{"type":"Feature","geometry":{"type":"Point","coordinates":[33.22789,0.96756]},"properties":{"id":"QQ48OF4SR47","name":"Kyeeya HC II","type":"Point"}},{"type":"Feature","geometry":{"type":"Point","coordinates":[32.5354,2.2801]},"properties":{"id":"QqmvGCcxjPN","name":"Loro Prison HC II","type":"Point"}},{"type":"Feature","geometry":{"type":"Point","coordinates":[33.78981,3.17607]},"properties":{"id":"qqW763qthZ4","name":"Apa Lopus HC II","type":"Point"}},{"type":"Feature","geometry":{"type":"Point","coordinates":[31.11282,-0.07731]},"properties":{"id":"qRhE9EvVxkv","name":"Buyanja (Kasagama) HC II","type":"Point"}},{"type":"Feature","geometry":{"type":"Point","coordinates":[32.721178,-0.12226]},"properties":{"id":"QROYnp0n7wL","name":"Mpunge HC III","type":"Point"}},{"type":"Feature","geometry":{"type":"Point","coordinates":[32.22912,0.37636]},"properties":{"id":"qrvgF3UwZzS","name":"Malangala HC III","type":"Point"}},{"type":"Feature","geometry":{"type":"Point","coordinates":[29.78746,0.00084]},"properties":{"id":"QS4gdVLVfuN","name":"Katholhu HC II","type":"Point"}},{"type":"Feature","geometry":{"type":"Point","coordinates":[31.75419,-0.43072]},"properties":{"id":"Qs7Gd4mGOkf","name":"Kamwozi HC II","type":"Point"}},{"type":"Feature","geometry":{"type":"Point","coordinates":[31.79634,3.45216]},"properties":{"id":"qSb1CxxiAGH","name":"Pachara HC II","type":"Point"}},{"type":"Feature","geometry":{"type":"Point","coordinates":[31.51174,-0.7259]},"properties":{"id":"QskS6jOsR9M","name":"Kibaale Comm. Home HC II","type":"Point"}},{"type":"Feature","geometry":{"type":"Point","coordinates":[33.433466,1.193051]},"properties":{"id":"qSsfhLq5dWA","name":"Nawampiti (Bukamba) HC III","type":"Point"}},{"type":"Feature","geometry":{"type":"Point","coordinates":[31.49315,-0.24348]},"properties":{"id":"QsZmsK8ULW3","name":"Bamu Hospital","type":"Point"}},{"type":"Feature","geometry":{"type":"Point","coordinates":[29.86155,-1.12395]},"properties":{"id":"QTU5FkY0Zjl","name":"Rubanda PHC HC III","type":"Point"}},{"type":"Feature","geometry":{"type":"Point","coordinates":[32.64301,0.30274]},"properties":{"id":"QUd8daomu0P","name":"Benedict HC IV","type":"Point"}},{"type":"Feature","geometry":{"type":"Point","coordinates":[34.13224,0.8784]},"properties":{"id":"qUY4pnk54iJ","name":"Maliri HC II","type":"Point"}},{"type":"Feature","geometry":{"type":"Point","coordinates":[33.87392,0.33482]},"properties":{"id":"QwGfB2lBQHe","name":"Taoky Medical Clinic HC II","type":"Point"}},{"type":"Feature","geometry":{"type":"Point","coordinates":[33.76778,3.53319]},"properties":{"id":"qWIMhyosZQk","name":"Lokori HC II","type":"Point"}},{"type":"Feature","geometry":{"type":"Point","coordinates":[32.44955,0.58276]},"properties":{"id":"QwKtJKWbS0E","name":"Nsanvu HC II","type":"Point"}},{"type":"Feature","geometry":{"type":"Point","coordinates":[30.01619,0.21581]},"properties":{"id":"qWz35RRtgYD","name":"Mbunga HC II","type":"Point"}},{"type":"Feature","geometry":{"type":"Point","coordinates":[31.427902,0.256667]},"properties":{"id":"QX10pPIWlfR","name":"Kasambya (Gomba) HC II","type":"Point"}},{"type":"Feature","geometry":{"type":"Point","coordinates":[32.6326,0.34521]},"properties":{"id":"qx1tdwUae4t","name":"Kyambogo University Medical Centre HC II","type":"Point"}},{"type":"Feature","geometry":{"type":"Point","coordinates":[32.46196,1.25184]},"properties":{"id":"QxjjT8pu7tx","name":"Wabigalo HC III","type":"Point"}},{"type":"Feature","geometry":{"type":"Point","coordinates":[34.71042,1.32158]},"properties":{"id":"qXQvylmsflU","name":"Mutushet HC II","type":"Point"}},{"type":"Feature","geometry":{"type":"Point","coordinates":[30.47399,-0.75233]},"properties":{"id":"QxuHUqsrz0A","name":"Kitojo (Bugamba) HC II","type":"Point"}},{"type":"Feature","geometry":{"type":"Point","coordinates":[32.32213,0.22554]},"properties":{"id":"QXVOVXOy3FM","name":"Mpigi HC IV","type":"Point"}},{"type":"Feature","geometry":{"type":"Point","coordinates":[30.215693,-1.153191]},"properties":{"id":"QYBM6A0o4pT","name":"Ngoma HC III","type":"Point"}},{"type":"Feature","geometry":{"type":"Point","coordinates":[32.1819,0.12091]},"properties":{"id":"qYIh49gM216","name":"Kyabadaza HC III","type":"Point"}},{"type":"Feature","geometry":{"type":"Point","coordinates":[32.93219,2.95455]},"properties":{"id":"QyscUadfYko","name":"Mary Immaculate HC II","type":"Point"}},{"type":"Feature","geometry":{"type":"Point","coordinates":[32.94178,0.36975]},"properties":{"id":"qYZPZV35BRO","name":"Lugazi Police HC II","type":"Point"}},{"type":"Feature","geometry":{"type":"Point","coordinates":[31.20757,0.42728]},"properties":{"id":"qZk5VyDx3BL","name":"Kabalungi HC II","type":"Point"}},{"type":"Feature","geometry":{"type":"Point","coordinates":[33.29067,1.52954]},"properties":{"id":"qzSy84YdUkX","name":"Apapai HC IV","type":"Point"}},{"type":"Feature","geometry":{"type":"Point","coordinates":[32.29519,2.78351]},"properties":{"id":"qZUu0ylcHTa","name":"Gulu Youth Centre HC II","type":"Point"}},{"type":"Feature","geometry":{"type":"Point","coordinates":[33.6522,1.03285]},"properties":{"id":"R0DjMf6TzHj","name":"Kikalu HC II","type":"Point"}},{"type":"Feature","geometry":{"type":"Point","coordinates":[31.49679,2.46017]},"properties":{"id":"R11qcaG5pbk","name":"Pakwach HC IV","type":"Point"}},{"type":"Feature","geometry":{"type":"Point","coordinates":[32.424195,1.461824]},"properties":{"id":"R2Cl01FXyrt","name":"Nakayonza  HC III","type":"Point"}},{"type":"Feature","geometry":{"type":"Point","coordinates":[33.96088,0.98604]},"properties":{"id":"r2MmzjEyXNT","name":"Butove HC II","type":"Point"}},{"type":"Feature","geometry":{"type":"Point","coordinates":[30.23142,-0.52326]},"properties":{"id":"R43DSu1tUIj","name":"Katungu Mission HC III","type":"Point"}},{"type":"Feature","geometry":{"type":"Point","coordinates":[32.702308,1.662688]},"properties":{"id":"r4txax3dzBl","name":"Etam HC III","type":"Point"}},{"type":"Feature","geometry":{"type":"Point","coordinates":[33.88773,1.3265]},"properties":{"id":"r56FE4iE6at","name":"Mukongoro Community Health Services HC III","type":"Point"}},{"type":"Feature","geometry":{"type":"Point","coordinates":[31.52364,0.46091]},"properties":{"id":"r5X4QUeK8OA","name":"Bugonzi HC II","type":"Point"}},{"type":"Feature","geometry":{"type":"Point","coordinates":[33.211684,0.569687]},"properties":{"id":"R63lQLnoBOa","name":"Mutai HC II","type":"Point"}},{"type":"Feature","geometry":{"type":"Point","coordinates":[33.70867,2.18795]},"properties":{"id":"r6nCqqhhKQN","name":"Nyada HC II","type":"Point"}},{"type":"Feature","geometry":{"type":"Point","coordinates":[31.567,3.47112]},"properties":{"id":"r6rK4PRzzKv","name":"Belameling HC II","type":"Point"}},{"type":"Feature","geometry":{"type":"Point","coordinates":[31.8273,3.67363]},"properties":{"id":"r7ps4KEp5W9","name":"Eremi HC III","type":"Point"}},{"type":"Feature","geometry":{"type":"Point","coordinates":[31.11036,3.15839]},"properties":{"id":"r7tydjevuu8","name":"Andelizu HC II","type":"Point"}},{"type":"Feature","geometry":{"type":"Point","coordinates":[31.66908,0.21294]},"properties":{"id":"r7ugOoXi8F1","name":"Maddu HC IV","type":"Point"}},{"type":"Feature","geometry":{"type":"Point","coordinates":[31.08732,2.97428]},"properties":{"id":"r8AJDcUr8oO","name":"Ayayia HC II","type":"Point"}},{"type":"Feature","geometry":{"type":"Point","coordinates":[30.23385,-0.5666]},"properties":{"id":"R8KkhIkIqWE","name":"Bwera HC II","type":"Point"}},{"type":"Feature","geometry":{"type":"Point","coordinates":[33.56809,2.29369]},"properties":{"id":"R95ybrwz0Fz","name":"Alito HC II","type":"Point"}},{"type":"Feature","geometry":{"type":"Point","coordinates":[34.40159,2.37929]},"properties":{"id":"rAvayhLZRhY","name":"Matany Hospital","type":"Point"}},{"type":"Feature","geometry":{"type":"Point","coordinates":[33.59197,2.20505]},"properties":{"id":"rbxGtvw8E8X","name":"Obalanga HC III","type":"Point"}},{"type":"Feature","geometry":{"type":"Point","coordinates":[34.21816,1.12857]},"properties":{"id":"RcviCR2b32p","name":"Nankusi HC II","type":"Point"}},{"type":"Feature","geometry":{"type":"Point","coordinates":[29.72046,-0.88313]},"properties":{"id":"RD3AHbG3X9A","name":"Kitariro HC II","type":"Point"}},{"type":"Feature","geometry":{"type":"Point","coordinates":[33.23659,2.26365]},"properties":{"id":"RdmsO9Kftg9","name":"Alebtong HC IV","type":"Point"}},{"type":"Feature","geometry":{"type":"Point","coordinates":[33.492139,0.545062]},"properties":{"id":"rdZgIFDlUWW","name":"Nawanzu HC II","type":"Point"}},{"type":"Feature","geometry":{"type":"Point","coordinates":[29.92752,-1.32259]},"properties":{"id":"RdzJlXtx1G9","name":"Kitooma HC III","type":"Point"}},{"type":"Feature","geometry":{"type":"Point","coordinates":[32.08079,0.52145]},"properties":{"id":"REERGfMzysM","name":"Rode Clinic HC II","type":"Point"}},{"type":"Feature","geometry":{"type":"Point","coordinates":[29.796157,-1.312439]},"properties":{"id":"REgJCp1CbEw","name":"Chibumba HC II","type":"Point"}},{"type":"Feature","geometry":{"type":"Point","coordinates":[32.73825,2.19306]},"properties":{"id":"rEncXrvkJ3Z","name":"Bala HC III","type":"Point"}},{"type":"Feature","geometry":{"type":"Point","coordinates":[32.88133,3.2223]},"properties":{"id":"resqo4n29Tk","name":"Gweng-Coo HC II","type":"Point"}},{"type":"Feature","geometry":{"type":"Point","coordinates":[32.52119,0.74191]},"properties":{"id":"reSTu8XZgge","name":"Kikoma HC III","type":"Point"}},{"type":"Feature","geometry":{"type":"Point","coordinates":[33.96227,0.61185]},"properties":{"id":"REtjx4sVLdw","name":"Nyiemera HC II","type":"Point"}},{"type":"Feature","geometry":{"type":"Point","coordinates":[32.728005,0.772152]},"properties":{"id":"rF4qoxF0CV2","name":"Bulami Orthodox HC II","type":"Point"}},{"type":"Feature","geometry":{"type":"Point","coordinates":[32.54638,0.38536]},"properties":{"id":"RfaCkM6A2b9","name":"Jinja Karoli HC II","type":"Point"}},{"type":"Feature","geometry":{"type":"Point","coordinates":[32.13531,1.94239]},"properties":{"id":"rfk0AEPFYk5","name":"Nyakadoti HC II","type":"Point"}},{"type":"Feature","geometry":{"type":"Point","coordinates":[32.7668,0.38981]},"properties":{"id":"RfweVyD8d7w","name":"Takajjunge HC II","type":"Point"}},{"type":"Feature","geometry":{"type":"Point","coordinates":[30.74886,-0.96573]},"properties":{"id":"RFWwEWMyoSD","name":"Nshungyezi HC III","type":"Point"}},{"type":"Feature","geometry":{"type":"Point","coordinates":[34.34801,1.24711]},"properties":{"id":"Rg3LeVeNtqJ","name":"Tunyi HC II","type":"Point"}},{"type":"Feature","geometry":{"type":"Point","coordinates":[29.7929,-0.7531]},"properties":{"id":"rGyQQOXQlhl","name":"Bugongi HC II","type":"Point"}},{"type":"Feature","geometry":{"type":"Point","coordinates":[33.33905,2.8356]},"properties":{"id":"RHk4V3ZlFbx","name":"Lukole HC III","type":"Point"}},{"type":"Feature","geometry":{"type":"Point","coordinates":[31.94523,3.456357]},"properties":{"id":"RHkry0Pxk7e","name":"Nyumanzi HC III","type":"Point"}},{"type":"Feature","geometry":{"type":"Point","coordinates":[34.67982,1.29061]},"properties":{"id":"RHqoxANc66y","name":"Chesimat HC II","type":"Point"}},{"type":"Feature","geometry":{"type":"Point","coordinates":[30.57817,0.823962]},"properties":{"id":"RHw7crtljAa","name":"Kyembogo Holy Cross HC III","type":"Point"}},{"type":"Feature","geometry":{"type":"Point","coordinates":[31.29033,-0.41645]},"properties":{"id":"rhzvuShf7zI","name":"Lwengenyi HC II","type":"Point"}},{"type":"Feature","geometry":{"type":"Point","coordinates":[30.69459,-0.71705]},"properties":{"id":"RI4Fb24F84i","name":"Kakoma HC III","type":"Point"}},{"type":"Feature","geometry":{"type":"Point","coordinates":[32.90658,2.24702]},"properties":{"id":"riFZJMWkiZR","name":"Lira Medical Centre Ltd HC III","type":"Point"}},{"type":"Feature","geometry":{"type":"Point","coordinates":[32.34853,2.79679]},"properties":{"id":"rigBgTrixkr","name":"Unyama HC II","type":"Point"}},{"type":"Feature","geometry":{"type":"Point","coordinates":[30.251001,0.329067]},"properties":{"id":"RJ0MvKuvMtv","name":"Ibuga Prison HC II","type":"Point"}},{"type":"Feature","geometry":{"type":"Point","coordinates":[32.43266,0.53789]},"properties":{"id":"rjIpxD2fcZB","name":"Busawamanze HC III","type":"Point"}},{"type":"Feature","geometry":{"type":"Point","coordinates":[32.39149,1.69949]},"properties":{"id":"rjOHz4O83zh","name":"Akokoro HC III","type":"Point"}},{"type":"Feature","geometry":{"type":"Point","coordinates":[30.37738,-0.86269]},"properties":{"id":"rk5itnVaCHU","name":"Ngomba HC II","type":"Point"}},{"type":"Feature","geometry":{"type":"Point","coordinates":[34.74968,1.29892]},"properties":{"id":"rk6HnWXzl3e","name":"Bukwo HC IV","type":"Point"}},{"type":"Feature","geometry":{"type":"Point","coordinates":[30.82411,0.13387]},"properties":{"id":"Rk73DzPBfJl","name":"Nshunga HC II","type":"Point"}},{"type":"Feature","geometry":{"type":"Point","coordinates":[32.02906,2.63023]},"properties":{"id":"rKGazd2JbUJ","name":"Corom HC II","type":"Point"}},{"type":"Feature","geometry":{"type":"Point","coordinates":[33.910523,0.331343]},"properties":{"id":"RkPKHtihwLz","name":"Lunyo HC III","type":"Point"}},{"type":"Feature","geometry":{"type":"Point","coordinates":[30.02829,-0.69516]},"properties":{"id":"RKTrEW3Vw7X","name":"Kabira (Mitooma) HC III","type":"Point"}},{"type":"Feature","geometry":{"type":"Point","coordinates":[31.32408,1.52977]},"properties":{"id":"rkx1GZhqrWo","name":"Kiseke HC II","type":"Point"}},{"type":"Feature","geometry":{"type":"Point","coordinates":[33.86635,1.16575]},"properties":{"id":"rLRgiOLdAhU","name":"Nagwere HC III","type":"Point"}},{"type":"Feature","geometry":{"type":"Point","coordinates":[31.63779,-0.26398]},"properties":{"id":"RlulmyGd2XY","name":"Buyoga HC III","type":"Point"}},{"type":"Feature","geometry":{"type":"Point","coordinates":[33.73088,2.95626]},"properties":{"id":"RLWAwgTDjSJ","name":"Alerek HC III","type":"Point"}},{"type":"Feature","geometry":{"type":"Point","coordinates":[32.57701,0.82673]},"properties":{"id":"rLXGEUiPF7o","name":"Bwaziba HC II","type":"Point"}},{"type":"Feature","geometry":{"type":"Point","coordinates":[33.807477,0.60354]},"properties":{"id":"rlXW6WfCgAp","name":"Iwemba HC III","type":"Point"}},{"type":"Feature","geometry":{"type":"Point","coordinates":[34.56817,1.39202]},"properties":{"id":"rLYXWl0FJq4","name":"Benet HC III","type":"Point"}},{"type":"Feature","geometry":{"type":"Point","coordinates":[33.43471,3.131651]},"properties":{"id":"RM8vegpr7j7","name":"Paimol HC III","type":"Point"}},{"type":"Feature","geometry":{"type":"Point","coordinates":[33.06777,0.78428]},"properties":{"id":"rMRNQLVmpYB","name":"St. Kizito Kiyunga HC II","type":"Point"}},{"type":"Feature","geometry":{"type":"Point","coordinates":[30.46572,-0.26368]},"properties":{"id":"RndGp2J7TuE","name":"Butare HC III","type":"Point"}},{"type":"Feature","geometry":{"type":"Point","coordinates":[31.78515,1.19939]},"properties":{"id":"RNfCSfnBlxh","name":"Kyankwanzi HC III","type":"Point"}},{"type":"Feature","geometry":{"type":"Point","coordinates":[33.7912,2.71266]},"properties":{"id":"RnktSI9w0ZM","name":"Koya HC II","type":"Point"}},{"type":"Feature","geometry":{"type":"Point","coordinates":[31.85948,2.80572]},"properties":{"id":"rnSuCabTqe3","name":"Otwee HC III","type":"Point"}},{"type":"Feature","geometry":{"type":"Point","coordinates":[31.29646,3.38005]},"properties":{"id":"RnXpcMWI5Zu","name":"Abiriamajo HC II","type":"Point"}},{"type":"Feature","geometry":{"type":"Point","coordinates":[32.93897,1.92556]},"properties":{"id":"RODBUPIK6Qc","name":"Owiny HC II","type":"Point"}},{"type":"Feature","geometry":{"type":"Point","coordinates":[34.12154,0.75428]},"properties":{"id":"RoEEqZN2e63","name":"Geno Community Nursing Home Clinic","type":"Point"}},{"type":"Feature","geometry":{"type":"Point","coordinates":[34.21674,0.82858]},"properties":{"id":"roJb8A7yXNm","name":"Lwanjusi HC III","type":"Point"}},{"type":"Feature","geometry":{"type":"Point","coordinates":[32.46718,1.06564]},"properties":{"id":"rP3cpyzkW4m","name":"St. Franciscan HC IV","type":"Point"}},{"type":"Feature","geometry":{"type":"Point","coordinates":[34.187079,0.697967]},"properties":{"id":"RPJpuHyPqWP","name":"Tororo Hospital","type":"Point"}},{"type":"Feature","geometry":{"type":"Point","coordinates":[33.01362,1.68243]},"properties":{"id":"rPMkkecqjqx","name":"Ochero HC III","type":"Point"}},{"type":"Feature","geometry":{"type":"Point","coordinates":[32.43693,0.02846]},"properties":{"id":"rQPl84cEAuM","name":"Brother Hermans HC III","type":"Point"}},{"type":"Feature","geometry":{"type":"Point","coordinates":[30.75031,1.19657]},"properties":{"id":"rqXX3nVIgQd","name":"Ngurwe HC II","type":"Point"}},{"type":"Feature","geometry":{"type":"Point","coordinates":[34.36074,1.20297]},"properties":{"id":"Rr6qa2nv12k","name":"Shared Blessings HC III","type":"Point"}},{"type":"Feature","geometry":{"type":"Point","coordinates":[32.495047,0.630844]},"properties":{"id":"rRB4rWMdUS9","name":"Katikamu SDA Dispensary HC II","type":"Point"}},{"type":"Feature","geometry":{"type":"Point","coordinates":[30.9482,-0.2104]},"properties":{"id":"rrjDjA0JfXN","name":"Rushere Community Hospital","type":"Point"}},{"type":"Feature","geometry":{"type":"Point","coordinates":[33.53251,0.57121]},"properties":{"id":"RRMU2EDNAdg","name":"Kakombo HC II","type":"Point"}},{"type":"Feature","geometry":{"type":"Point","coordinates":[31.55569,-0.33903]},"properties":{"id":"rrOymteWVK8","name":"Lwengo Kinoni Govt HC III","type":"Point"}},{"type":"Feature","geometry":{"type":"Point","coordinates":[30.71114,0.11197]},"properties":{"id":"rRPBsggvt0q","name":"Buremba HC III","type":"Point"}},{"type":"Feature","geometry":{"type":"Point","coordinates":[31.578746,3.554224]},"properties":{"id":"RrrjJE4SdLj","name":"Munu HC II","type":"Point"}},{"type":"Feature","geometry":{"type":"Point","coordinates":[30.25571,-0.6327]},"properties":{"id":"RrvmrGFqy38","name":"Bugongi HC III","type":"Point"}},{"type":"Feature","geometry":{"type":"Point","coordinates":[34.38879,1.36004]},"properties":{"id":"rRYEsv3mfWa","name":"Chemosong HC II","type":"Point"}},{"type":"Feature","geometry":{"type":"Point","coordinates":[33.03127,0.58534]},"properties":{"id":"RSFwMQwN99b","name":"Kangulumira HC IV","type":"Point"}},{"type":"Feature","geometry":{"type":"Point","coordinates":[30.052365,-1.010924]},"properties":{"id":"rSlgLL0D4py","name":"Ihunga (Rukungiri) HC II","type":"Point"}},{"type":"Feature","geometry":{"type":"Point","coordinates":[30.18334,-0.88334]},"properties":{"id":"rSpQGF4E4vj","name":"Ntungamo Nyabushenyi HC II","type":"Point"}},{"type":"Feature","geometry":{"type":"Point","coordinates":[32.29025,2.77957]},"properties":{"id":"RsY5tCgiuHp","name":"Gulu Independent Hospital","type":"Point"}},{"type":"Feature","geometry":{"type":"Point","coordinates":[34.74255,2.58918]},"properties":{"id":"Rt3qVzr4uqK","name":"Kakingol HC III","type":"Point"}},{"type":"Feature","geometry":{"type":"Point","coordinates":[34.25272,0.86533]},"properties":{"id":"RTB3ZNoIDhd","name":"Bugobero HC IV","type":"Point"}},{"type":"Feature","geometry":{"type":"Point","coordinates":[32.51268,2.09762]},"properties":{"id":"RtLANRdFvdh","name":"Chegere HC II","type":"Point"}},{"type":"Feature","geometry":{"type":"Point","coordinates":[32.70395,0.4788]},"properties":{"id":"ruaRQmaT4Kr","name":"Buntaba HC II","type":"Point"}},{"type":"Feature","geometry":{"type":"Point","coordinates":[32.61274,0.24828]},"properties":{"id":"rue4uy2H5iS","name":"Kiruddu NRH - Private Outpatient","type":"Point"}},{"type":"Feature","geometry":{"type":"Point","coordinates":[33.47681,2.17372]},"properties":{"id":"RUGDBdVZ6oS","name":"Calvary Chapel HC II","type":"Point"}},{"type":"Feature","geometry":{"type":"Point","coordinates":[33.775,0.43509]},"properties":{"id":"RVFMEGRSxTl","name":"Muterere HC III","type":"Point"}},{"type":"Feature","geometry":{"type":"Point","coordinates":[33.17719,0.43888]},"properties":{"id":"RVSKVTxRcnF","name":"Bukaya HC II","type":"Point"}},{"type":"Feature","geometry":{"type":"Point","coordinates":[31.81036,-0.26934]},"properties":{"id":"RvVYLDPIzPb","name":"Mpugwe HC III","type":"Point"}},{"type":"Feature","geometry":{"type":"Point","coordinates":[30.5168,0.05802]},"properties":{"id":"RvX1vKSd2yY","name":"Ibanda Kakinga HC II","type":"Point"}},{"type":"Feature","geometry":{"type":"Point","coordinates":[31.63389,-0.29187]},"properties":{"id":"RWEo3tF0K1h","name":"Mirambi HC III","type":"Point"}},{"type":"Feature","geometry":{"type":"Point","coordinates":[31.34196,1.43875]},"properties":{"id":"rWhuHZdqFk8","name":"Azur HC IV","type":"Point"}},{"type":"Feature","geometry":{"type":"Point","coordinates":[33.59912,0.73248]},"properties":{"id":"RWICuGNoE6b","name":"Busembatya HC III","type":"Point"}},{"type":"Feature","geometry":{"type":"Point","coordinates":[31.2215,3.00472]},"properties":{"id":"rwogm4xx92W","name":"Gbulukuatuni HC II","type":"Point"}},{"type":"Feature","geometry":{"type":"Point","coordinates":[34.24423,2.08113]},"properties":{"id":"RWsqlimyYmq","name":"Amedek HC II","type":"Point"}},{"type":"Feature","geometry":{"type":"Point","coordinates":[33.69555,3.56899]},"properties":{"id":"RwUs7iX5S49","name":"Karenga HC IV","type":"Point"}},{"type":"Feature","geometry":{"type":"Point","coordinates":[33.43965,0.40225]},"properties":{"id":"Rx8u7WLhn7R","name":"Bukatube HC II","type":"Point"}},{"type":"Feature","geometry":{"type":"Point","coordinates":[34.65399,1.36689]},"properties":{"id":"RxjGCZJbrNa","name":"Kworus HC II","type":"Point"}},{"type":"Feature","geometry":{"type":"Point","coordinates":[31.70972,0.9051]},"properties":{"id":"RXMQeaZcjjG","name":"Nalinya Ndagire HC III","type":"Point"}},{"type":"Feature","geometry":{"type":"Point","coordinates":[29.72869,-1.16839]},"properties":{"id":"rxnRNKvVVX1","name":"Ikamiro (Kisoro) HC II","type":"Point"}},{"type":"Feature","geometry":{"type":"Point","coordinates":[32.56755,0.30757]},"properties":{"id":"rxoAz9lkuSi","name":"AIDS Information Centre (Kampala) Special Clinic","type":"Point"}},{"type":"Feature","geometry":{"type":"Point","coordinates":[33.66236,2.67686]},"properties":{"id":"RxPKxSBe0DC","name":"Abim Hospital","type":"Point"}},{"type":"Feature","geometry":{"type":"Point","coordinates":[32.567103,0.352307]},"properties":{"id":"RxTOacMFJV9","name":"Imm Clinic HC II","type":"Point"}},{"type":"Feature","geometry":{"type":"Point","coordinates":[34.13961,0.81923]},"properties":{"id":"rxu4zvH3DC1","name":"Merikit HC III","type":"Point"}},{"type":"Feature","geometry":{"type":"Point","coordinates":[32.24299,0.82291]},"properties":{"id":"RxuR3BaSwxg","name":"Butalangu HC III","type":"Point"}},{"type":"Feature","geometry":{"type":"Point","coordinates":[33.20068,0.69591]},"properties":{"id":"rxZ1ArHoehw","name":"St. Catherine HC II","type":"Point"}},{"type":"Feature","geometry":{"type":"Point","coordinates":[32.90019,2.2536]},"properties":{"id":"Ry65daFfEML","name":"Lira Prisons HC II","type":"Point"}},{"type":"Feature","geometry":{"type":"Point","coordinates":[31.1591,-0.40611]},"properties":{"id":"RYMEkOh45MP","name":"Lyantonde Muslim HC III","type":"Point"}},{"type":"Feature","geometry":{"type":"Point","coordinates":[32.14462,3.01068]},"properties":{"id":"rYNfPnt4Wko","name":"Pabbo (Govt) HC III","type":"Point"}},{"type":"Feature","geometry":{"type":"Point","coordinates":[32.7258,2.6851]},"properties":{"id":"RyuiNh0Ldqs","name":"Odek HC III","type":"Point"}},{"type":"Feature","geometry":{"type":"Point","coordinates":[29.975029,-1.21995]},"properties":{"id":"rYzEnMX4QXM","name":"Nyamiryango HC II","type":"Point"}},{"type":"Feature","geometry":{"type":"Point","coordinates":[29.983747,-0.756115]},"properties":{"id":"rZMLEmPz84F","name":"Rutooma (Buhunga) HC II","type":"Point"}},{"type":"Feature","geometry":{"type":"Point","coordinates":[33.132513,2.052794]},"properties":{"id":"RZwOQM4fzR3","name":"Atabu HC II","type":"Point"}},{"type":"Feature","geometry":{"type":"Point","coordinates":[33.08004,0.74888]},"properties":{"id":"s1LH73FP6Ck","name":"Kisozi Flep HC III","type":"Point"}},{"type":"Feature","geometry":{"type":"Point","coordinates":[32.70973,0.85314]},"properties":{"id":"s1n0dG7Dw9h","name":"Wabusana HC III","type":"Point"}},{"type":"Feature","geometry":{"type":"Point","coordinates":[29.855253,-1.111628]},"properties":{"id":"S1qinK4bVGQ","name":"Ikumba HC III","type":"Point"}},{"type":"Feature","geometry":{"type":"Point","coordinates":[30.25751,0.05708]},"properties":{"id":"S1tbgD2FoFD","name":"Mahyoro HC III","type":"Point"}},{"type":"Feature","geometry":{"type":"Point","coordinates":[32.46005,0.07182]},"properties":{"id":"s1VmGXPPQg5","name":"Entebbe UVRI HC II","type":"Point"}},{"type":"Feature","geometry":{"type":"Point","coordinates":[33.34619,2.911804]},"properties":{"id":"s21e0ARLfsE","name":"Odokomit HC II","type":"Point"}},{"type":"Feature","geometry":{"type":"Point","coordinates":[30.85901,3.24706]},"properties":{"id":"S26rammWZ0Y","name":"Kamaka HC III","type":"Point"}},{"type":"Feature","geometry":{"type":"Point","coordinates":[31.09413,-0.17057]},"properties":{"id":"S2jW7eA0Oe0","name":"Kyenshama HC II","type":"Point"}},{"type":"Feature","geometry":{"type":"Point","coordinates":[33.894305,0.208592]},"properties":{"id":"s3KGtzqaMyJ","name":"Busiro Church of God HC III","type":"Point"}},{"type":"Feature","geometry":{"type":"Point","coordinates":[30.5624,0.1332]},"properties":{"id":"S3tQRPj1rpw","name":"Rwengwe HC II","type":"Point"}},{"type":"Feature","geometry":{"type":"Point","coordinates":[29.73972,-0.9769]},"properties":{"id":"s5LS26QGqzl","name":"Mpungu HC III","type":"Point"}},{"type":"Feature","geometry":{"type":"Point","coordinates":[33.72305,1.4736]},"properties":{"id":"S70E0FJrMtU","name":"Agu HC III","type":"Point"}},{"type":"Feature","geometry":{"type":"Point","coordinates":[31.82034,-0.24811]},"properties":{"id":"S79Lcu8O003","name":"Butende HC III","type":"Point"}},{"type":"Feature","geometry":{"type":"Point","coordinates":[34.33639,1.32836]},"properties":{"id":"S8LH3k8Bkir","name":"Kaserem HC III","type":"Point"}},{"type":"Feature","geometry":{"type":"Point","coordinates":[31.43675,2.38558]},"properties":{"id":"S9QduX5GY1K","name":"Panyigoro HC III","type":"Point"}},{"type":"Feature","geometry":{"type":"Point","coordinates":[32.529764,1.007646]},"properties":{"id":"sAJl3s1MgfV","name":"Batuusa HC II","type":"Point"}},{"type":"Feature","geometry":{"type":"Point","coordinates":[30.06409,-1.14448]},"properties":{"id":"say5alYHaR7","name":"Kyobugombe HC II","type":"Point"}},{"type":"Feature","geometry":{"type":"Point","coordinates":[30.08128,-1.14939]},"properties":{"id":"sBBTrshNwgt","name":"Kyerero HC II","type":"Point"}},{"type":"Feature","geometry":{"type":"Point","coordinates":[30.95544,0.52941]},"properties":{"id":"SbeNQXeGDyJ","name":"Kakabara HC III","type":"Point"}},{"type":"Feature","geometry":{"type":"Point","coordinates":[32.606311,0.683861]},"properties":{"id":"SbhXVHOtboo","name":"Luwero Hospital","type":"Point"}},{"type":"Feature","geometry":{"type":"Point","coordinates":[31.41566,-0.25142]},"properties":{"id":"sbsaajvJPqH","name":"Ntete HC II","type":"Point"}},{"type":"Feature","geometry":{"type":"Point","coordinates":[31.06398,1.083901]},"properties":{"id":"sBU94B8MYFJ","name":"St. Norah Medical Centre HC III","type":"Point"}},{"type":"Feature","geometry":{"type":"Point","coordinates":[31.4637,-0.58275]},"properties":{"id":"SbullIVi7Kc","name":"Bethlehem HC II","type":"Point"}},{"type":"Feature","geometry":{"type":"Point","coordinates":[30.10366,-1.32457]},"properties":{"id":"sbvbrobesgm","name":"Maziba Parish HC II","type":"Point"}},{"type":"Feature","geometry":{"type":"Point","coordinates":[32.13226,0.41952]},"properties":{"id":"SCCtg0ytcin","name":"Kabule HC III","type":"Point"}},{"type":"Feature","geometry":{"type":"Point","coordinates":[31.748712,-0.234043]},"properties":{"id":"ScJudq9evei","name":"Bwanda (Kalungu) HC II","type":"Point"}},{"type":"Feature","geometry":{"type":"Point","coordinates":[32.091,0.23181]},"properties":{"id":"SCOrhnwQX8k","name":"Kanzira HC II","type":"Point"}},{"type":"Feature","geometry":{"type":"Point","coordinates":[29.92297,-1.016315]},"properties":{"id":"sDL3xZ4aHxw","name":"Kafunjo (Nyakishenyi) HC II","type":"Point"}},{"type":"Feature","geometry":{"type":"Point","coordinates":[31.77012,-0.98394]},"properties":{"id":"sDSduj1yuPM","name":"Nangoma HC II","type":"Point"}},{"type":"Feature","geometry":{"type":"Point","coordinates":[31.53349,-0.62998]},"properties":{"id":"SElLcUjqrGg","name":"Mitukula HC III","type":"Point"}},{"type":"Feature","geometry":{"type":"Point","coordinates":[33.984595,0.505253]},"properties":{"id":"SeWJV46N6Qc","name":"Bulumbi HC III","type":"Point"}},{"type":"Feature","geometry":{"type":"Point","coordinates":[32.08655,0.50461]},"properties":{"id":"sf2baAzfwgW","name":"Namutamba HC III","type":"Point"}},{"type":"Feature","geometry":{"type":"Point","coordinates":[32.72317,2.99077]},"properties":{"id":"SF33CGHTeUn","name":"Atanga HC III","type":"Point"}},{"type":"Feature","geometry":{"type":"Point","coordinates":[32.95704,2.86428]},"properties":{"id":"SFDIr8urO72","name":"Alim HC II","type":"Point"}},{"type":"Feature","geometry":{"type":"Point","coordinates":[32.90342,0.70353]},"properties":{"id":"sFIS2oxchec","name":"Kayunga Hospital","type":"Point"}},{"type":"Feature","geometry":{"type":"Point","coordinates":[33.98929,0.26325]},"properties":{"id":"SFqksyF2OnO","name":"Majanji HC II","type":"Point"}},{"type":"Feature","geometry":{"type":"Point","coordinates":[31.82428,0.25287]},"properties":{"id":"SfqoAfHZm8l","name":"Mamba HC II","type":"Point"}},{"type":"Feature","geometry":{"type":"Point","coordinates":[29.74493,-0.65037]},"properties":{"id":"Sfu2d1yi02W","name":"Matanda HC III","type":"Point"}},{"type":"Feature","geometry":{"type":"Point","coordinates":[31.95584,1.74558]},"properties":{"id":"SHFHUpPFCBG","name":"Kaduku HC II","type":"Point"}},{"type":"Feature","geometry":{"type":"Point","coordinates":[34.50918,1.4161]},"properties":{"id":"SHSEJEsSeiE","name":"Kapteror HC II","type":"Point"}},{"type":"Feature","geometry":{"type":"Point","coordinates":[29.83622,-0.86949]},"properties":{"id":"Si7fnPL4oQb","name":"Burora (Kanungu) HC II","type":"Point"}},{"type":"Feature","geometry":{"type":"Point","coordinates":[30.89822,0.90565]},"properties":{"id":"SIzD7iDQVFO","name":"Kahunde HC II","type":"Point"}},{"type":"Feature","geometry":{"type":"Point","coordinates":[31.75724,-0.19486]},"properties":{"id":"sj5qEBQKeyq","name":"Kalungu Kabukunge HC II Ngo","type":"Point"}},{"type":"Feature","geometry":{"type":"Point","coordinates":[33.70098,1.97926]},"properties":{"id":"Sj7ljAIcmjq","name":"Asamuk HC III","type":"Point"}},{"type":"Feature","geometry":{"type":"Point","coordinates":[34.017872,0.315656]},"properties":{"id":"sjb5FYttoWw","name":"Hasyule HC II","type":"Point"}},{"type":"Feature","geometry":{"type":"Point","coordinates":[32.12009,0.31608]},"properties":{"id":"SjGnJhWF7P7","name":"Mwera HC IV","type":"Point"}},{"type":"Feature","geometry":{"type":"Point","coordinates":[30.89648,3.01559]},"properties":{"id":"sJUxokN1Svo","name":"Ediofe HC III","type":"Point"}},{"type":"Feature","geometry":{"type":"Point","coordinates":[33.34167,0.9658]},"properties":{"id":"SkhiXQMswFb","name":"Inuula HC II","type":"Point"}},{"type":"Feature","geometry":{"type":"Point","coordinates":[32.63858,2.9645]},"properties":{"id":"SkWkhr3XlQR","name":"Aswa Ranch HC II","type":"Point"}},{"type":"Feature","geometry":{"type":"Point","coordinates":[31.57699,1.15532]},"properties":{"id":"SkWKqttPnXq","name":"Mirembe Clinic","type":"Point"}},{"type":"Feature","geometry":{"type":"Point","coordinates":[33.59203,0.49946]},"properties":{"id":"SL6MqJXGcbv","name":"Makuutu HC III","type":"Point"}},{"type":"Feature","geometry":{"type":"Point","coordinates":[30.83638,0.493719]},"properties":{"id":"sLg8XDLt89n","name":"Butunduzi HC III","type":"Point"}},{"type":"Feature","geometry":{"type":"Point","coordinates":[33.60293,0.98394]},"properties":{"id":"SloGhUNthe5","name":"Namusita (Namutumba) HC II","type":"Point"}},{"type":"Feature","geometry":{"type":"Point","coordinates":[30.21297,0.96155]},"properties":{"id":"SlTy2tz2HVD","name":"Bweramule HC II","type":"Point"}},{"type":"Feature","geometry":{"type":"Point","coordinates":[30.389712,-0.939973]},"properties":{"id":"sM16IZrIVkP","name":"Kishami HC III","type":"Point"}},{"type":"Feature","geometry":{"type":"Point","coordinates":[30.95896,-0.86667]},"properties":{"id":"smGfcNZcQ31","name":"Buhungiro HC II","type":"Point"}},{"type":"Feature","geometry":{"type":"Point","coordinates":[32.376957,-0.337755]},"properties":{"id":"smgogCHGxv3","name":"Kachanga Island HC II","type":"Point"}},{"type":"Feature","geometry":{"type":"Point","coordinates":[30.57328,-0.43403]},"properties":{"id":"SMkx58aUYtC","name":"Bwizibwera HC IV","type":"Point"}},{"type":"Feature","geometry":{"type":"Point","coordinates":[32.585,0.3017]},"properties":{"id":"smr8mTNYzFP","name":"St. Francis Nsambya Hospital","type":"Point"}},{"type":"Feature","geometry":{"type":"Point","coordinates":[34.419169,1.370384]},"properties":{"id":"smSwStyPBFr","name":"Sebei College Sick Bay HC II","type":"Point"}},{"type":"Feature","geometry":{"type":"Point","coordinates":[30.14554,-0.53999]},"properties":{"id":"sMYprHm7m3K","name":"Kiu Teaching Hospital","type":"Point"}},{"type":"Feature","geometry":{"type":"Point","coordinates":[33.15979,2.42085]},"properties":{"id":"SNwc1CQIXTN","name":"Abia HC II (Abia Subcounty)","type":"Point"}},{"type":"Feature","geometry":{"type":"Point","coordinates":[34.171724,1.073644]},"properties":{"id":"SoOVoe9z5U6","name":"Cure Children's Hospital","type":"Point"}},{"type":"Feature","geometry":{"type":"Point","coordinates":[30.50485,-0.641673]},"properties":{"id":"Sop1i4KIo2k","name":"Nyakabaare HC II","type":"Point"}},{"type":"Feature","geometry":{"type":"Point","coordinates":[33.987083,0.831699]},"properties":{"id":"SotbYUljYZa","name":"Paya HC III","type":"Point"}},{"type":"Feature","geometry":{"type":"Point","coordinates":[34.163714,0.73654]},"properties":{"id":"sP8nivenRRh","name":"Mudodo HC II","type":"Point"}},{"type":"Feature","geometry":{"type":"Point","coordinates":[31.20736,0.59203]},"properties":{"id":"SpjkBGXlDXd","name":"Bugogo HC II","type":"Point"}},{"type":"Feature","geometry":{"type":"Point","coordinates":[31.746864,1.640946]},"properties":{"id":"SpmGH121j45","name":"Biizi HC II","type":"Point"}},{"type":"Feature","geometry":{"type":"Point","coordinates":[31.73956,0.93513]},"properties":{"id":"SPuSIQfsoKF","name":"St. Noah Vvumba HC II","type":"Point"}},{"type":"Feature","geometry":{"type":"Point","coordinates":[30.69928,0.73774]},"properties":{"id":"SpyViTSJ4zk","name":"Mukama Asiimwe Clinic HC II","type":"Point"}},{"type":"Feature","geometry":{"type":"Point","coordinates":[31.42108,1.73093]},"properties":{"id":"Sq5R0McgjQo","name":"Kihungya HC II","type":"Point"}},{"type":"Feature","geometry":{"type":"Point","coordinates":[32.703992,0.9396]},"properties":{"id":"SQgzVzwkRjK","name":"Kamira HC III","type":"Point"}},{"type":"Feature","geometry":{"type":"Point","coordinates":[29.976699,-0.924778]},"properties":{"id":"SQIL4IUKr5H","name":"Nyabushenyi HC II","type":"Point"}},{"type":"Feature","geometry":{"type":"Point","coordinates":[30.121495,-1.211702]},"properties":{"id":"SQlEN22KQM2","name":"Kakatunda HC III","type":"Point"}},{"type":"Feature","geometry":{"type":"Point","coordinates":[32.77434,0.59055]},"properties":{"id":"sqQsFNhXH9W","name":"Nabalanga HC III","type":"Point"}},{"type":"Feature","geometry":{"type":"Point","coordinates":[30.64946,-0.69873]},"properties":{"id":"sr5WqM2cefh","name":"Kasana HC III","type":"Point"}},{"type":"Feature","geometry":{"type":"Point","coordinates":[32.16459,0.37564]},"properties":{"id":"sRkrARaYj0F","name":"St. Jacinta Zigoti HC III","type":"Point"}},{"type":"Feature","geometry":{"type":"Point","coordinates":[32.3996,0.15086]},"properties":{"id":"srSDFLCcrSi","name":"Kasanje HC III","type":"Point"}},{"type":"Feature","geometry":{"type":"Point","coordinates":[32.01691,1.81776]},"properties":{"id":"SSfQUjnbstd","name":"St. Mary's Kigumba HC III","type":"Point"}},{"type":"Feature","geometry":{"type":"Point","coordinates":[31.55122,1.67418]},"properties":{"id":"sSjaulsyygM","name":"Nyabyeya HC II","type":"Point"}},{"type":"Feature","geometry":{"type":"Point","coordinates":[32.54763,2.75019]},"properties":{"id":"SsSHoj0KsxS","name":"Loyoajonga HC III","type":"Point"}},{"type":"Feature","geometry":{"type":"Point","coordinates":[31.18957,0.40272]},"properties":{"id":"sSuKdQXD9yr","name":"Muinaina Prisons HC II","type":"Point"}},{"type":"Feature","geometry":{"type":"Point","coordinates":[31.52246,-0.24956]},"properties":{"id":"sTlap0cwcNo","name":"Katimba HC III","type":"Point"}},{"type":"Feature","geometry":{"type":"Point","coordinates":[33.48148,0.61765]},"properties":{"id":"sTPzvbPlhlu","name":"Reproductive Health Uganda (Iganga) HC II","type":"Point"}},{"type":"Feature","geometry":{"type":"Point","coordinates":[32.595157,0.354438]},"properties":{"id":"StVGsmCpx30","name":"Viga Clinic HC II","type":"Point"}},{"type":"Feature","geometry":{"type":"Point","coordinates":[30.75718,-0.04916]},"properties":{"id":"stVRVnZtZVM","name":"Kazo HC IV","type":"Point"}},{"type":"Feature","geometry":{"type":"Point","coordinates":[31.61008,-0.61176]},"properties":{"id":"sTVyzxAGpJx","name":"Kyakanyomozi HC II","type":"Point"}},{"type":"Feature","geometry":{"type":"Point","coordinates":[31.12852,2.29225]},"properties":{"id":"stZgyEm9xer","name":"Abongo HC II","type":"Point"}},{"type":"Feature","geometry":{"type":"Point","coordinates":[31.08586,-0.35378]},"properties":{"id":"SU8JOQnA0n1","name":"Nyakashashara HC III","type":"Point"}},{"type":"Feature","geometry":{"type":"Point","coordinates":[31.85643,0.27768]},"properties":{"id":"SuApa6pnYA7","name":"Mpongo HC II","type":"Point"}},{"type":"Feature","geometry":{"type":"Point","coordinates":[31.03687,1.44459]},"properties":{"id":"SuNPmvsGklv","name":"Kabaale HC III","type":"Point"}},{"type":"Feature","geometry":{"type":"Point","coordinates":[33.51307,1.60181]},"properties":{"id":"sUtrRkuRSAm","name":"Atiira HC III","type":"Point"}},{"type":"Feature","geometry":{"type":"Point","coordinates":[30.7022,0.73606]},"properties":{"id":"sUuGsTZpCxT","name":"Katooke Health Clinic HC II","type":"Point"}},{"type":"Feature","geometry":{"type":"Point","coordinates":[32.82068,2.61719]},"properties":{"id":"SvBwj5ZrWMx","name":"Aromo HC III","type":"Point"}},{"type":"Feature","geometry":{"type":"Point","coordinates":[34.60812,1.65935]},"properties":{"id":"sVEZ8dNNAQQ","name":"Namalu Prisons HC II","type":"Point"}},{"type":"Feature","geometry":{"type":"Point","coordinates":[30.56278,0.09403]},"properties":{"id":"sVLQBGByF0h","name":"Rwobuzizi HC II","type":"Point"}},{"type":"Feature","geometry":{"type":"Point","coordinates":[29.89551,0.00993]},"properties":{"id":"svmZ7QK3nod","name":"Kiburara HC II","type":"Point"}},{"type":"Feature","geometry":{"type":"Point","coordinates":[30.151962,0.428282]},"properties":{"id":"sVrJn8E1ypr","name":"Kabatunda HC III","type":"Point"}},{"type":"Feature","geometry":{"type":"Point","coordinates":[34.06083,0.82145]},"properties":{"id":"sWKITY6jKkk","name":"Sop Sop HC II","type":"Point"}},{"type":"Feature","geometry":{"type":"Point","coordinates":[31.73446,-0.34398]},"properties":{"id":"SWWHTLQjZXW","name":"Masaka Police HC III","type":"Point"}},{"type":"Feature","geometry":{"type":"Point","coordinates":[31.55155,3.27788]},"properties":{"id":"sxlgEAB9P4Q","name":"Lomunga HC II","type":"Point"}},{"type":"Feature","geometry":{"type":"Point","coordinates":[32.77398,2.26898]},"properties":{"id":"syAwMnRR1xn","name":"Bung HC II","type":"Point"}},{"type":"Feature","geometry":{"type":"Point","coordinates":[31.461373,-0.088239]},"properties":{"id":"SYB67Y2wfuD","name":"Ssembabule HC IV","type":"Point"}},{"type":"Feature","geometry":{"type":"Point","coordinates":[31.80622,3.33542]},"properties":{"id":"SydoosT4IoO","name":"Openzinzi HC III","type":"Point"}},{"type":"Feature","geometry":{"type":"Point","coordinates":[33.56772,2.62952]},"properties":{"id":"sYhGbKU5621","name":"Awach HC II","type":"Point"}},{"type":"Feature","geometry":{"type":"Point","coordinates":[33.048827,1.984366]},"properties":{"id":"sYHZIUFx50X","name":"Agwatta HC III","type":"Point"}},{"type":"Feature","geometry":{"type":"Point","coordinates":[33.835451,0.922314]},"properties":{"id":"Symjhaye4Gp","name":"Bugalo HC III","type":"Point"}},{"type":"Feature","geometry":{"type":"Point","coordinates":[33.150015,0.886488]},"properties":{"id":"SyvXEPay46Q","name":"Namisambya HC II","type":"Point"}},{"type":"Feature","geometry":{"type":"Point","coordinates":[32.57456,0.33049]},"properties":{"id":"Sz5UR0wjCcn","name":"Wandegeya Medical Chambers HC III","type":"Point"}},{"type":"Feature","geometry":{"type":"Point","coordinates":[30.22398,0.4909]},"properties":{"id":"sZ9PPpo8ejT","name":"Kahondo HC II Govt","type":"Point"}},{"type":"Feature","geometry":{"type":"Point","coordinates":[31.82765,0.59466]},"properties":{"id":"SzkdofjSTEj","name":"Makonzi (Mubende) HC II","type":"Point"}},{"type":"Feature","geometry":{"type":"Point","coordinates":[33.2036,0.43156]},"properties":{"id":"SZS6IdnTKZR","name":"Jinja Regional Referral Hospital","type":"Point"}},{"type":"Feature","geometry":{"type":"Point","coordinates":[31.45624,1.625882]},"properties":{"id":"SzShxoEQf7a","name":"Nyantonzi HC III","type":"Point"}},{"type":"Feature","geometry":{"type":"Point","coordinates":[32.22679,0.13734]},"properties":{"id":"SzVYBCcGiM7","name":"Ggoli - St Yakobo HC III","type":"Point"}},{"type":"Feature","geometry":{"type":"Point","coordinates":[33.1895,0.87241]},"properties":{"id":"T0oqCwE0vOw","name":"Naminage HC II","type":"Point"}},{"type":"Feature","geometry":{"type":"Point","coordinates":[31.16399,1.30347]},"properties":{"id":"T2B10TYgbU5","name":"Munteme HC III","type":"Point"}},{"type":"Feature","geometry":{"type":"Point","coordinates":[30.27885,0.44257]},"properties":{"id":"t2B8bbXaxBm","name":"Kasenda HC III","type":"Point"}},{"type":"Feature","geometry":{"type":"Point","coordinates":[31.059931,2.370011]},"properties":{"id":"T2ENFWE19Bu","name":"Jupanziri HC III","type":"Point"}},{"type":"Feature","geometry":{"type":"Point","coordinates":[34.33693,1.06902]},"properties":{"id":"t2Y0yh8qFhU","name":"Bubungi HC III","type":"Point"}},{"type":"Feature","geometry":{"type":"Point","coordinates":[32.5706,0.77213]},"properties":{"id":"T4M9UgfqV5q","name":"Buyuki HC II","type":"Point"}},{"type":"Feature","geometry":{"type":"Point","coordinates":[32.34285,3.04914]},"properties":{"id":"T5RAXrLQCD6","name":"Patiko HC III","type":"Point"}},{"type":"Feature","geometry":{"type":"Point","coordinates":[33.31451,0.59092]},"properties":{"id":"t5UJ7lyEPo3","name":"Busedde HC III","type":"Point"}},{"type":"Feature","geometry":{"type":"Point","coordinates":[31.99508,0.44933]},"properties":{"id":"T67pMYV0PWj","name":"Miseebe HC II","type":"Point"}},{"type":"Feature","geometry":{"type":"Point","coordinates":[30.90831,-0.50353]},"properties":{"id":"t6jiPqaeBe2","name":"Sanga HC III","type":"Point"}},{"type":"Feature","geometry":{"type":"Point","coordinates":[32.30787,2.09773]},"properties":{"id":"T72P3ebY53q","name":"Mutunda HC III","type":"Point"}},{"type":"Feature","geometry":{"type":"Point","coordinates":[33.69355,1.61767]},"properties":{"id":"t7m1vt8ZdgY","name":"Aukot HC II","type":"Point"}},{"type":"Feature","geometry":{"type":"Point","coordinates":[33.97501,1.530615]},"properties":{"id":"T7PV25xOz2Z","name":"Kumi HC IV","type":"Point"}},{"type":"Feature","geometry":{"type":"Point","coordinates":[33.16823,3.56544]},"properties":{"id":"t7sCLD2E7gA","name":"Okol HC II","type":"Point"}},{"type":"Feature","geometry":{"type":"Point","coordinates":[31.35194,-0.25563]},"properties":{"id":"T7UcwZlbp1F","name":"Lwebitakuli Gvt HC III","type":"Point"}},{"type":"Feature","geometry":{"type":"Point","coordinates":[33.85521,0.52967]},"properties":{"id":"T88viUXcVgf","name":"Kibimba HC II","type":"Point"}},{"type":"Feature","geometry":{"type":"Point","coordinates":[34.587522,1.795798]},"properties":{"id":"t8qKMFFAO22","name":"Amaler HC III","type":"Point"}},{"type":"Feature","geometry":{"type":"Point","coordinates":[31.12807,2.43864]},"properties":{"id":"t8rivYmnWIo","name":"Paminya HC III","type":"Point"}},{"type":"Feature","geometry":{"type":"Point","coordinates":[30.23975,-0.25289]},"properties":{"id":"t8zaoJYNXPM","name":"Bwoga HC II","type":"Point"}},{"type":"Feature","geometry":{"type":"Point","coordinates":[31.6343,-0.31683]},"properties":{"id":"T9pD1ChPHs3","name":"Lwengo Kasaana HC II","type":"Point"}},{"type":"Feature","geometry":{"type":"Point","coordinates":[32.71177,2.50397]},"properties":{"id":"taeUtmBHKTF","name":"Otwal HC III","type":"Point"}},{"type":"Feature","geometry":{"type":"Point","coordinates":[33.51954,1.41436]},"properties":{"id":"TawGPygknTa","name":"Kateta HC III","type":"Point"}},{"type":"Feature","geometry":{"type":"Point","coordinates":[33.22495,0.74309]},"properties":{"id":"Tb7BdBuiIn8","name":"Lulyambuzi HC III","type":"Point"}},{"type":"Feature","geometry":{"type":"Point","coordinates":[29.70074,-0.78487]},"properties":{"id":"TbdxHVOs0zC","name":"Nyamwegabira HC III","type":"Point"}},{"type":"Feature","geometry":{"type":"Point","coordinates":[33.14849,0.73859]},"properties":{"id":"tbeQC8kTgVd","name":"Nawanyago HC III","type":"Point"}},{"type":"Feature","geometry":{"type":"Point","coordinates":[31.47908,1.027726]},"properties":{"id":"tBEzm3RoKCD","name":"Mukoora HC II","type":"Point"}},{"type":"Feature","geometry":{"type":"Point","coordinates":[32.31098,0.04024]},"properties":{"id":"tBl4WduwWRw","name":"Bussi HC III","type":"Point"}},{"type":"Feature","geometry":{"type":"Point","coordinates":[32.27662,2.58128]},"properties":{"id":"tbLOoJ5HpgT","name":"Lela-Obaro HC II","type":"Point"}},{"type":"Feature","geometry":{"type":"Point","coordinates":[33.04548,1.06078]},"properties":{"id":"tblUABgAaZA","name":"Nabulezi HC II","type":"Point"}},{"type":"Feature","geometry":{"type":"Point","coordinates":[31.35486,0.46272]},"properties":{"id":"tBXP0oW1PIe","name":"Mugungulu HC II","type":"Point"}},{"type":"Feature","geometry":{"type":"Point","coordinates":[33.55064,1.08656]},"properties":{"id":"tcaAIOTzAjy","name":"Namwiwa HC III","type":"Point"}},{"type":"Feature","geometry":{"type":"Point","coordinates":[33.932111,0.74852]},"properties":{"id":"TCjLjkwPQ8c","name":"Kirewa Community HC III","type":"Point"}},{"type":"Feature","geometry":{"type":"Point","coordinates":[32.36802,2.50235]},"properties":{"id":"TDEdS0suFyQ","name":"Minakulu (Bobi) HC II","type":"Point"}},{"type":"Feature","geometry":{"type":"Point","coordinates":[33.16327,0.43243]},"properties":{"id":"tDnc44nKr26","name":"St. Francis Health Care Services HC III","type":"Point"}},{"type":"Feature","geometry":{"type":"Point","coordinates":[32.918235,1.990526]},"properties":{"id":"tdWJ67qCYZK","name":"Adok HC II","type":"Point"}},{"type":"Feature","geometry":{"type":"Point","coordinates":[31.41245,2.11622]},"properties":{"id":"TEGhWFDGruu","name":"Buliisa HC IV","type":"Point"}},{"type":"Feature","geometry":{"type":"Point","coordinates":[30.6482,-0.87726]},"properties":{"id":"TEGq0O1M6Ff","name":"Migyera HC II","type":"Point"}},{"type":"Feature","geometry":{"type":"Point","coordinates":[29.703012,-1.310918]},"properties":{"id":"TEmxmKVJJPa","name":"Gasovu HC III","type":"Point"}},{"type":"Feature","geometry":{"type":"Point","coordinates":[32.478478,0.057028]},"properties":{"id":"tf5lSUl7OmO","name":"TASO Entebbe Special Clinic","type":"Point"}},{"type":"Feature","geometry":{"type":"Point","coordinates":[32.00015,2.64084]},"properties":{"id":"TF8Nekqc89W","name":"Goodsheperd HC II","type":"Point"}},{"type":"Feature","geometry":{"type":"Point","coordinates":[30.63936,0.67807]},"properties":{"id":"tFLhnRhIFUp","name":"Kigumba Tea Factory HC II","type":"Point"}},{"type":"Feature","geometry":{"type":"Point","coordinates":[31.09499,2.42006]},"properties":{"id":"TFZkGWDDyXX","name":"Oweko HC II","type":"Point"}},{"type":"Feature","geometry":{"type":"Point","coordinates":[32.38022,2.44894]},"properties":{"id":"TG4nYtwDBTr","name":"Minakulu (Aceno) HC II","type":"Point"}},{"type":"Feature","geometry":{"type":"Point","coordinates":[32.94486,2.70503]},"properties":{"id":"tGCoh0Vsdhj","name":"Rackoko HC III","type":"Point"}},{"type":"Feature","geometry":{"type":"Point","coordinates":[32.47333,1.82666]},"properties":{"id":"TGO08DZfxK1","name":"Ayago HC II","type":"Point"}},{"type":"Feature","geometry":{"type":"Point","coordinates":[33.16422,0.6535]},"properties":{"id":"tGuQlKqJo5R","name":"Bwase HC II","type":"Point"}},{"type":"Feature","geometry":{"type":"Point","coordinates":[30.014743,-0.854742]},"properties":{"id":"Th69WKFWepR","name":"Kebisoni HC IV","type":"Point"}},{"type":"Feature","geometry":{"type":"Point","coordinates":[34.78586,2.46335]},"properties":{"id":"THC1QUnraXF","name":"Kosiroi HC II","type":"Point"}},{"type":"Feature","geometry":{"type":"Point","coordinates":[31.76237,-0.32316]},"properties":{"id":"thfQt8hcpAP","name":"Nyendo HC II","type":"Point"}},{"type":"Feature","geometry":{"type":"Point","coordinates":[30.90576,3.01991]},"properties":{"id":"THGKB3lHEUx","name":"Arua Regional Referral Hospital","type":"Point"}},{"type":"Feature","geometry":{"type":"Point","coordinates":[29.74763,-0.86943]},"properties":{"id":"thK2qGR4iAo","name":"Kirima HC III","type":"Point"}},{"type":"Feature","geometry":{"type":"Point","coordinates":[32.9217,3.06911]},"properties":{"id":"thLFkOYAEEl","name":"Porogali HC II","type":"Point"}},{"type":"Feature","geometry":{"type":"Point","coordinates":[31.27405,1.03198]},"properties":{"id":"TIJcUNU05Ao","name":"Kisiita HC III","type":"Point"}},{"type":"Feature","geometry":{"type":"Point","coordinates":[34.3929,1.144]},"properties":{"id":"titT0EtXIe0","name":"Buboolo HC II","type":"Point"}},{"type":"Feature","geometry":{"type":"Point","coordinates":[33.954659,0.918074]},"properties":{"id":"Tj9XBHhCMQH","name":"Butaleja HC III","type":"Point"}},{"type":"Feature","geometry":{"type":"Point","coordinates":[33.52275,1.61186]},"properties":{"id":"TjArzfw94wz","name":"Atiira Medical Centre","type":"Point"}},{"type":"Feature","geometry":{"type":"Point","coordinates":[32.04131,0.3978]},"properties":{"id":"TjEiAVNTIFy","name":"Mityana Hospital","type":"Point"}},{"type":"Feature","geometry":{"type":"Point","coordinates":[31.46405,1.41585]},"properties":{"id":"TJESax78KE7","name":"Buraru HC III","type":"Point"}},{"type":"Feature","geometry":{"type":"Point","coordinates":[33.19096,0.61229]},"properties":{"id":"Tjj8mXWAJKN","name":"Muguluka Flep HC II","type":"Point"}},{"type":"Feature","geometry":{"type":"Point","coordinates":[32.15865,3.16841]},"properties":{"id":"TjOqyM8ZMii","name":"Palukere HC II","type":"Point"}},{"type":"Feature","geometry":{"type":"Point","coordinates":[33.5029,0.77743]},"properties":{"id":"tJVNDcI33wJ","name":"Nambale HC III","type":"Point"}},{"type":"Feature","geometry":{"type":"Point","coordinates":[31.966,0.26581]},"properties":{"id":"tKfAzzZrSC7","name":"Maanyi HC III","type":"Point"}},{"type":"Feature","geometry":{"type":"Point","coordinates":[33.64679,1.19557]},"properties":{"id":"TkgfXWHv2CD","name":"Olok HC III","type":"Point"}},{"type":"Feature","geometry":{"type":"Point","coordinates":[32.38416,0.41469]},"properties":{"id":"TKpSl9J25U1","name":"Nadangira HC III","type":"Point"}},{"type":"Feature","geometry":{"type":"Point","coordinates":[30.61903,-0.63361]},"properties":{"id":"tlQsh4yJwwb","name":"Ruti HC II","type":"Point"}},{"type":"Feature","geometry":{"type":"Point","coordinates":[30.54698,-0.4746]},"properties":{"id":"TmbnvfCp80g","name":"Mabira HC II","type":"Point"}},{"type":"Feature","geometry":{"type":"Point","coordinates":[33.64058,1.01168]},"properties":{"id":"Tmiq5R2titk","name":"Nangonde HC II","type":"Point"}},{"type":"Feature","geometry":{"type":"Point","coordinates":[30.038526,-1.257908]},"properties":{"id":"tMXnyuz6ImO","name":"Kanjobe HC II","type":"Point"}},{"type":"Feature","geometry":{"type":"Point","coordinates":[33.4659,0.42762]},"properties":{"id":"TmzJ0R3LTy5","name":"Buyemba HC II","type":"Point"}},{"type":"Feature","geometry":{"type":"Point","coordinates":[29.751039,-0.917324]},"properties":{"id":"TN8jN40Os3d","name":"Makiro HC III","type":"Point"}},{"type":"Feature","geometry":{"type":"Point","coordinates":[31.38472,-0.7595]},"properties":{"id":"tnBn02e8bRU","name":"Byakabanda HC III","type":"Point"}},{"type":"Feature","geometry":{"type":"Point","coordinates":[29.763312,-0.081006]},"properties":{"id":"TnvJjgILYIg","name":"Kasese Kayanja HC II Govt","type":"Point"}},{"type":"Feature","geometry":{"type":"Point","coordinates":[34.60617,2.47956]},"properties":{"id":"togwFuxPtSj","name":"Lotirir HC II","type":"Point"}},{"type":"Feature","geometry":{"type":"Point","coordinates":[29.67808,-0.84149]},"properties":{"id":"tomEcRAbdhE","name":"Bugiri HC II","type":"Point"}},{"type":"Feature","geometry":{"type":"Point","coordinates":[33.77576,0.32726]},"properties":{"id":"tOS4NFR78ex","name":"Maziriga HC II","type":"Point"}},{"type":"Feature","geometry":{"type":"Point","coordinates":[33.62108,0.38962]},"properties":{"id":"TOwFMUTd1XN","name":"Kigandalo HC IV","type":"Point"}},{"type":"Feature","geometry":{"type":"Point","coordinates":[33.24096,0.44426]},"properties":{"id":"Tp0ku4vgGZJ","name":"Masese Port HC II","type":"Point"}},{"type":"Feature","geometry":{"type":"Point","coordinates":[30.630453,0.151358]},"properties":{"id":"tp8aEj7391V","name":"Kiruhura Ngomba HC II","type":"Point"}},{"type":"Feature","geometry":{"type":"Point","coordinates":[31.395894,0.21922]},"properties":{"id":"tPiPaWz3TIK","name":"Kyayi HC III","type":"Point"}},{"type":"Feature","geometry":{"type":"Point","coordinates":[34.04192,1.33219]},"properties":{"id":"tpIyT18ybqD","name":"Bukedea HC IV","type":"Point"}},{"type":"Feature","geometry":{"type":"Point","coordinates":[34.005448,0.299785]},"properties":{"id":"tPjvE8nStxH","name":"Our Lady Of Lourdes HC II","type":"Point"}},{"type":"Feature","geometry":{"type":"Point","coordinates":[32.53923,0.44065]},"properties":{"id":"Tr9SwdDaZNB","name":"Watubba HC III","type":"Point"}},{"type":"Feature","geometry":{"type":"Point","coordinates":[29.94167,-0.778786]},"properties":{"id":"TRn2nv6UTWb","name":"Kyatoko HC II","type":"Point"}},{"type":"Feature","geometry":{"type":"Point","coordinates":[30.76949,1.173]},"properties":{"id":"TROMT6DVKEl","name":"Kasonga HC II","type":"Point"}},{"type":"Feature","geometry":{"type":"Point","coordinates":[31.6185,0.79002]},"properties":{"id":"tRp6KcZwgQr","name":"Kanyogoga HC II","type":"Point"}},{"type":"Feature","geometry":{"type":"Point","coordinates":[31.13528,2.53558]},"properties":{"id":"TrwFZhU2ntF","name":"Koch HC II","type":"Point"}},{"type":"Feature","geometry":{"type":"Point","coordinates":[30.46867,1.124043]},"properties":{"id":"tS7W7E9zJq3","name":"Rwangara HC II","type":"Point"}},{"type":"Feature","geometry":{"type":"Point","coordinates":[30.170901,-1.209423]},"properties":{"id":"TsDWptFDnmn","name":"Kyogo HC III","type":"Point"}},{"type":"Feature","geometry":{"type":"Point","coordinates":[29.936146,-0.992812]},"properties":{"id":"TsELcr5sajj","name":"Kisiizi HC III","type":"Point"}},{"type":"Feature","geometry":{"type":"Point","coordinates":[34.42014,1.34353]},"properties":{"id":"tsmtxxZNaws","name":"Tigrim HC II","type":"Point"}},{"type":"Feature","geometry":{"type":"Point","coordinates":[30.25709,0.68356]},"properties":{"id":"TSYQk88VWVI","name":"Katojo Prisons HC III","type":"Point"}},{"type":"Feature","geometry":{"type":"Point","coordinates":[33.3025,3.05734]},"properties":{"id":"TTIgbcijnJz","name":"Kuywee HC II","type":"Point"}},{"type":"Feature","geometry":{"type":"Point","coordinates":[33.74039,1.40026]},"properties":{"id":"TTWscca1VOu","name":"Kobwin HC III","type":"Point"}},{"type":"Feature","geometry":{"type":"Point","coordinates":[30.040141,-0.810743]},"properties":{"id":"TU0V0BpQIpB","name":"St. Mark Mabanga HC II","type":"Point"}},{"type":"Feature","geometry":{"type":"Point","coordinates":[34.42474,1.44161]},"properties":{"id":"tuH7Lpxs6z9","name":"Ngangata HC II","type":"Point"}},{"type":"Feature","geometry":{"type":"Point","coordinates":[32.596482,0.318417]},"properties":{"id":"TuVXnyGrchc","name":"Sir Albert Cook Medical Center HC II","type":"Point"}},{"type":"Feature","geometry":{"type":"Point","coordinates":[30.91201,2.50952]},"properties":{"id":"tuYjF238GTf","name":"Zumbo HC III","type":"Point"}},{"type":"Feature","geometry":{"type":"Point","coordinates":[30.06404,0.76856]},"properties":{"id":"tv8qMylVqWx","name":"Bubukwanga HC III","type":"Point"}},{"type":"Feature","geometry":{"type":"Point","coordinates":[32.01734,2.81765]},"properties":{"id":"Tvayfd3cIU2","name":"Labongogali HC III","type":"Point"}},{"type":"Feature","geometry":{"type":"Point","coordinates":[31.74446,-0.36276]},"properties":{"id":"tViSdSGUcZ3","name":"Kitabaazi HC II","type":"Point"}},{"type":"Feature","geometry":{"type":"Point","coordinates":[33.01783,3.80292]},"properties":{"id":"tvKjvN8d4rR","name":"Agoro HC III","type":"Point"}},{"type":"Feature","geometry":{"type":"Point","coordinates":[32.65179,1.78781]},"properties":{"id":"tvw7mudvx3r","name":"Chawente HC III","type":"Point"}},{"type":"Feature","geometry":{"type":"Point","coordinates":[29.81859,-0.72158]},"properties":{"id":"tW4Pp6ngDrJ","name":"Katerampungu HC II","type":"Point"}},{"type":"Feature","geometry":{"type":"Point","coordinates":[31.85634,0.17793]},"properties":{"id":"tw7g2aShrXi","name":"Bukalagi HC III","type":"Point"}},{"type":"Feature","geometry":{"type":"Point","coordinates":[30.21418,0.96926]},"properties":{"id":"twhZX5lqQqe","name":"Musandama HC II","type":"Point"}},{"type":"Feature","geometry":{"type":"Point","coordinates":[34.35103,1.4208]},"properties":{"id":"TwZ0KmmR1od","name":"Bunambutye HC III","type":"Point"}},{"type":"Feature","geometry":{"type":"Point","coordinates":[32.507608,0.261123]},"properties":{"id":"tX9av6uDVox","name":"Kasenge HC II","type":"Point"}},{"type":"Feature","geometry":{"type":"Point","coordinates":[33.729257,0.650602]},"properties":{"id":"txcjTxewsdC","name":"Nabukalu HC III","type":"Point"}},{"type":"Feature","geometry":{"type":"Point","coordinates":[32.89991,2.25461]},"properties":{"id":"txg2NyXpr9D","name":"Lira Police HC II","type":"Point"}},{"type":"Feature","geometry":{"type":"Point","coordinates":[31.39195,2.73328]},"properties":{"id":"txKvpnoo0Xd","name":"Wadelai HC III","type":"Point"}},{"type":"Feature","geometry":{"type":"Point","coordinates":[34.190183,0.747797]},"properties":{"id":"Txul6e5mI5M","name":"Mukuju HC IV","type":"Point"}},{"type":"Feature","geometry":{"type":"Point","coordinates":[32.97205,0.17105]},"properties":{"id":"TYC4xgc3ieF","name":"Ssi HC III","type":"Point"}},{"type":"Feature","geometry":{"type":"Point","coordinates":[29.7788,-0.86978]},"properties":{"id":"tYeqWpugDwu","name":"Bishop Mazzoldi HC II","type":"Point"}},{"type":"Feature","geometry":{"type":"Point","coordinates":[30.338614,-0.842818]},"properties":{"id":"tYPKoJnvJPx","name":"Kiyoora HC II","type":"Point"}},{"type":"Feature","geometry":{"type":"Point","coordinates":[33.91039,2.4922]},"properties":{"id":"Tyxrv2J0s0m","name":"Oreta HC II","type":"Point"}},{"type":"Feature","geometry":{"type":"Point","coordinates":[34.36123,0.92984]},"properties":{"id":"tZ2r1YHQh04","name":"Buwabwala HC III","type":"Point"}},{"type":"Feature","geometry":{"type":"Point","coordinates":[31.45331,2.44733]},"properties":{"id":"u07WxpOOqef","name":"Paroketo HC II","type":"Point"}},{"type":"Feature","geometry":{"type":"Point","coordinates":[31.49827,0.00493]},"properties":{"id":"u0ZXCHvbs0W","name":"Kyabi HC III","type":"Point"}},{"type":"Feature","geometry":{"type":"Point","coordinates":[34.03674,1.14654]},"properties":{"id":"u16ZU15t0aX","name":"Kerekerene HC III","type":"Point"}},{"type":"Feature","geometry":{"type":"Point","coordinates":[33.94341,3.6901]},"properties":{"id":"U1aETxtSI4A","name":"Kapedo HC III","type":"Point"}},{"type":"Feature","geometry":{"type":"Point","coordinates":[32.82464,3.48533]},"properties":{"id":"U1ijnXGUuGE","name":"St. Peter and Paul HC III","type":"Point"}},{"type":"Feature","geometry":{"type":"Point","coordinates":[30.16537,-0.79086]},"properties":{"id":"U2iprp1G39M","name":"Kitondo HC III","type":"Point"}},{"type":"Feature","geometry":{"type":"Point","coordinates":[31.64553,2.56871]},"properties":{"id":"u3JBwviodwN","name":"Latoro HC II","type":"Point"}},{"type":"Feature","geometry":{"type":"Point","coordinates":[31.20245,-0.31652]},"properties":{"id":"U3mTlziiq3m","name":"Kabatema HC II","type":"Point"}},{"type":"Feature","geometry":{"type":"Point","coordinates":[29.97176,0.63598]},"properties":{"id":"U4VqFHT72Eu","name":"Busunga HC II","type":"Point"}},{"type":"Feature","geometry":{"type":"Point","coordinates":[31.20943,-0.77626]},"properties":{"id":"U4XL5jXfjTk","name":"Lwembajjo HC II","type":"Point"}},{"type":"Feature","geometry":{"type":"Point","coordinates":[32.61274,0.24828]},"properties":{"id":"U5Dy9TeDu8M","name":"Kiruddu NRH - National Referral Hospital","type":"Point"}},{"type":"Feature","geometry":{"type":"Point","coordinates":[33.34718,0.52415]},"properties":{"id":"u5jXNGfi96o","name":"Wabulungu HC III","type":"Point"}},{"type":"Feature","geometry":{"type":"Point","coordinates":[31.170388,1.062165]},"properties":{"id":"u5jzPgyvDwT","name":"Kagame Marternity","type":"Point"}},{"type":"Feature","geometry":{"type":"Point","coordinates":[31.89272,2.6474]},"properties":{"id":"u5RZ36WcsNN","name":"Lulyango HC II","type":"Point"}},{"type":"Feature","geometry":{"type":"Point","coordinates":[32.0002,0.11617]},"properties":{"id":"U5TE1ItzA0v","name":"Sanyu Domicilliary HC II","type":"Point"}},{"type":"Feature","geometry":{"type":"Point","coordinates":[30.54549,-0.70738]},"properties":{"id":"U66jLYBFyRb","name":"Nyaruhandagazi HC III","type":"Point"}},{"type":"Feature","geometry":{"type":"Point","coordinates":[31.86841,-0.15787]},"properties":{"id":"u6ANzFKldLf","name":"St. Joseph Mother Care HC II","type":"Point"}},{"type":"Feature","geometry":{"type":"Point","coordinates":[32.25959,2.74372]},"properties":{"id":"U7bVIR5Teiu","name":"Patuda HC II","type":"Point"}},{"type":"Feature","geometry":{"type":"Point","coordinates":[30.50387,0.66548]},"properties":{"id":"U7EJdvmBZpv","name":"Doctors Clinic (Kyenjojo) HC II","type":"Point"}},{"type":"Feature","geometry":{"type":"Point","coordinates":[30.11837,-0.35901]},"properties":{"id":"U8WdWkADf6C","name":"Ndagaro HC III","type":"Point"}},{"type":"Feature","geometry":{"type":"Point","coordinates":[31.974015,1.554892]},"properties":{"id":"u9ESrcugDMJ","name":"Kimengo HC III","type":"Point"}},{"type":"Feature","geometry":{"type":"Point","coordinates":[31.82297,3.15799]},"properties":{"id":"UBVFS5BQ6Jx","name":"Aliwara HC II","type":"Point"}},{"type":"Feature","geometry":{"type":"Point","coordinates":[33.23779,0.81206]},"properties":{"id":"uCbdfXDN1zW","name":"Buwoya HC II","type":"Point"}},{"type":"Feature","geometry":{"type":"Point","coordinates":[34.58986,1.79297]},"properties":{"id":"UCe1oCdRuEA","name":"Namalu HC III","type":"Point"}},{"type":"Feature","geometry":{"type":"Point","coordinates":[32.44216,0.93157]},"properties":{"id":"uCgZBjyEEmp","name":"Kabanyi HC II","type":"Point"}},{"type":"Feature","geometry":{"type":"Point","coordinates":[30.93652,2.360175]},"properties":{"id":"ucuVKnNXEhV","name":"Pamitu HC II","type":"Point"}},{"type":"Feature","geometry":{"type":"Point","coordinates":[33.14536,0.76998]},"properties":{"id":"UD1BUpcjYtc","name":"Nawantumbi HC II","type":"Point"}},{"type":"Feature","geometry":{"type":"Point","coordinates":[32.39024,0.75169]},"properties":{"id":"ud2hTW3qC8c","name":"Kigege HC II","type":"Point"}},{"type":"Feature","geometry":{"type":"Point","coordinates":[33.9079,0.87428]},"properties":{"id":"udCPHdcVeb7","name":"Mulagi HC III","type":"Point"}},{"type":"Feature","geometry":{"type":"Point","coordinates":[31.87305,2.88152]},"properties":{"id":"UDIcZADBS92","name":"Bira HC II","type":"Point"}},{"type":"Feature","geometry":{"type":"Point","coordinates":[33.27758,1.86232]},"properties":{"id":"UdkpzjDtHXu","name":"Lwala Hospital","type":"Point"}},{"type":"Feature","geometry":{"type":"Point","coordinates":[33.32785,0.66652]},"properties":{"id":"UDmQNAw74oH","name":"Busiiro HC II","type":"Point"}},{"type":"Feature","geometry":{"type":"Point","coordinates":[31.32153,-0.38893]},"properties":{"id":"udO6aACQBMt","name":"Luyembe HC II","type":"Point"}},{"type":"Feature","geometry":{"type":"Point","coordinates":[30.17731,-0.829565]},"properties":{"id":"uDSFrOfKQmE","name":"Ihunga (Ntungamo) HC III","type":"Point"}},{"type":"Feature","geometry":{"type":"Point","coordinates":[34.76553,1.45572]},"properties":{"id":"UdwbvvdzVVQ","name":"Karita HC IV","type":"Point"}},{"type":"Feature","geometry":{"type":"Point","coordinates":[32.00053,0.75184]},"properties":{"id":"udyIvAUWRfi","name":"Kyanamuyonjo HC III","type":"Point"}},{"type":"Feature","geometry":{"type":"Point","coordinates":[30.75417,-0.75016]},"properties":{"id":"uEUAoZHJzu0","name":"Kyeirumba HC III","type":"Point"}},{"type":"Feature","geometry":{"type":"Point","coordinates":[34.08392,1.00299]},"properties":{"id":"UEVOLIT1crh","name":"Naweyo HC III","type":"Point"}},{"type":"Feature","geometry":{"type":"Point","coordinates":[32.77965,0.40245]},"properties":{"id":"UEXH0mUR7v7","name":"Mpoma HC II","type":"Point"}},{"type":"Feature","geometry":{"type":"Point","coordinates":[29.73651,-1.22719]},"properties":{"id":"UFktNmysy5b","name":"Mulehe HC II","type":"Point"}},{"type":"Feature","geometry":{"type":"Point","coordinates":[32.89071,0.40587]},"properties":{"id":"uG3jOgD66py","name":"Wagala HC II","type":"Point"}},{"type":"Feature","geometry":{"type":"Point","coordinates":[31.95299,2.59597]},"properties":{"id":"uG6WV4UKNaB","name":"Koch Lii HC III","type":"Point"}},{"type":"Feature","geometry":{"type":"Point","coordinates":[33.67523,2.74881]},"properties":{"id":"Ug8m4dtpeYZ","name":"Atunga HC II","type":"Point"}},{"type":"Feature","geometry":{"type":"Point","coordinates":[29.99354,-1.33129]},"properties":{"id":"UgFNeACHCnT","name":"Kicumbi HC II","type":"Point"}},{"type":"Feature","geometry":{"type":"Point","coordinates":[32.20739,2.9579]},"properties":{"id":"UgqKAVxjbex","name":"Pugwinyi HC II","type":"Point"}},{"type":"Feature","geometry":{"type":"Point","coordinates":[32.22672,2.89898]},"properties":{"id":"UH56sJpuPoN","name":"Rwotobilo HC II","type":"Point"}},{"type":"Feature","geometry":{"type":"Point","coordinates":[34.278,1.99956]},"properties":{"id":"UhCMUEIx3V9","name":"Lorengechora HC III","type":"Point"}},{"type":"Feature","geometry":{"type":"Point","coordinates":[31.13624,0.39961]},"properties":{"id":"uhniq3yZlCE","name":"Lubimbiri HC II","type":"Point"}},{"type":"Feature","geometry":{"type":"Point","coordinates":[33.16,0.89241]},"properties":{"id":"UhQMDsDfW85","name":"Kitayunjwa HC III","type":"Point"}},{"type":"Feature","geometry":{"type":"Point","coordinates":[32.62062,0.81924]},"properties":{"id":"UIDSqN2qYLI","name":"Kirumandagi HC II","type":"Point"}},{"type":"Feature","geometry":{"type":"Point","coordinates":[33.53494,2.03051]},"properties":{"id":"UiGav1NitiR","name":"Abeko HC II","type":"Point"}},{"type":"Feature","geometry":{"type":"Point","coordinates":[32.6813,2.3513]},"properties":{"id":"UIhutvdIhqU","name":"Aboke HC IV","type":"Point"}},{"type":"Feature","geometry":{"type":"Point","coordinates":[29.93226,0.02037]},"properties":{"id":"uiiH4IURTuT","name":"Kabirizi Lower HC II","type":"Point"}},{"type":"Feature","geometry":{"type":"Point","coordinates":[34.3956,0.862873]},"properties":{"id":"uiIUQsgVTAj","name":"Bumbo HC III","type":"Point"}},{"type":"Feature","geometry":{"type":"Point","coordinates":[30.267931,0.640278]},"properties":{"id":"uiLzeURGsDn","name":"Virika Hospital","type":"Point"}},{"type":"Feature","geometry":{"type":"Point","coordinates":[30.64422,-0.41758]},"properties":{"id":"UiR7DTzn09N","name":"Itara HC II","type":"Point"}},{"type":"Feature","geometry":{"type":"Point","coordinates":[31.85908,2.80862]},"properties":{"id":"UJ0t5BYVpBM","name":"Amuru HC II","type":"Point"}},{"type":"Feature","geometry":{"type":"Point","coordinates":[31.41508,1.636603]},"properties":{"id":"UJ8Zc47Gx7W","name":"Kasenene HC II","type":"Point"}},{"type":"Feature","geometry":{"type":"Point","coordinates":[33.52111,0.52472]},"properties":{"id":"uja4Tx4IR8w","name":"Buwaiswa HC III","type":"Point"}},{"type":"Feature","geometry":{"type":"Point","coordinates":[32.609,0.65358]},"properties":{"id":"UjFfuEtJHTJ","name":"Luteete HC II","type":"Point"}},{"type":"Feature","geometry":{"type":"Point","coordinates":[33.29324,1.62054]},"properties":{"id":"UJJPDoh3skp","name":"Bugondo HC III","type":"Point"}},{"type":"Feature","geometry":{"type":"Point","coordinates":[33.244536,2.032713]},"properties":{"id":"UjMKFe4MIGj","name":"Abalang HC II (Okwalongwen Subcounty)","type":"Point"}},{"type":"Feature","geometry":{"type":"Point","coordinates":[31.26535,-0.834763]},"properties":{"id":"UjpKmijwPjr","name":"Rakai Kiziba HC II","type":"Point"}},{"type":"Feature","geometry":{"type":"Point","coordinates":[32.79129,0.81143]},"properties":{"id":"UjzNIbYwQ7x","name":"Seeta Kasawo HC II","type":"Point"}},{"type":"Feature","geometry":{"type":"Point","coordinates":[32.43214,0.4602]},"properties":{"id":"UkAhDd9JpYl","name":"Mende HC III","type":"Point"}},{"type":"Feature","geometry":{"type":"Point","coordinates":[32.2726,0.43448]},"properties":{"id":"UKe7pmLlG6e","name":"Cdc Laboratory Entebbe Clinic HC II","type":"Point"}},{"type":"Feature","geometry":{"type":"Point","coordinates":[30.37263,-0.72304]},"properties":{"id":"UKqcb3iiwQ6","name":"Kathel Medical Center","type":"Point"}},{"type":"Feature","geometry":{"type":"Point","coordinates":[29.976699,-0.924778]},"properties":{"id":"UKwlyClQ3AR","name":"Nyakishenyi HC III","type":"Point"}},{"type":"Feature","geometry":{"type":"Point","coordinates":[31.37628,-0.57228]},"properties":{"id":"uLBT1C3Dhkh","name":"Lwakalolo HC II","type":"Point"}},{"type":"Feature","geometry":{"type":"Point","coordinates":[32.82314,2.930568]},"properties":{"id":"ulDAVXJxs1W","name":"Wipolo HC II","type":"Point"}},{"type":"Feature","geometry":{"type":"Point","coordinates":[33.96746,1.90998]},"properties":{"id":"uMfcDfwxWR7","name":"Katakwi COU Aliakamer HC II","type":"Point"}},{"type":"Feature","geometry":{"type":"Point","coordinates":[30.0506,-1.110892]},"properties":{"id":"UMFeO5h1QMQ","name":"Rwanjura HC II","type":"Point"}},{"type":"Feature","geometry":{"type":"Point","coordinates":[34.11916,2.92846]},"properties":{"id":"UMtqIRI0zt7","name":"Napumpum HC II","type":"Point"}},{"type":"Feature","geometry":{"type":"Point","coordinates":[33.12534,1.71952]},"properties":{"id":"UMzvOsVEnNH","name":"Kobulubulu HC III","type":"Point"}},{"type":"Feature","geometry":{"type":"Point","coordinates":[33.21933,0.49116]},"properties":{"id":"uN5b8CDfZxZ","name":"Wakitaka HC III","type":"Point"}},{"type":"Feature","geometry":{"type":"Point","coordinates":[29.776787,-1.156473]},"properties":{"id":"UnfVUsFtgRQ","name":"Kaara HC II","type":"Point"}},{"type":"Feature","geometry":{"type":"Point","coordinates":[31.5378,2.25831]},"properties":{"id":"Unpl3hI2D59","name":"Paraa HC II","type":"Point"}},{"type":"Feature","geometry":{"type":"Point","coordinates":[30.351154,-0.981643]},"properties":{"id":"Uo8eU7Qrx0v","name":"Ruhama HC III","type":"Point"}},{"type":"Feature","geometry":{"type":"Point","coordinates":[30.26962,-0.56587]},"properties":{"id":"UoFAab7MNAo","name":"Kyeizooba Farmers Clinic","type":"Point"}},{"type":"Feature","geometry":{"type":"Point","coordinates":[29.879316,-0.851616]},"properties":{"id":"uOMzRaUbGoG","name":"Nyakabungo HC II","type":"Point"}},{"type":"Feature","geometry":{"type":"Point","coordinates":[30.68079,-0.62091]},"properties":{"id":"uoOrITIaKEJ","name":"Nyamitanga Govt HC III","type":"Point"}},{"type":"Feature","geometry":{"type":"Point","coordinates":[31.74446,-0.36276]},"properties":{"id":"uOR8JASVFHX","name":"Kirumba HC II","type":"Point"}},{"type":"Feature","geometry":{"type":"Point","coordinates":[32.87896,0.26852]},"properties":{"id":"uOXWUBFHxDS","name":"Katente HC II","type":"Point"}},{"type":"Feature","geometry":{"type":"Point","coordinates":[29.79158,-0.83635]},"properties":{"id":"up5JN6a54eW","name":"Kiringa (Kanungu) HC II","type":"Point"}},{"type":"Feature","geometry":{"type":"Point","coordinates":[33.07762,0.67919]},"properties":{"id":"uPAnapLaFYh","name":"Nankandulo HC IV","type":"Point"}},{"type":"Feature","geometry":{"type":"Point","coordinates":[33.3071,0.8395]},"properties":{"id":"upJ4ORiIFxs","name":"Budhana HC II","type":"Point"}},{"type":"Feature","geometry":{"type":"Point","coordinates":[32.79954,0.00006]},"properties":{"id":"UPSV6y2j0B0","name":"Damba HC II","type":"Point"}},{"type":"Feature","geometry":{"type":"Point","coordinates":[31.39235,-0.82141]},"properties":{"id":"UqgV734bbwY","name":"Bbale-Ggunda HC II","type":"Point"}},{"type":"Feature","geometry":{"type":"Point","coordinates":[30.97507,3.2438]},"properties":{"id":"uqk1XgbxpCg","name":"Yivu Abea HC III","type":"Point"}},{"type":"Feature","geometry":{"type":"Point","coordinates":[29.76887,-0.69961]},"properties":{"id":"UQKvb926FKp","name":"Nyakashozi HC II","type":"Point"}},{"type":"Feature","geometry":{"type":"Point","coordinates":[34.18991,3.66433]},"properties":{"id":"UR7F5sFNDQO","name":"Kalapata HC III","type":"Point"}},{"type":"Feature","geometry":{"type":"Point","coordinates":[31.060775,0.159177]},"properties":{"id":"urgl3LzkV6U","name":"Kyeera HC II","type":"Point"}},{"type":"Feature","geometry":{"type":"Point","coordinates":[30.95931,3.3674]},"properties":{"id":"URmGWanfgpn","name":"Dranya HC III","type":"Point"}},{"type":"Feature","geometry":{"type":"Point","coordinates":[33.903854,1.730412]},"properties":{"id":"uRzFsC6osk8","name":"Kapujan HC III","type":"Point"}},{"type":"Feature","geometry":{"type":"Point","coordinates":[33.9491,1.853975]},"properties":{"id":"usd4FQttAvy","name":"Akoboi HC II","type":"Point"}},{"type":"Feature","geometry":{"type":"Point","coordinates":[33.64956,0.90677]},"properties":{"id":"USHCZLjbvxf","name":"Kaiti HC II","type":"Point"}},{"type":"Feature","geometry":{"type":"Point","coordinates":[29.997798,0.13037]},"properties":{"id":"UshPWo8oKzc","name":"Mahango HC III","type":"Point"}},{"type":"Feature","geometry":{"type":"Point","coordinates":[30.44837,-0.02761]},"properties":{"id":"USWKUPzsxnQ","name":"Kakatsi HC II","type":"Point"}},{"type":"Feature","geometry":{"type":"Point","coordinates":[32.4774,0.39639]},"properties":{"id":"UTcf3vkubN9","name":"Wakiso HC IV","type":"Point"}},{"type":"Feature","geometry":{"type":"Point","coordinates":[29.849118,-1.006611]},"properties":{"id":"uTkySNCx3j2","name":"Rutenga HC III","type":"Point"}},{"type":"Feature","geometry":{"type":"Point","coordinates":[32.48086,2.73244]},"properties":{"id":"Uu40YoS0Mvr","name":"Lukwir HC II","type":"Point"}},{"type":"Feature","geometry":{"type":"Point","coordinates":[30.85555,-0.91882]},"properties":{"id":"UUp7kJLuyG6","name":"Ngarama HC III","type":"Point"}},{"type":"Feature","geometry":{"type":"Point","coordinates":[32.72934,2.88716]},"properties":{"id":"UUt3ZtL1hIJ","name":"Lapul HC III","type":"Point"}},{"type":"Feature","geometry":{"type":"Point","coordinates":[30.067604,0.299612]},"properties":{"id":"UUw0XSNRQqu","name":"Kisamba HC II","type":"Point"}},{"type":"Feature","geometry":{"type":"Point","coordinates":[31.03359,3.31278]},"properties":{"id":"uVzb26lWq53","name":"Tara HC III","type":"Point"}},{"type":"Feature","geometry":{"type":"Point","coordinates":[32.8866,2.08598]},"properties":{"id":"uw6cL0Wrx8k","name":"Alik HC II","type":"Point"}},{"type":"Feature","geometry":{"type":"Point","coordinates":[34.14074,3.59385]},"properties":{"id":"uwIGysNI69s","name":"Lokolia HC III","type":"Point"}},{"type":"Feature","geometry":{"type":"Point","coordinates":[31.55158,3.2414]},"properties":{"id":"uWNqP5eslWZ","name":"Maduga HC II","type":"Point"}},{"type":"Feature","geometry":{"type":"Point","coordinates":[31.09055,1.58628]},"properties":{"id":"UWPodERSmLS","name":"Tonya HC III","type":"Point"}},{"type":"Feature","geometry":{"type":"Point","coordinates":[30.52253,-0.56544]},"properties":{"id":"uwXTH0M0m4p","name":"Bubaare HC III","type":"Point"}},{"type":"Feature","geometry":{"type":"Point","coordinates":[34.344459,1.18868]},"properties":{"id":"UX5j31I7jpP","name":"Buhugu HC III","type":"Point"}},{"type":"Feature","geometry":{"type":"Point","coordinates":[31.26075,1.121626]},"properties":{"id":"uXgyniUkd0D","name":"Nalweyo HC III","type":"Point"}},{"type":"Feature","geometry":{"type":"Point","coordinates":[29.828126,-0.762147]},"properties":{"id":"UXT0P7XefiI","name":"Rwakigaju HC II","type":"Point"}},{"type":"Feature","geometry":{"type":"Point","coordinates":[33.962945,0.409984]},"properties":{"id":"uxV110Fc7jo","name":"Mbehenyi HC III","type":"Point"}},{"type":"Feature","geometry":{"type":"Point","coordinates":[33.64956,0.90677]},"properties":{"id":"UY9Ig6Dn12j","name":"Mulama HC II","type":"Point"}},{"type":"Feature","geometry":{"type":"Point","coordinates":[34.38256,1.33129]},"properties":{"id":"UYWZjSrracT","name":"Gamatui HC II","type":"Point"}},{"type":"Feature","geometry":{"type":"Point","coordinates":[33.45638,0.7684]},"properties":{"id":"uZ8tbaDbmB3","name":"Nabitende HC II","type":"Point"}},{"type":"Feature","geometry":{"type":"Point","coordinates":[29.65235,-1.19549]},"properties":{"id":"UzktdjDR9QA","name":"Kalehe HC II","type":"Point"}},{"type":"Feature","geometry":{"type":"Point","coordinates":[33.62089,0.64328]},"properties":{"id":"UZSPJdQFkvD","name":"Buyanga HC II","type":"Point"}},{"type":"Feature","geometry":{"type":"Point","coordinates":[30.29889,0.74432]},"properties":{"id":"v19MRLoaChf","name":"Nyantaboma HC III","type":"Point"}},{"type":"Feature","geometry":{"type":"Point","coordinates":[30.30406,0.62132]},"properties":{"id":"v1CGz0UUI4x","name":"Ibaale HC II","type":"Point"}},{"type":"Feature","geometry":{"type":"Point","coordinates":[34.30459,1.2749]},"properties":{"id":"V1efirRaxqJ","name":"Simu Pondo HC II","type":"Point"}},{"type":"Feature","geometry":{"type":"Point","coordinates":[33.93119,0.75935]},"properties":{"id":"V1fvK74234o","name":"Were HC II","type":"Point"}},{"type":"Feature","geometry":{"type":"Point","coordinates":[32.05932,0.35005]},"properties":{"id":"v2Te8EQtsqf","name":"Kabuwambo HC II","type":"Point"}},{"type":"Feature","geometry":{"type":"Point","coordinates":[31.1296,3.0536]},"properties":{"id":"v2tWEdWlFN8","name":"Nicu HC II","type":"Point"}},{"type":"Feature","geometry":{"type":"Point","coordinates":[33.755103,0.594971]},"properties":{"id":"v2XOGwTwMGe","name":"Kirongero HC II","type":"Point"}},{"type":"Feature","geometry":{"type":"Point","coordinates":[31.354685,1.430788]},"properties":{"id":"V2ylFCAVj0U","name":"Hoima Regional Referral Hospital","type":"Point"}},{"type":"Feature","geometry":{"type":"Point","coordinates":[32.528835,0.324919]},"properties":{"id":"v3EDZsaEsb0","name":"Lubanga Lagen Clinic HC II","type":"Point"}},{"type":"Feature","geometry":{"type":"Point","coordinates":[30.788528,2.473593]},"properties":{"id":"V3MblSOicMQ","name":"Amwonyo HC II","type":"Point"}},{"type":"Feature","geometry":{"type":"Point","coordinates":[30.87031,-0.0236]},"properties":{"id":"v3o2Btd8dsv","name":"Kijuma HC II","type":"Point"}},{"type":"Feature","geometry":{"type":"Point","coordinates":[30.143173,-0.022554]},"properties":{"id":"V3oWlkpBLx1","name":"Kasenyi HC II","type":"Point"}},{"type":"Feature","geometry":{"type":"Point","coordinates":[32.93024,3.69335]},"properties":{"id":"V3tE4k6mED1","name":"Pawach HC II","type":"Point"}},{"type":"Feature","geometry":{"type":"Point","coordinates":[33.54672,1.63442]},"properties":{"id":"v4Zgul4VlRC","name":"Obule Cb HC II","type":"Point"}},{"type":"Feature","geometry":{"type":"Point","coordinates":[29.7534,-1.22027]},"properties":{"id":"V5l3C1YQlLa","name":"Gateriteri HC III","type":"Point"}},{"type":"Feature","geometry":{"type":"Point","coordinates":[30.96561,3.41525]},"properties":{"id":"v5lh2VHSAYz","name":"Koboko Army Barracks HC II","type":"Point"}},{"type":"Feature","geometry":{"type":"Point","coordinates":[29.99274,-1.17162]},"properties":{"id":"V5s2f18WoNf","name":"Hakishenyi HC II","type":"Point"}},{"type":"Feature","geometry":{"type":"Point","coordinates":[31.03118,3.19758]},"properties":{"id":"v6DcAuQeoeA","name":"Cilio HC III","type":"Point"}},{"type":"Feature","geometry":{"type":"Point","coordinates":[31.99926,0.11369]},"properties":{"id":"v6KdyypBQBB","name":"Bulo Clinic HC II","type":"Point"}},{"type":"Feature","geometry":{"type":"Point","coordinates":[32.31058,0.69964]},"properties":{"id":"V7fbzGI10qW","name":"Namusaale HC II","type":"Point"}},{"type":"Feature","geometry":{"type":"Point","coordinates":[33.19214,0.67738]},"properties":{"id":"v7kUy7sDbrn","name":"Kitanaba HC II","type":"Point"}},{"type":"Feature","geometry":{"type":"Point","coordinates":[30.885663,0.91119]},"properties":{"id":"v7vSvHb7QUU","name":"Isunga HC III","type":"Point"}},{"type":"Feature","geometry":{"type":"Point","coordinates":[31.08584,-0.35373]},"properties":{"id":"V82U3uA6Zbp","name":"Kiruhura Nyakasharara HC II","type":"Point"}},{"type":"Feature","geometry":{"type":"Point","coordinates":[32.521524,0.314146]},"properties":{"id":"v82VMVlARo3","name":"Busega Clinic HC II","type":"Point"}},{"type":"Feature","geometry":{"type":"Point","coordinates":[32.66667,0.36811]},"properties":{"id":"v8Mkcr89mhj","name":"Bweyogerere SDA HC III","type":"Point"}},{"type":"Feature","geometry":{"type":"Point","coordinates":[31.74598,3.44033]},"properties":{"id":"V8su3RPXsiK","name":"Robidire HC III","type":"Point"}},{"type":"Feature","geometry":{"type":"Point","coordinates":[30.038526,-1.257908]},"properties":{"id":"V9CNIO7nWDB","name":"Rubira Solidale HC II","type":"Point"}},{"type":"Feature","geometry":{"type":"Point","coordinates":[29.883069,-1.260567]},"properties":{"id":"va10Q2xw6aP","name":"Rubanda Kagunga HC II","type":"Point"}},{"type":"Feature","geometry":{"type":"Point","coordinates":[32.644737,0.834915]},"properties":{"id":"va7uRTbKCoJ","name":"Bukalasa HC III","type":"Point"}},{"type":"Feature","geometry":{"type":"Point","coordinates":[34.14094,2.96638]},"properties":{"id":"vAJSlVqO7d5","name":"Panyangara HC III","type":"Point"}},{"type":"Feature","geometry":{"type":"Point","coordinates":[34.224808,0.982881]},"properties":{"id":"vaNMmgaScuW","name":"Nyondo HC III","type":"Point"}},{"type":"Feature","geometry":{"type":"Point","coordinates":[34.30266,0.793597]},"properties":{"id":"VB6z6SmiL33","name":"Nabitsikhi HC III","type":"Point"}},{"type":"Feature","geometry":{"type":"Point","coordinates":[34.399169,1.210482]},"properties":{"id":"VboJZXGJBI9","name":"Buluganya HC III","type":"Point"}},{"type":"Feature","geometry":{"type":"Point","coordinates":[32.68238,2.00531]},"properties":{"id":"vbqYR19aqUK","name":"Apire HC III","type":"Point"}},{"type":"Feature","geometry":{"type":"Point","coordinates":[32.2999,2.773]},"properties":{"id":"Vc52QmdPT1X","name":"Mola Medical Centre Clinic","type":"Point"}},{"type":"Feature","geometry":{"type":"Point","coordinates":[31.44704,-0.65425]},"properties":{"id":"VC8mMNDQFJ8","name":"Kayayumbe HC II","type":"Point"}},{"type":"Feature","geometry":{"type":"Point","coordinates":[31.61822,-0.16399]},"properties":{"id":"VCIAE5Bta3H","name":"St. Mary's Maternity & Nursing Home HC III","type":"Point"}},{"type":"Feature","geometry":{"type":"Point","coordinates":[30.66289,1.025018]},"properties":{"id":"Vcm6CgzPxe3","name":"Mpeefu B HC III","type":"Point"}},{"type":"Feature","geometry":{"type":"Point","coordinates":[30.92473,0.05521]},"properties":{"id":"vCvkE6AkaJM","name":"Orwigi HC II","type":"Point"}},{"type":"Feature","geometry":{"type":"Point","coordinates":[33.12157,0.42972]},"properties":{"id":"VCZvyMMtuNQ","name":"Konko HC II","type":"Point"}},{"type":"Feature","geometry":{"type":"Point","coordinates":[32.1744,1.17613]},"properties":{"id":"VdaCJASzDIR","name":"Ngoma HC IV","type":"Point"}},{"type":"Feature","geometry":{"type":"Point","coordinates":[33.96714,1.75491]},"properties":{"id":"Vdrd1FtUOrc","name":"Toroma HC IV","type":"Point"}},{"type":"Feature","geometry":{"type":"Point","coordinates":[31.41245,2.11622]},"properties":{"id":"VDUop9kcxx2","name":"Buliisa Hospital","type":"Point"}},{"type":"Feature","geometry":{"type":"Point","coordinates":[29.979895,-0.72199]},"properties":{"id":"ve5j2Ed30wv","name":"Rusheeshe HC III","type":"Point"}},{"type":"Feature","geometry":{"type":"Point","coordinates":[33.16971,1.84873]},"properties":{"id":"VEc0XL8e8Sa","name":"Alwa HC III","type":"Point"}},{"type":"Feature","geometry":{"type":"Point","coordinates":[30.05612,-0.1325]},"properties":{"id":"VeLWYyVm43q","name":"Katunguru HC III","type":"Point"}},{"type":"Feature","geometry":{"type":"Point","coordinates":[29.61679,-0.96383]},"properties":{"id":"VES7ks4zElA","name":"Bwindi Community Hospital","type":"Point"}},{"type":"Feature","geometry":{"type":"Point","coordinates":[30.86262,2.57507]},"properties":{"id":"vFo5oNkc7Nn","name":"Agiermach HC III","type":"Point"}},{"type":"Feature","geometry":{"type":"Point","coordinates":[33.92693,1.05368]},"properties":{"id":"vGB5z2UnueH","name":"Kenkebu HC II","type":"Point"}},{"type":"Feature","geometry":{"type":"Point","coordinates":[33.96419,2.0072]},"properties":{"id":"vGFHvU2m9uE","name":"St. Anne Usuk HC III","type":"Point"}},{"type":"Feature","geometry":{"type":"Point","coordinates":[29.963517,-0.744555]},"properties":{"id":"vGnepKVWbcP","name":"Kakamba (Rukungiri) HC II","type":"Point"}},{"type":"Feature","geometry":{"type":"Point","coordinates":[32.97758,3.377781]},"properties":{"id":"VGQoNrPWxFI","name":"Pudor HC II","type":"Point"}},{"type":"Feature","geometry":{"type":"Point","coordinates":[31.087276,0.912129]},"properties":{"id":"vgRXnM3VETo","name":"Kyebando HC III","type":"Point"}},{"type":"Feature","geometry":{"type":"Point","coordinates":[31.80483,0.54651]},"properties":{"id":"vh8cOiWZOv9","name":"ST. Gabriel Mirembe Maria HC III","type":"Point"}},{"type":"Feature","geometry":{"type":"Point","coordinates":[31.32092,-0.58472]},"properties":{"id":"vHA846LIw7n","name":"Kasankala HC II","type":"Point"}},{"type":"Feature","geometry":{"type":"Point","coordinates":[31.45451,1.47918]},"properties":{"id":"vHdz34TAaT3","name":"Mparangasi HC III","type":"Point"}},{"type":"Feature","geometry":{"type":"Point","coordinates":[30.29237,-0.55234]},"properties":{"id":"VhmTaRQFWzt","name":"Rutooma HC II","type":"Point"}},{"type":"Feature","geometry":{"type":"Point","coordinates":[30.4043,0.755483]},"properties":{"id":"VhofFpidxI7","name":"Kijura HC III","type":"Point"}},{"type":"Feature","geometry":{"type":"Point","coordinates":[31.31989,-0.38311]},"properties":{"id":"VhOO7DL9Y39","name":"Kyazanga HC IV","type":"Point"}},{"type":"Feature","geometry":{"type":"Point","coordinates":[31.67626,3.3722]},"properties":{"id":"VHssBVWOVqQ","name":"Magburu HC II","type":"Point"}},{"type":"Feature","geometry":{"type":"Point","coordinates":[32.10707,0.06139]},"properties":{"id":"Vi3ibjRtMzU","name":"Buwama HC III","type":"Point"}},{"type":"Feature","geometry":{"type":"Point","coordinates":[29.91982,0.07236]},"properties":{"id":"ViVCNsxZYF4","name":"Kabirizi Upper HC II","type":"Point"}},{"type":"Feature","geometry":{"type":"Point","coordinates":[31.85623,1.09014]},"properties":{"id":"vIy4B3pJmaQ","name":"Banda HC II","type":"Point"}},{"type":"Feature","geometry":{"type":"Point","coordinates":[32.94832,2.06843]},"properties":{"id":"vK5YnANfuWd","name":"Widjiko HC II","type":"Point"}},{"type":"Feature","geometry":{"type":"Point","coordinates":[32.82481,2.08447]},"properties":{"id":"Vk97ZCCRqHI","name":"Akali HC II","type":"Point"}},{"type":"Feature","geometry":{"type":"Point","coordinates":[34.56739,1.82376]},"properties":{"id":"vkGD2Qs9ej0","name":"Nabulenger HC II","type":"Point"}},{"type":"Feature","geometry":{"type":"Point","coordinates":[30.06354,0.70216]},"properties":{"id":"VkNdAzkYGjh","name":"Bundibugyo Hospital","type":"Point"}},{"type":"Feature","geometry":{"type":"Point","coordinates":[32.01653,0.00257]},"properties":{"id":"vkpREtlXQxQ","name":"Nkozi Hospital","type":"Point"}},{"type":"Feature","geometry":{"type":"Point","coordinates":[31.39248,0.56742]},"properties":{"id":"VLclxVcJh5v","name":"Mubende Regional Referral Hospital","type":"Point"}},{"type":"Feature","geometry":{"type":"Point","coordinates":[32.56768,3.36219]},"properties":{"id":"VLi163AL9A0","name":"Palabek-Kal HC III","type":"Point"}},{"type":"Feature","geometry":{"type":"Point","coordinates":[29.975029,-1.21995]},"properties":{"id":"VlILd7Lgy0r","name":"Kinyamari HC II","type":"Point"}},{"type":"Feature","geometry":{"type":"Point","coordinates":[32.3296,-0.66731]},"properties":{"id":"vM7d3ZWWl42","name":"Mazinga HC III","type":"Point"}},{"type":"Feature","geometry":{"type":"Point","coordinates":[31.56954,-0.43019]},"properties":{"id":"vMQGeSzMGKq","name":"Kikenene HC II","type":"Point"}},{"type":"Feature","geometry":{"type":"Point","coordinates":[31.18088,-0.97533]},"properties":{"id":"VMsqPYJjOpq","name":"Busheka (Isingiro) HC II","type":"Point"}},{"type":"Feature","geometry":{"type":"Point","coordinates":[31.83215,-0.12927]},"properties":{"id":"vmZZzuiGPS1","name":"Thereza Ledochowska HC II","type":"Point"}},{"type":"Feature","geometry":{"type":"Point","coordinates":[34.55055,1.37212]},"properties":{"id":"VN4lS8pgxP9","name":"Teren-Boy HC III","type":"Point"}},{"type":"Feature","geometry":{"type":"Point","coordinates":[30.12731,0.51024]},"properties":{"id":"VnB99XLWlfO","name":"Katebwa Monument Site HC II","type":"Point"}},{"type":"Feature","geometry":{"type":"Point","coordinates":[32.077516,2.84599]},"properties":{"id":"vnIPfEUR8ce","name":"Olwal HC III","type":"Point"}},{"type":"Feature","geometry":{"type":"Point","coordinates":[32.587622,0.346]},"properties":{"id":"vnJWBdzr6Q8","name":"Easy Breath Chest Clinic HC II","type":"Point"}},{"type":"Feature","geometry":{"type":"Point","coordinates":[30.04801,-0.61554]},"properties":{"id":"VNnrhdnpSHA","name":"Mitooma HC IV","type":"Point"}},{"type":"Feature","geometry":{"type":"Point","coordinates":[33.0309,0.57351]},"properties":{"id":"VOCTQo2VfWF","name":"Kangulumira Mission HC II","type":"Point"}},{"type":"Feature","geometry":{"type":"Point","coordinates":[31.62294,-0.53229]},"properties":{"id":"voN01aTS5rU","name":"Kibanda Clinic HC II","type":"Point"}},{"type":"Feature","geometry":{"type":"Point","coordinates":[32.53479,0.35362]},"properties":{"id":"VotCuLFg0Oh","name":"Nansana HC II","type":"Point"}},{"type":"Feature","geometry":{"type":"Point","coordinates":[31.57709,2.29465]},"properties":{"id":"VP7U4YcD16g","name":"Para Govt HC II","type":"Point"}},{"type":"Feature","geometry":{"type":"Point","coordinates":[30.119427,0.236783]},"properties":{"id":"VpPU5Bhp3Nj","name":"Mubuku Irrigation HC II","type":"Point"}},{"type":"Feature","geometry":{"type":"Point","coordinates":[30.75417,-0.82539]},"properties":{"id":"vqGAEqnNOKa","name":"Kyabinunga HC II","type":"Point"}},{"type":"Feature","geometry":{"type":"Point","coordinates":[32.18581,0.31357]},"properties":{"id":"VqgGPnWdXph","name":"Kalama HC II","type":"Point"}},{"type":"Feature","geometry":{"type":"Point","coordinates":[31.70288,-0.56304]},"properties":{"id":"VQlQ4IXDdFm","name":"Kamulegu HC III","type":"Point"}},{"type":"Feature","geometry":{"type":"Point","coordinates":[30.407194,-0.901991]},"properties":{"id":"vQMNtz05zAJ","name":"Nyakyera HC III","type":"Point"}},{"type":"Feature","geometry":{"type":"Point","coordinates":[33.90686,1.29026]},"properties":{"id":"VqqQ72EHluD","name":"Kakures HC II","type":"Point"}},{"type":"Feature","geometry":{"type":"Point","coordinates":[33.6287,1.70856]},"properties":{"id":"VQZMi99oeXr","name":"Moruapesur HC II","type":"Point"}},{"type":"Feature","geometry":{"type":"Point","coordinates":[31.14695,-0.11872]},"properties":{"id":"vrcXdDnZebF","name":"Kasagama Medical Centre (Kasagama) Clinic","type":"Point"}},{"type":"Feature","geometry":{"type":"Point","coordinates":[29.990341,-0.971115]},"properties":{"id":"vrGLB32cp8S","name":"Ruyonza HC II","type":"Point"}},{"type":"Feature","geometry":{"type":"Point","coordinates":[34.07788,0.39475]},"properties":{"id":"vrkOwpFBduq","name":"Bumunji HC II","type":"Point"}},{"type":"Feature","geometry":{"type":"Point","coordinates":[31.31714,-0.38664]},"properties":{"id":"vRmyhOf725p","name":"Bukoto Pentecostal HC II","type":"Point"}},{"type":"Feature","geometry":{"type":"Point","coordinates":[33.59217,0.78561]},"properties":{"id":"vrtsBgFPjG7","name":"Idinda HC II","type":"Point"}},{"type":"Feature","geometry":{"type":"Point","coordinates":[29.7334,-1.19374]},"properties":{"id":"VrwsJVs8Jay","name":"Kisoro Kagunga HC II","type":"Point"}},{"type":"Feature","geometry":{"type":"Point","coordinates":[32.88458,0.43837]},"properties":{"id":"VSGCAKuW01y","name":"Naggojje HC III","type":"Point"}},{"type":"Feature","geometry":{"type":"Point","coordinates":[31.8214,0.5515]},"properties":{"id":"vSPwh0RCueD","name":"Kassanda HC IV","type":"Point"}},{"type":"Feature","geometry":{"type":"Point","coordinates":[30.81726,0.945172]},"properties":{"id":"vsu4ND4ja3E","name":"St. Ambrose Charity HC IV","type":"Point"}},{"type":"Feature","geometry":{"type":"Point","coordinates":[32.75773,2.35608]},"properties":{"id":"vt2z3wXqBGE","name":"Apalabarowo HC III","type":"Point"}},{"type":"Feature","geometry":{"type":"Point","coordinates":[31.28912,1.40034]},"properties":{"id":"vTAEegA8o6s","name":"Kihuukya HC II","type":"Point"}},{"type":"Feature","geometry":{"type":"Point","coordinates":[33.39522,0.9688]},"properties":{"id":"VTki8kgpnbt","name":"Bugambo HC II","type":"Point"}},{"type":"Feature","geometry":{"type":"Point","coordinates":[31.08472,3.10622]},"properties":{"id":"VUB4COm63ZQ","name":"Bileafe HC III","type":"Point"}},{"type":"Feature","geometry":{"type":"Point","coordinates":[30.73982,1.23923]},"properties":{"id":"vULcvu1i8di","name":"Buhuuka HC III","type":"Point"}},{"type":"Feature","geometry":{"type":"Point","coordinates":[31.15123,-0.40978]},"properties":{"id":"VUmBPzyyuRr","name":"Allena Domiciliary Clinic","type":"Point"}},{"type":"Feature","geometry":{"type":"Point","coordinates":[30.19402,-0.49289]},"properties":{"id":"VV5c8F4HVjw","name":"Kakanju HC III","type":"Point"}},{"type":"Feature","geometry":{"type":"Point","coordinates":[33.75577,0.8284]},"properties":{"id":"vV6yESKTC26","name":"Kisimu HC II","type":"Point"}},{"type":"Feature","geometry":{"type":"Point","coordinates":[32.30714,0.40227]},"properties":{"id":"vV7C6Z6nEbZ","name":"Kasoozo HC II","type":"Point"}},{"type":"Feature","geometry":{"type":"Point","coordinates":[33.76773,1.96781]},"properties":{"id":"VVGxBCCP2jE","name":"Arute HC II","type":"Point"}},{"type":"Feature","geometry":{"type":"Point","coordinates":[30.102629,-0.259324]},"properties":{"id":"VvGZi1LcYyP","name":"Rugazi HC IV","type":"Point"}},{"type":"Feature","geometry":{"type":"Point","coordinates":[33.9644,0.46231]},"properties":{"id":"vwA6dkN8RHb","name":"Buwembe HC II","type":"Point"}},{"type":"Feature","geometry":{"type":"Point","coordinates":[34.037279,0.658065]},"properties":{"id":"VWMa7XFtHFc","name":"Lwala HC II","type":"Point"}},{"type":"Feature","geometry":{"type":"Point","coordinates":[32.91223,0.3714]},"properties":{"id":"VWQL8uhCRH4","name":"Eng Brigade Military Lugazi HC III","type":"Point"}},{"type":"Feature","geometry":{"type":"Point","coordinates":[31.7344,-0.3294]},"properties":{"id":"vX6kcAwvaS0","name":"Masaka Regional Referral Hospital","type":"Point"}},{"type":"Feature","geometry":{"type":"Point","coordinates":[34.17564,3.01922]},"properties":{"id":"vxakzmtxnPv","name":"Lookorok HC II","type":"Point"}},{"type":"Feature","geometry":{"type":"Point","coordinates":[33.66472,2.51721]},"properties":{"id":"vXlnJIdin7f","name":"Adea HC II","type":"Point"}},{"type":"Feature","geometry":{"type":"Point","coordinates":[31.62339,-0.53123]},"properties":{"id":"vXRJlq6NVP7","name":"St. Gyavira Domiciliary HC II","type":"Point"}},{"type":"Feature","geometry":{"type":"Point","coordinates":[30.00418,-0.754045]},"properties":{"id":"VXtT7kHBfnD","name":"Murama (Buhunga) HC II","type":"Point"}},{"type":"Feature","geometry":{"type":"Point","coordinates":[32.32198,0.35203]},"properties":{"id":"VXTxQRCiH2C","name":"Nswanjere HC III","type":"Point"}},{"type":"Feature","geometry":{"type":"Point","coordinates":[31.41745,1.40563]},"properties":{"id":"VyKflstsoTt","name":"Butema HC III","type":"Point"}},{"type":"Feature","geometry":{"type":"Point","coordinates":[31.04937,0.28508]},"properties":{"id":"VYTPJMKfPsi","name":"Kishagazi HC II","type":"Point"}},{"type":"Feature","geometry":{"type":"Point","coordinates":[32.21489,1.60378]},"properties":{"id":"vyU969NfjT6","name":"Mulonzi HC II","type":"Point"}},{"type":"Feature","geometry":{"type":"Point","coordinates":[29.98365,-0.88257]},"properties":{"id":"vZFtZmTVXjD","name":"Rubanga HC II","type":"Point"}},{"type":"Feature","geometry":{"type":"Point","coordinates":[31.74693,3.61347]},"properties":{"id":"VZjIOTAddHZ","name":"Goopi HC II","type":"Point"}},{"type":"Feature","geometry":{"type":"Point","coordinates":[33.01765,0.70978]},"properties":{"id":"VzSXA2ZxOPq","name":"Bukamba HC II","type":"Point"}},{"type":"Feature","geometry":{"type":"Point","coordinates":[34.101147,1.733699]},"properties":{"id":"VZvZyX8jBB4","name":"Magoro HC III","type":"Point"}},{"type":"Feature","geometry":{"type":"Point","coordinates":[31.7032,0.03293]},"properties":{"id":"w0PhrI50OdI","name":"Kigaju HC II","type":"Point"}},{"type":"Feature","geometry":{"type":"Point","coordinates":[30.1447,0.7976]},"properties":{"id":"w1COt9NZVMi","name":"Ebenezer SDA HC III","type":"Point"}},{"type":"Feature","geometry":{"type":"Point","coordinates":[31.68109,-0.31302]},"properties":{"id":"W1E4uVMRwXD","name":"Kakoma HC II","type":"Point"}},{"type":"Feature","geometry":{"type":"Point","coordinates":[30.37916,-1.034555]},"properties":{"id":"W2DisxptRpM","name":"Kibeho HC II","type":"Point"}},{"type":"Feature","geometry":{"type":"Point","coordinates":[33.01167,0.91541]},"properties":{"id":"w2MZEIgK2rd","name":"Malugulya HC II","type":"Point"}},{"type":"Feature","geometry":{"type":"Point","coordinates":[31.05925,3.60066]},"properties":{"id":"w3iNq6lLoEp","name":"Chakulia HC II","type":"Point"}},{"type":"Feature","geometry":{"type":"Point","coordinates":[30.29152,-0.46457]},"properties":{"id":"w4huKGNAmlZ","name":"Kajunju HC II","type":"Point"}},{"type":"Feature","geometry":{"type":"Point","coordinates":[31.6338,-0.538417]},"properties":{"id":"w4k4Pk5YyLo","name":"Nsumba HC II","type":"Point"}},{"type":"Feature","geometry":{"type":"Point","coordinates":[30.56191,-0.79065]},"properties":{"id":"W4TBB6tIrzc","name":"Bushwere HC II","type":"Point"}},{"type":"Feature","geometry":{"type":"Point","coordinates":[33.4656,0.64418]},"properties":{"id":"W4uBcP0Hwuc","name":"Magogo HC II","type":"Point"}},{"type":"Feature","geometry":{"type":"Point","coordinates":[30.836555,0.75109]},"properties":{"id":"W4WTbuj52ZD","name":"Bufunjo HC III","type":"Point"}},{"type":"Feature","geometry":{"type":"Point","coordinates":[32.11649,2.7428]},"properties":{"id":"w4z6Vt9nkBs","name":"Langol HC II","type":"Point"}},{"type":"Feature","geometry":{"type":"Point","coordinates":[31.68109,-0.31302]},"properties":{"id":"w53Iyr73JjT","name":"Kyetume HC III","type":"Point"}},{"type":"Feature","geometry":{"type":"Point","coordinates":[30.46397,0.08095]},"properties":{"id":"W5vxwFIhtEY","name":"Kiburara Prison HC II","type":"Point"}},{"type":"Feature","geometry":{"type":"Point","coordinates":[33.5188,0.32765]},"properties":{"id":"W65MlPtBlmF","name":"Kityerera HC IV","type":"Point"}},{"type":"Feature","geometry":{"type":"Point","coordinates":[30.37699,-0.72475]},"properties":{"id":"w710lzfn4pu","name":"Ndeija HC III","type":"Point"}},{"type":"Feature","geometry":{"type":"Point","coordinates":[30.36111,0.00147]},"properties":{"id":"w73evLideQA","name":"Ntara HC IV","type":"Point"}},{"type":"Feature","geometry":{"type":"Point","coordinates":[33.698084,-0.119289]},"properties":{"id":"W7fiTCkLzlW","name":"Haama HC II","type":"Point"}},{"type":"Feature","geometry":{"type":"Point","coordinates":[33.81549,1.63662]},"properties":{"id":"w81TXtlX3EM","name":"Omiito HC II","type":"Point"}},{"type":"Feature","geometry":{"type":"Point","coordinates":[33.405893,1.092742]},"properties":{"id":"W8gbvIzhIuL","name":"Nawaikoke HC III","type":"Point"}},{"type":"Feature","geometry":{"type":"Point","coordinates":[33.63842,0.34007]},"properties":{"id":"W8iHiYGNTUM","name":"Nawampongo HC II","type":"Point"}},{"type":"Feature","geometry":{"type":"Point","coordinates":[33.33011,2.98694]},"properties":{"id":"w9mcV8YwoKa","name":"Pacer HC II","type":"Point"}},{"type":"Feature","geometry":{"type":"Point","coordinates":[32.25644,2.39442]},"properties":{"id":"w9roqtex0ih","name":"Acimi HC II","type":"Point"}},{"type":"Feature","geometry":{"type":"Point","coordinates":[29.98479,-0.62747]},"properties":{"id":"w9SnOvetHUQ","name":"Bubangizi HC III","type":"Point"}},{"type":"Feature","geometry":{"type":"Point","coordinates":[30.10291,-0.25866]},"properties":{"id":"wa5ALmOQe62","name":"Rugazi Mission HC II","type":"Point"}},{"type":"Feature","geometry":{"type":"Point","coordinates":[30.43639,-0.24393]},"properties":{"id":"waacA54DZjH","name":"Rukiri HC III","type":"Point"}},{"type":"Feature","geometry":{"type":"Point","coordinates":[30.85292,2.73525]},"properties":{"id":"wacjVEN6pwD","name":"Logiri HC III","type":"Point"}},{"type":"Feature","geometry":{"type":"Point","coordinates":[31.71881,-0.29771]},"properties":{"id":"wb2tYXUWWcv","name":"Kyabakuza HC II","type":"Point"}},{"type":"Feature","geometry":{"type":"Point","coordinates":[30.500568,-0.03883]},"properties":{"id":"WbjNyLLRjMh","name":"Ibanda Bugarama HC II","type":"Point"}},{"type":"Feature","geometry":{"type":"Point","coordinates":[31.34215,1.28999]},"properties":{"id":"WcfbUI6UJkF","name":"Bujalya HC III","type":"Point"}},{"type":"Feature","geometry":{"type":"Point","coordinates":[31.0693,-0.44544]},"properties":{"id":"wCOg7R9Ty1P","name":"Nyakahita HC II","type":"Point"}},{"type":"Feature","geometry":{"type":"Point","coordinates":[34.32751,0.9646]},"properties":{"id":"wcTUcjmdOA3","name":"Bukewa HC III","type":"Point"}},{"type":"Feature","geometry":{"type":"Point","coordinates":[32.0317,0.54565]},"properties":{"id":"wd67B9ygxNt","name":"Mboona Kibaale HC II","type":"Point"}},{"type":"Feature","geometry":{"type":"Point","coordinates":[30.87613,-0.88033]},"properties":{"id":"wDtDdq5JRtC","name":"Burungamo HC II","type":"Point"}},{"type":"Feature","geometry":{"type":"Point","coordinates":[33.9259,0.77483]},"properties":{"id":"weDWRBlZXNH","name":"Kirewa Chawolo HC II","type":"Point"}},{"type":"Feature","geometry":{"type":"Point","coordinates":[32.71821,1.99544]},"properties":{"id":"WEH3aMvIS0B","name":"Aduku HC IV","type":"Point"}},{"type":"Feature","geometry":{"type":"Point","coordinates":[33.40945,0.58856]},"properties":{"id":"WeIIG6Cxs4E","name":"Mawundo HC III","type":"Point"}},{"type":"Feature","geometry":{"type":"Point","coordinates":[32.5539,0.3408]},"properties":{"id":"wepUthscBkh","name":"Kawaala Health Centre HC IV","type":"Point"}},{"type":"Feature","geometry":{"type":"Point","coordinates":[32.51131,1.505333]},"properties":{"id":"werOrHbzh72","name":"Lwampanga HC III","type":"Point"}},{"type":"Feature","geometry":{"type":"Point","coordinates":[30.04928,-0.61472]},"properties":{"id":"wEsFPPA6BdQ","name":"B&S Medical and Diagnostic Centre HC II","type":"Point"}},{"type":"Feature","geometry":{"type":"Point","coordinates":[33.2697,0.04017]},"properties":{"id":"WezVXLK01Ry","name":"Nkata HC II","type":"Point"}},{"type":"Feature","geometry":{"type":"Point","coordinates":[33.1846,0.39062]},"properties":{"id":"WfEOwsEOMbc","name":"Buziika HC II","type":"Point"}},{"type":"Feature","geometry":{"type":"Point","coordinates":[32.603411,0.352746]},"properties":{"id":"WFrERnQeKsD","name":"Kadic Hospital","type":"Point"}},{"type":"Feature","geometry":{"type":"Point","coordinates":[32.633478,0.283601]},"properties":{"id":"WGc7kKRhPaH","name":"Murchision Bay Hospital","type":"Point"}},{"type":"Feature","geometry":{"type":"Point","coordinates":[32.28492,0.44456]},"properties":{"id":"WGf77pZY6CD","name":"Kibujjo HC II","type":"Point"}},{"type":"Feature","geometry":{"type":"Point","coordinates":[30.90051,3.0302]},"properties":{"id":"WggT6i6Q5kH","name":"River Oli HC IV","type":"Point"}},{"type":"Feature","geometry":{"type":"Point","coordinates":[32.90965,3.3761]},"properties":{"id":"WgmL7qQcVxV","name":"Loborom HC III","type":"Point"}},{"type":"Feature","geometry":{"type":"Point","coordinates":[32.660793,1.29138]},"properties":{"id":"wgSmdZGeb5I","name":"Kalungi (Kalungi) HC III","type":"Point"}},{"type":"Feature","geometry":{"type":"Point","coordinates":[33.23382,2.7729]},"properties":{"id":"WgXtPbUAyJD","name":"Geregere HC II","type":"Point"}},{"type":"Feature","geometry":{"type":"Point","coordinates":[31.6566,3.63128]},"properties":{"id":"WHVbek1utH5","name":"Lama HC II","type":"Point"}},{"type":"Feature","geometry":{"type":"Point","coordinates":[29.96075,-0.51709]},"properties":{"id":"whX68dEEy69","name":"Kisiizi HC II","type":"Point"}},{"type":"Feature","geometry":{"type":"Point","coordinates":[29.69706,-0.74865]},"properties":{"id":"WiDK75EptX5","name":"Kihihi HC IV","type":"Point"}},{"type":"Feature","geometry":{"type":"Point","coordinates":[30.98422,0.38318]},"properties":{"id":"wisJV65CjPt","name":"Mpara HC III","type":"Point"}},{"type":"Feature","geometry":{"type":"Point","coordinates":[34.51909,1.57194]},"properties":{"id":"wITceG8YRXg","name":"Chepsukunya HC II","type":"Point"}},{"type":"Feature","geometry":{"type":"Point","coordinates":[30.54385,-0.65607]},"properties":{"id":"wiVV2BPYi5Z","name":"Rwakishakizi HC II","type":"Point"}},{"type":"Feature","geometry":{"type":"Point","coordinates":[30.36055,0.65036]},"properties":{"id":"wjEpE9NTDxg","name":"Kiamara HC II","type":"Point"}},{"type":"Feature","geometry":{"type":"Point","coordinates":[30.42947,-0.11764]},"properties":{"id":"Wjo1U23CeOJ","name":"Kyeikucu HC II","type":"Point"}},{"type":"Feature","geometry":{"type":"Point","coordinates":[30.802206,2.51259]},"properties":{"id":"Wk8yKMCUZOk","name":"Zeu HC III","type":"Point"}},{"type":"Feature","geometry":{"type":"Point","coordinates":[31.756588,-0.165436]},"properties":{"id":"wKczE4oVqOy","name":"Kalungu HC III","type":"Point"}},{"type":"Feature","geometry":{"type":"Point","coordinates":[32.28608,2.88017]},"properties":{"id":"WKobZy8pNwR","name":"Punena HC II","type":"Point"}},{"type":"Feature","geometry":{"type":"Point","coordinates":[32.518646,0.199712]},"properties":{"id":"WKqRwWbwjaA","name":"Kajjansi Clays HC II","type":"Point"}},{"type":"Feature","geometry":{"type":"Point","coordinates":[34.69483,1.34579]},"properties":{"id":"wla92a13B1F","name":"Kamet HC II","type":"Point"}},{"type":"Feature","geometry":{"type":"Point","coordinates":[32.21666,2.84431]},"properties":{"id":"WleyUUQfJK6","name":"Pabwo HC III","type":"Point"}},{"type":"Feature","geometry":{"type":"Point","coordinates":[31.1857,-0.39255]},"properties":{"id":"wLiLu0BQUaZ","name":"Kalegero HC II","type":"Point"}},{"type":"Feature","geometry":{"type":"Point","coordinates":[33.143829,2.809988]},"properties":{"id":"wLkwoyLOOZe","name":"Acuru HC II","type":"Point"}},{"type":"Feature","geometry":{"type":"Point","coordinates":[32.36665,1.98387]},"properties":{"id":"WlshDuLYh4b","name":"Alworoceng HC II","type":"Point"}},{"type":"Feature","geometry":{"type":"Point","coordinates":[30.49166,-0.13596]},"properties":{"id":"Wmc36bI5m96","name":"Bufunda HC III","type":"Point"}},{"type":"Feature","geometry":{"type":"Point","coordinates":[30.06263,-0.49772]},"properties":{"id":"wMiApjHnWVa","name":"Nyarugote HC II","type":"Point"}},{"type":"Feature","geometry":{"type":"Point","coordinates":[33.45251,2.04456]},"properties":{"id":"WmoemTft5Bj","name":"Orungo HC III","type":"Point"}},{"type":"Feature","geometry":{"type":"Point","coordinates":[34.61471,1.85817]},"properties":{"id":"WMtqO37R3RN","name":"Nabilatuk Mission HC II","type":"Point"}},{"type":"Feature","geometry":{"type":"Point","coordinates":[34.257421,3.351081]},"properties":{"id":"WmXAoLJicih","name":"Loyoro HC III","type":"Point"}},{"type":"Feature","geometry":{"type":"Point","coordinates":[30.42915,0.66345]},"properties":{"id":"wmzTMo2sIKx","name":"Kyakatara HC III","type":"Point"}},{"type":"Feature","geometry":{"type":"Point","coordinates":[30.16161,-0.63659]},"properties":{"id":"Wn69LukXv2f","name":"Kainamo HC II","type":"Point"}},{"type":"Feature","geometry":{"type":"Point","coordinates":[30.82819,-0.77023]},"properties":{"id":"WNfTfgX3DSP","name":"Kamuri HC II","type":"Point"}},{"type":"Feature","geometry":{"type":"Point","coordinates":[34.36559,1.27896]},"properties":{"id":"wNIGyP5Wi4G","name":"Buginyanya HC III","type":"Point"}},{"type":"Feature","geometry":{"type":"Point","coordinates":[31.90923,0.76793]},"properties":{"id":"wozLwv6Fb7u","name":"Bulaga HC II","type":"Point"}},{"type":"Feature","geometry":{"type":"Point","coordinates":[31.64373,-0.45552]},"properties":{"id":"wpLf3ooCcJu","name":"St. Martins Domiciliary HC II","type":"Point"}},{"type":"Feature","geometry":{"type":"Point","coordinates":[34.361132,1.021648]},"properties":{"id":"wpWyShStzVb","name":"Bukigai SDA HC II","type":"Point"}},{"type":"Feature","geometry":{"type":"Point","coordinates":[34.187079,0.697967]},"properties":{"id":"WQAIuHuecnR","name":"Kasoli HC II","type":"Point"}},{"type":"Feature","geometry":{"type":"Point","coordinates":[34.74591,1.9073]},"properties":{"id":"WqIs7ciPmmO","name":"Moruita 407 Bregade HC III","type":"Point"}},{"type":"Feature","geometry":{"type":"Point","coordinates":[32.06745,0.38688]},"properties":{"id":"WqoBdlGeBgn","name":"Magala HC III","type":"Point"}},{"type":"Feature","geometry":{"type":"Point","coordinates":[30.10653,0.7668]},"properties":{"id":"WQwefkSgLao","name":"Ngamba HC II","type":"Point"}},{"type":"Feature","geometry":{"type":"Point","coordinates":[33.47912,1.88577]},"properties":{"id":"WqzecS4PTyV","name":"Katine Ngo HC II","type":"Point"}},{"type":"Feature","geometry":{"type":"Point","coordinates":[30.15307,-0.57231]},"properties":{"id":"WrPD0DLGOGu","name":"Ruharo HC II","type":"Point"}},{"type":"Feature","geometry":{"type":"Point","coordinates":[30.5937,-0.17694]},"properties":{"id":"wse4djDrM7s","name":"Rugaaga HC II","type":"Point"}},{"type":"Feature","geometry":{"type":"Point","coordinates":[34.34798,0.832539]},"properties":{"id":"Wsm1yq3s0Lw","name":"Butiru HC III","type":"Point"}},{"type":"Feature","geometry":{"type":"Point","coordinates":[32.69061,1.15091]},"properties":{"id":"WSRvfYs9L1V","name":"Kiwambya HC II (Nakasongola)","type":"Point"}},{"type":"Feature","geometry":{"type":"Point","coordinates":[33.000517,0.67634]},"properties":{"id":"Wt9Xc9u5KQ1","name":"Nazigo Mission HC II","type":"Point"}},{"type":"Feature","geometry":{"type":"Point","coordinates":[32.6243,2.4344]},"properties":{"id":"WTjTs5zFR6f","name":"Iceme HC III (Iceme Town Council)","type":"Point"}},{"type":"Feature","geometry":{"type":"Point","coordinates":[30.37355,0.76003]},"properties":{"id":"WTUM2RKZQG7","name":"Kitule HC II","type":"Point"}},{"type":"Feature","geometry":{"type":"Point","coordinates":[31.381313,0.760538]},"properties":{"id":"wTumxHRbaIc","name":"Kyabasaija HC III","type":"Point"}},{"type":"Feature","geometry":{"type":"Point","coordinates":[31.29181,3.68339]},"properties":{"id":"wTVVhT1zOWS","name":"Kerwa HC III","type":"Point"}},{"type":"Feature","geometry":{"type":"Point","coordinates":[29.9912,0.67194]},"properties":{"id":"Wtx8GzEga6v","name":"Nyahuka HC IV","type":"Point"}},{"type":"Feature","geometry":{"type":"Point","coordinates":[31.214605,0.054474]},"properties":{"id":"WuDi4LmzEWV","name":"Ntuusi HC IV","type":"Point"}},{"type":"Feature","geometry":{"type":"Point","coordinates":[29.936108,-0.880913]},"properties":{"id":"WUuQukdG6s0","name":"Kitojo Ngo HC II","type":"Point"}},{"type":"Feature","geometry":{"type":"Point","coordinates":[31.717489,1.685971]},"properties":{"id":"wuWIlIipN6E","name":"Walabyeki Medical Centre HC III","type":"Point"}},{"type":"Feature","geometry":{"type":"Point","coordinates":[32.5224,0.5244]},"properties":{"id":"WUXaIJTpB0U","name":"Migadde HC II","type":"Point"}},{"type":"Feature","geometry":{"type":"Point","coordinates":[34.50784,1.36596]},"properties":{"id":"WV7VVz9jpuJ","name":"Likil HC II","type":"Point"}},{"type":"Feature","geometry":{"type":"Point","coordinates":[30.27134,1.05492]},"properties":{"id":"wVQqiOrorr6","name":"Rwebisengo HC IV","type":"Point"}},{"type":"Feature","geometry":{"type":"Point","coordinates":[33.36464,1.22122]},"properties":{"id":"wVUhuXat0MO","name":"Irundu St. Mathias Mulumba HC III","type":"Point"}},{"type":"Feature","geometry":{"type":"Point","coordinates":[31.66145,0.20965]},"properties":{"id":"wVUi8BXxKkY","name":"Kitwe HC II","type":"Point"}},{"type":"Feature","geometry":{"type":"Point","coordinates":[32.89009,2.25585]},"properties":{"id":"wvZjKQtykpw","name":"Downtown Medical Centre HC III","type":"Point"}},{"type":"Feature","geometry":{"type":"Point","coordinates":[32.555808,0.328362]},"properties":{"id":"WWlY7qs18QI","name":"Kadic Clinic Nakulabye HC II","type":"Point"}},{"type":"Feature","geometry":{"type":"Point","coordinates":[32.521524,0.314146]},"properties":{"id":"wx932ocnkRb","name":"Biyinzika Clinic HC II","type":"Point"}},{"type":"Feature","geometry":{"type":"Point","coordinates":[29.823286,-0.611523]},"properties":{"id":"WxoWyxgcd8T","name":"Rwabukoba HC II","type":"Point"}},{"type":"Feature","geometry":{"type":"Point","coordinates":[33.731964,1.720797]},"properties":{"id":"WY3yVWM5gaL","name":"Gweri HC III","type":"Point"}},{"type":"Feature","geometry":{"type":"Point","coordinates":[33.6217,0.45219]},"properties":{"id":"WyB0okmGKma","name":"Bwalula HC II","type":"Point"}},{"type":"Feature","geometry":{"type":"Point","coordinates":[33.45841,1.90514]},"properties":{"id":"Wyvz7rsEBpd","name":"Tiriri HC IV","type":"Point"}},{"type":"Feature","geometry":{"type":"Point","coordinates":[33.6007,2.10798]},"properties":{"id":"wz2IJXrulbx","name":"Amilmil HC II","type":"Point"}},{"type":"Feature","geometry":{"type":"Point","coordinates":[30.32394,0.54149]},"properties":{"id":"wZmGKn6TFVP","name":"Rurama HC II","type":"Point"}},{"type":"Feature","geometry":{"type":"Point","coordinates":[31.77739,3.55631]},"properties":{"id":"X00gYQ3tjMD","name":"Laropi HC III","type":"Point"}},{"type":"Feature","geometry":{"type":"Point","coordinates":[33.09995,1.03223]},"properties":{"id":"X0BZOCXmDkj","name":"Balawoli HC III","type":"Point"}},{"type":"Feature","geometry":{"type":"Point","coordinates":[33.00254,1.61692]},"properties":{"id":"x0OMMKUIxlF","name":"Kaburepoli HC II","type":"Point"}},{"type":"Feature","geometry":{"type":"Point","coordinates":[31.808701,3.322555]},"properties":{"id":"x14PIFWlmxx","name":"Kureku HC II","type":"Point"}},{"type":"Feature","geometry":{"type":"Point","coordinates":[32.13342,0.05594]},"properties":{"id":"X1RkzMg2Hn1","name":"Bunjako HC III","type":"Point"}},{"type":"Feature","geometry":{"type":"Point","coordinates":[32.280985,2.779667]},"properties":{"id":"x1UaYpPwx6c","name":"Gulu Military Hospital","type":"Point"}},{"type":"Feature","geometry":{"type":"Point","coordinates":[31.6822,1.65634]},"properties":{"id":"x24LUhfkWxT","name":"Kibyama HC II","type":"Point"}},{"type":"Feature","geometry":{"type":"Point","coordinates":[34.03983,0.555747]},"properties":{"id":"x2bKnIqqcFt","name":"Busitema HC III","type":"Point"}},{"type":"Feature","geometry":{"type":"Point","coordinates":[33.07024,1.31229]},"properties":{"id":"x3sV3Vm3jFW","name":"Nkondo HC III","type":"Point"}},{"type":"Feature","geometry":{"type":"Point","coordinates":[29.74796,0.00022]},"properties":{"id":"X3ZIaE3ccDb","name":"Mushenene HC III","type":"Point"}},{"type":"Feature","geometry":{"type":"Point","coordinates":[30.71577,-0.53119]},"properties":{"id":"X4fBqyPx4Er","name":"Biharwe St Johns HC II","type":"Point"}},{"type":"Feature","geometry":{"type":"Point","coordinates":[32.63002,2.56027]},"properties":{"id":"x4fr2px73Bq","name":"Acokara HC II","type":"Point"}},{"type":"Feature","geometry":{"type":"Point","coordinates":[32.90058,0.42521]},"properties":{"id":"x4zVP4YLDy7","name":"Bulika HC II","type":"Point"}},{"type":"Feature","geometry":{"type":"Point","coordinates":[31.65511,3.48494]},"properties":{"id":"X5ebRy9YPbR","name":"Itula HC III","type":"Point"}},{"type":"Feature","geometry":{"type":"Point","coordinates":[34.7541,1.88502]},"properties":{"id":"x5mIE0NPDSb","name":"Moruita HC II","type":"Point"}},{"type":"Feature","geometry":{"type":"Point","coordinates":[30.30955,-0.67955]},"properties":{"id":"x5X8VtL2T0e","name":"Shuuku HC IV","type":"Point"}},{"type":"Feature","geometry":{"type":"Point","coordinates":[31.51079,2.20229]},"properties":{"id":"x5YYIG54agu","name":"Avogera HC III","type":"Point"}},{"type":"Feature","geometry":{"type":"Point","coordinates":[29.67599,-0.87141]},"properties":{"id":"x65jpp0WQnc","name":"Kayonza Tea Factory HC III","type":"Point"}},{"type":"Feature","geometry":{"type":"Point","coordinates":[29.87155,-1.33709]},"properties":{"id":"x6fCr9Or7HE","name":"Kashasha HC II","type":"Point"}},{"type":"Feature","geometry":{"type":"Point","coordinates":[32.49727,1.73669]},"properties":{"id":"x6tiiRt28yz","name":"Apoi HC III","type":"Point"}},{"type":"Feature","geometry":{"type":"Point","coordinates":[31.53349,-0.62998]},"properties":{"id":"X7iYabwpJfR","name":"Mutukula HC III","type":"Point"}},{"type":"Feature","geometry":{"type":"Point","coordinates":[33.82414,1.54869]},"properties":{"id":"X8l6y8IN4z9","name":"Ajeluk HC III","type":"Point"}},{"type":"Feature","geometry":{"type":"Point","coordinates":[30.06874,0.67812]},"properties":{"id":"x8u9lpI2pUu","name":"Bupomboli HC III","type":"Point"}},{"type":"Feature","geometry":{"type":"Point","coordinates":[31.1054,2.32764]},"properties":{"id":"X8wfR21inSS","name":"Orussi HC III","type":"Point"}},{"type":"Feature","geometry":{"type":"Point","coordinates":[30.710417,0.11479]},"properties":{"id":"x9A33vBF8B4","name":"Kyampangara HC II","type":"Point"}},{"type":"Feature","geometry":{"type":"Point","coordinates":[33.66464,0.74824]},"properties":{"id":"x9oCy78uzUl","name":"Kasedhere/Nawanpandu HC II","type":"Point"}},{"type":"Feature","geometry":{"type":"Point","coordinates":[32.684675,2.099495]},"properties":{"id":"X9SkLC9yE4f","name":"Aninolal HC II","type":"Point"}},{"type":"Feature","geometry":{"type":"Point","coordinates":[29.736936,0.033944]},"properties":{"id":"x9UQiPG3QAk","name":"Kyambogho SDA Clinic HC III","type":"Point"}},{"type":"Feature","geometry":{"type":"Point","coordinates":[30.91159,1.44172]},"properties":{"id":"Xa2GHu3YN8X","name":"Sebigoro HC III","type":"Point"}},{"type":"Feature","geometry":{"type":"Point","coordinates":[33.59751,2.39483]},"properties":{"id":"xa8AvzwrPSi","name":"Ogwete HC III","type":"Point"}},{"type":"Feature","geometry":{"type":"Point","coordinates":[30.64705,-0.62332]},"properties":{"id":"XAXiTTdQ57t","name":"Nyamitanga Ngo HC II","type":"Point"}},{"type":"Feature","geometry":{"type":"Point","coordinates":[32.842983,1.640539]},"properties":{"id":"XazfKCvCCLS","name":"Amolatar HC IV","type":"Point"}},{"type":"Feature","geometry":{"type":"Point","coordinates":[30.983406,1.07188]},"properties":{"id":"XAZN59cCQJ9","name":"Kyabasara HC II","type":"Point"}},{"type":"Feature","geometry":{"type":"Point","coordinates":[29.84501,-0.92454]},"properties":{"id":"xbHb2porYoF","name":"Bukunga HC II","type":"Point"}},{"type":"Feature","geometry":{"type":"Point","coordinates":[33.828237,0.48484]},"properties":{"id":"xbM4diuk1dB","name":"Bulesa HC III","type":"Point"}},{"type":"Feature","geometry":{"type":"Point","coordinates":[33.01643,1.05186]},"properties":{"id":"xbPDAfUJaWQ","name":"Country Side HC II","type":"Point"}},{"type":"Feature","geometry":{"type":"Point","coordinates":[32.74091,3.66035]},"properties":{"id":"XBRMWAS3FO2","name":"Dibolyec HC II","type":"Point"}},{"type":"Feature","geometry":{"type":"Point","coordinates":[31.75951,0.42476]},"properties":{"id":"XbtCBT0kEDF","name":"Kyakatebe HC II","type":"Point"}},{"type":"Feature","geometry":{"type":"Point","coordinates":[30.00418,-0.754045]},"properties":{"id":"xCowz1yluaZ","name":"Murama HC II","type":"Point"}},{"type":"Feature","geometry":{"type":"Point","coordinates":[29.892499,-0.186758]},"properties":{"id":"XdQsGt0TQkA","name":"Mweya HC II","type":"Point"}},{"type":"Feature","geometry":{"type":"Point","coordinates":[30.53486,0.63731]},"properties":{"id":"Xdt1jdUOQm2","name":"St. Adolf HC II","type":"Point"}},{"type":"Feature","geometry":{"type":"Point","coordinates":[32.1729,2.84144]},"properties":{"id":"XdXAfIaLuld","name":"Awer HC II","type":"Point"}},{"type":"Feature","geometry":{"type":"Point","coordinates":[33.41865,1.57369]},"properties":{"id":"xEN68HYkacl","name":"Akoboi (Serere) HC II","type":"Point"}},{"type":"Feature","geometry":{"type":"Point","coordinates":[32.26323,0.33386]},"properties":{"id":"xEsy0BxwCmQ","name":"Kibumbiro HC II","type":"Point"}},{"type":"Feature","geometry":{"type":"Point","coordinates":[30.42189,-0.67279]},"properties":{"id":"Xf4ixDumICd","name":"Kakigani HC II","type":"Point"}},{"type":"Feature","geometry":{"type":"Point","coordinates":[32.7586,1.40639]},"properties":{"id":"xFu5BXdkrZj","name":"Kawongo HC III","type":"Point"}},{"type":"Feature","geometry":{"type":"Point","coordinates":[31.80599,-0.30111]},"properties":{"id":"XFvdRnq6Nee","name":"Kako HC III","type":"Point"}},{"type":"Feature","geometry":{"type":"Point","coordinates":[31.25345,-0.37427]},"properties":{"id":"XG2WwGdcWZQ","name":"Katovu COU HC II","type":"Point"}},{"type":"Feature","geometry":{"type":"Point","coordinates":[33.04045,1.18005]},"properties":{"id":"Xh5eLA8vMYG","name":"Kiige HC II","type":"Point"}},{"type":"Feature","geometry":{"type":"Point","coordinates":[34.13632,1.89102]},"properties":{"id":"XHgTvnlWtW0","name":"Ngariam HC III","type":"Point"}},{"type":"Feature","geometry":{"type":"Point","coordinates":[33.26248,1.11382]},"properties":{"id":"XHVJy3yg2Oz","name":"Namulikya HC II","type":"Point"}},{"type":"Feature","geometry":{"type":"Point","coordinates":[30.077756,0.178694]},"properties":{"id":"XI4OsjZYmtZ","name":"Kasese Municipal Council HC III","type":"Point"}},{"type":"Feature","geometry":{"type":"Point","coordinates":[31.72511,0.55291]},"properties":{"id":"XIBVS2DVc57","name":"Kabulubutu HC II","type":"Point"}},{"type":"Feature","geometry":{"type":"Point","coordinates":[30.82254,2.44998]},"properties":{"id":"XikHv88zzDn","name":"Ayaka HC II","type":"Point"}},{"type":"Feature","geometry":{"type":"Point","coordinates":[31.698354,1.827294]},"properties":{"id":"XimyCzLKf0w","name":"Kilanyi HC II","type":"Point"}},{"type":"Feature","geometry":{"type":"Point","coordinates":[30.17432,0.85935]},"properties":{"id":"xJFdSkzMwm0","name":"Burondo HC III","type":"Point"}},{"type":"Feature","geometry":{"type":"Point","coordinates":[32.521272,0.934011]},"properties":{"id":"xjHpvNlTb1J","name":"Makulubita HC III","type":"Point"}},{"type":"Feature","geometry":{"type":"Point","coordinates":[34.0847,0.62196]},"properties":{"id":"XJMwYIWSmOO","name":"Iyolwa HC III","type":"Point"}},{"type":"Feature","geometry":{"type":"Point","coordinates":[31.729844,3.273496]},"properties":{"id":"xjvcw4ygnRy","name":"Obilokongo HC II","type":"Point"}},{"type":"Feature","geometry":{"type":"Point","coordinates":[31.72565,0.37224]},"properties":{"id":"xJYEThISKXQ","name":"Kyasansuwa HC II","type":"Point"}},{"type":"Feature","geometry":{"type":"Point","coordinates":[30.65062,-1.04048]},"properties":{"id":"xK1lURyBlFC","name":"Kikagate HC III","type":"Point"}},{"type":"Feature","geometry":{"type":"Point","coordinates":[29.703012,-1.310918]},"properties":{"id":"xK1NgGOVu2D","name":"Gasovu HC II","type":"Point"}},{"type":"Feature","geometry":{"type":"Point","coordinates":[33.33132,0.44534]},"properties":{"id":"XK9RFXZJrFx","name":"Busuyi HC II","type":"Point"}},{"type":"Feature","geometry":{"type":"Point","coordinates":[32.89602,0.72448]},"properties":{"id":"xKKIcgLVH9x","name":"Ntenjeru HC III","type":"Point"}},{"type":"Feature","geometry":{"type":"Point","coordinates":[32.214123,1.606529]},"properties":{"id":"Xks9aASahbX","name":"Njeru HC II","type":"Point"}},{"type":"Feature","geometry":{"type":"Point","coordinates":[31.8961,0.83224]},"properties":{"id":"XKZZLEtQDeC","name":"Ndibula Maternity Home HC II","type":"Point"}},{"type":"Feature","geometry":{"type":"Point","coordinates":[34.033824,0.415303]},"properties":{"id":"XLCbIsJWmxG","name":"Masafu Hospital","type":"Point"}},{"type":"Feature","geometry":{"type":"Point","coordinates":[32.56815,0.26008]},"properties":{"id":"xLwJJhiMkkX","name":"Lufuka Valley HC III","type":"Point"}},{"type":"Feature","geometry":{"type":"Point","coordinates":[31.05375,0.48415]},"properties":{"id":"xLXQrhFHr7A","name":"Kyegegwa HC IV","type":"Point"}},{"type":"Feature","geometry":{"type":"Point","coordinates":[32.96746,2.23549]},"properties":{"id":"XLZVJib9KN7","name":"Akia St. Francis HC II","type":"Point"}},{"type":"Feature","geometry":{"type":"Point","coordinates":[34.0327,0.95557]},"properties":{"id":"Xm71SWWTqfb","name":"Kabasa Memorial Hospital","type":"Point"}},{"type":"Feature","geometry":{"type":"Point","coordinates":[33.433924,0.930832]},"properties":{"id":"Xm8N4qPmhQh","name":"Nabikooli HC II","type":"Point"}},{"type":"Feature","geometry":{"type":"Point","coordinates":[32.6778,0.45622]},"properties":{"id":"xMuZM28h4kB","name":"Nyanja (Mukono) HC II","type":"Point"}},{"type":"Feature","geometry":{"type":"Point","coordinates":[33.61209,1.72382]},"properties":{"id":"xn5R1XsfrWg","name":"Soroti Main Prisons HC III","type":"Point"}},{"type":"Feature","geometry":{"type":"Point","coordinates":[31.95407,2.59699]},"properties":{"id":"XNgY6vmosgX","name":"St. Andrew HC II","type":"Point"}},{"type":"Feature","geometry":{"type":"Point","coordinates":[33.50267,1.46379]},"properties":{"id":"XNLtmr7pmjB","name":"Kateta Moru HC II","type":"Point"}},{"type":"Feature","geometry":{"type":"Point","coordinates":[30.32386,-0.09197]},"properties":{"id":"xNphiHRcbCC","name":"Kakasi HC II","type":"Point"}},{"type":"Feature","geometry":{"type":"Point","coordinates":[32.22003,2.16412]},"properties":{"id":"xO0dHAa2wFK","name":"Diima HC III","type":"Point"}},{"type":"Feature","geometry":{"type":"Point","coordinates":[30.5698,-0.32395]},"properties":{"id":"Xo9fgk0Rvg6","name":"St. Joseph Rubindi HC II","type":"Point"}},{"type":"Feature","geometry":{"type":"Point","coordinates":[30.157125,0.229354]},"properties":{"id":"XOOHZdLmPvN","name":"Karusandara HC III","type":"Point"}},{"type":"Feature","geometry":{"type":"Point","coordinates":[31.66765,-0.93048]},"properties":{"id":"xP2J8wszUrR","name":"Kyebe HC III","type":"Point"}},{"type":"Feature","geometry":{"type":"Point","coordinates":[30.04422,0.66763]},"properties":{"id":"xpfoySoqqeO","name":"Busaru HC IV","type":"Point"}},{"type":"Feature","geometry":{"type":"Point","coordinates":[34.112426,0.754999]},"properties":{"id":"xpNeIK4ewLA","name":"Morikiswa HC II","type":"Point"}},{"type":"Feature","geometry":{"type":"Point","coordinates":[32.30221,2.80324]},"properties":{"id":"XpSHs0t1rtF","name":"St. Mauritz HC II","type":"Point"}},{"type":"Feature","geometry":{"type":"Point","coordinates":[32.21604,0.30703]},"properties":{"id":"Xq3SLAKfO5G","name":"Kanyanya HC II","type":"Point"}},{"type":"Feature","geometry":{"type":"Point","coordinates":[30.55989,-0.27251]},"properties":{"id":"XQCqKzjyAZg","name":"Kagongi HC III","type":"Point"}},{"type":"Feature","geometry":{"type":"Point","coordinates":[32.913257,1.725994]},"properties":{"id":"XQqrn8K8jyL","name":"Aputi HC III","type":"Point"}},{"type":"Feature","geometry":{"type":"Point","coordinates":[34.20955,0.78618]},"properties":{"id":"XqrJXRzDCYn","name":"Kamuli HC II","type":"Point"}},{"type":"Feature","geometry":{"type":"Point","coordinates":[33.16825,0.38947]},"properties":{"id":"XQwQJoJ40dG","name":"Canan HC II","type":"Point"}},{"type":"Feature","geometry":{"type":"Point","coordinates":[31.9623,1.89645]},"properties":{"id":"XrlL0on7bQ1","name":"Mpumwe HC II","type":"Point"}},{"type":"Feature","geometry":{"type":"Point","coordinates":[30.53236,0.65242]},"properties":{"id":"XRMXI2fhgoK","name":"Butiiti HC III","type":"Point"}},{"type":"Feature","geometry":{"type":"Point","coordinates":[33.918499,1.201598]},"properties":{"id":"xRyghoPrl27","name":"Butebo HC IV","type":"Point"}},{"type":"Feature","geometry":{"type":"Point","coordinates":[31.26661,-0.92514]},"properties":{"id":"XsBFKStcpG8","name":"Magabi HC II","type":"Point"}},{"type":"Feature","geometry":{"type":"Point","coordinates":[31.9052,0.17013]},"properties":{"id":"XsLMulDu2aw","name":"Kanoni HC III","type":"Point"}},{"type":"Feature","geometry":{"type":"Point","coordinates":[33.78521,0.42865]},"properties":{"id":"XtoI9233bvR","name":"St. Luke Muterere HC II","type":"Point"}},{"type":"Feature","geometry":{"type":"Point","coordinates":[30.42818,0.00787]},"properties":{"id":"xTTc0XQndvv","name":"Birongo HC II","type":"Point"}},{"type":"Feature","geometry":{"type":"Point","coordinates":[32.114144,0.184416]},"properties":{"id":"xuCJ8NBomxP","name":"Gombe (Butambala) Hospital","type":"Point"}},{"type":"Feature","geometry":{"type":"Point","coordinates":[31.86749,-0.15822]},"properties":{"id":"xUMPzABgfLc","name":"Tender Hands Nursing Home HC II","type":"Point"}},{"type":"Feature","geometry":{"type":"Point","coordinates":[30.455,0.18978]},"properties":{"id":"XuummkDfiEK","name":"Padre Pio HC III","type":"Point"}},{"type":"Feature","geometry":{"type":"Point","coordinates":[31.62189,-0.53607]},"properties":{"id":"XuXmwfkm9VP","name":"Kalisizo-Muslim HC II","type":"Point"}},{"type":"Feature","geometry":{"type":"Point","coordinates":[29.63823,-0.87347]},"properties":{"id":"xVcciOrRKKB","name":"Ntungamo HC II","type":"Point"}},{"type":"Feature","geometry":{"type":"Point","coordinates":[30.712329,0.54905]},"properties":{"id":"Xvlhtzq0LcX","name":"Kisojo HC III","type":"Point"}},{"type":"Feature","geometry":{"type":"Point","coordinates":[31.63804,1.01296]},"properties":{"id":"XVlKPQYqqfK","name":"Nakitembe HC II","type":"Point"}},{"type":"Feature","geometry":{"type":"Point","coordinates":[34.332262,1.00907]},"properties":{"id":"xVmiaKB3dHI","name":"Bududa Hospital","type":"Point"}},{"type":"Feature","geometry":{"type":"Point","coordinates":[33.17831,0.77074]},"properties":{"id":"XvNvwaRITIS","name":"Nawandyo HC II","type":"Point"}},{"type":"Feature","geometry":{"type":"Point","coordinates":[33.57965,0.12475]},"properties":{"id":"xvsvbPNHC2I","name":"Jagusi HC III","type":"Point"}},{"type":"Feature","geometry":{"type":"Point","coordinates":[31.99935,0.19701]},"properties":{"id":"Xvt0nRCNyrC","name":"Ngomanene HC II","type":"Point"}},{"type":"Feature","geometry":{"type":"Point","coordinates":[29.74056,0.04564]},"properties":{"id":"XVWLWELsXtq","name":"Kamasasa HC II","type":"Point"}},{"type":"Feature","geometry":{"type":"Point","coordinates":[32.616252,0.533074]},"properties":{"id":"XvZPDBgzWFf","name":"Namulonge HC III","type":"Point"}},{"type":"Feature","geometry":{"type":"Point","coordinates":[33.88974,1.32719]},"properties":{"id":"xWhC0f1NxE0","name":"Mukongoro COU HC II","type":"Point"}},{"type":"Feature","geometry":{"type":"Point","coordinates":[31.24744,-0.8864]},"properties":{"id":"XwhywEC2nrF","name":"Lwensinga HC II","type":"Point"}},{"type":"Feature","geometry":{"type":"Point","coordinates":[30.83377,-0.83874]},"properties":{"id":"XWqf7PB1OaR","name":"Rwekubo HC IV","type":"Point"}},{"type":"Feature","geometry":{"type":"Point","coordinates":[32.31341,0.43218]},"properties":{"id":"xWyOAKbJQ1q","name":"Magoggo HC II","type":"Point"}},{"type":"Feature","geometry":{"type":"Point","coordinates":[31.37445,-0.32188]},"properties":{"id":"Xwz20DIVLGU","name":"Sembabule Kabaale HC II","type":"Point"}},{"type":"Feature","geometry":{"type":"Point","coordinates":[32.13372,0.38434]},"properties":{"id":"xXRerG4NkOA","name":"Ttanda HC II","type":"Point"}},{"type":"Feature","geometry":{"type":"Point","coordinates":[32.32427,2.62251]},"properties":{"id":"xxukfjPreUj","name":"Palenga HC II","type":"Point"}},{"type":"Feature","geometry":{"type":"Point","coordinates":[32.95149,1.00754]},"properties":{"id":"xXyZHTAldd9","name":"Namasagali HC III","type":"Point"}},{"type":"Feature","geometry":{"type":"Point","coordinates":[31.19591,2.30068]},"properties":{"id":"xYbII9uvF5o","name":"Parombo HC III","type":"Point"}},{"type":"Feature","geometry":{"type":"Point","coordinates":[30.51317,-0.97332]},"properties":{"id":"xyMEttW1Wl5","name":"Karama HC II","type":"Point"}},{"type":"Feature","geometry":{"type":"Point","coordinates":[34.05533,1.18041]},"properties":{"id":"xz1FbbXXtew","name":"Kakoro HC III","type":"Point"}},{"type":"Feature","geometry":{"type":"Point","coordinates":[30.73096,-0.58969]},"properties":{"id":"xZaee0TTbQo","name":"Rwemigyina HC II","type":"Point"}},{"type":"Feature","geometry":{"type":"Point","coordinates":[30.58883,0.13726]},"properties":{"id":"xzB84Cpdcuk","name":"Nyamarebe HC III","type":"Point"}},{"type":"Feature","geometry":{"type":"Point","coordinates":[32.83161,1.9996]},"properties":{"id":"xzRSc5XHzys","name":"Abongomola HC III","type":"Point"}},{"type":"Feature","geometry":{"type":"Point","coordinates":[34.24976,1.18866]},"properties":{"id":"Y0A3UgeXcko","name":"Buyaya HC II","type":"Point"}},{"type":"Feature","geometry":{"type":"Point","coordinates":[31.76407,0.50713]},"properties":{"id":"y0jyxLYHviR","name":"Namabaale HC II","type":"Point"}},{"type":"Feature","geometry":{"type":"Point","coordinates":[31.7112,3.35613]},"properties":{"id":"Y0XE9vH5Oeg","name":"Ciforo HC III","type":"Point"}},{"type":"Feature","geometry":{"type":"Point","coordinates":[32.01145,2.95463]},"properties":{"id":"Y1aTreUsUZn","name":"Otici HC II","type":"Point"}},{"type":"Feature","geometry":{"type":"Point","coordinates":[30.12286,-1.11574]},"properties":{"id":"y1S7Kh163t9","name":"Mother Francisca Lechner HC IV","type":"Point"}},{"type":"Feature","geometry":{"type":"Point","coordinates":[31.804,-0.36081]},"properties":{"id":"Y2g4sD1OGIa","name":"Mazinga HC II","type":"Point"}},{"type":"Feature","geometry":{"type":"Point","coordinates":[30.25677,0.68969]},"properties":{"id":"Y3hpndpv6cR","name":"Muhooti Barraccks HC III","type":"Point"}},{"type":"Feature","geometry":{"type":"Point","coordinates":[32.57053,0.3279]},"properties":{"id":"Y3K5vv9cdJ7","name":"Makerere University Hospital","type":"Point"}},{"type":"Feature","geometry":{"type":"Point","coordinates":[30.21289,0.61154]},"properties":{"id":"Y3QzK6JqIXg","name":"Mugusu HC III","type":"Point"}},{"type":"Feature","geometry":{"type":"Point","coordinates":[29.72094,-0.70237]},"properties":{"id":"Y4ol7ROPMxQ","name":"Bushere HC II","type":"Point"}},{"type":"Feature","geometry":{"type":"Point","coordinates":[31.53763,0.80855]},"properties":{"id":"Y5ighgzxrUT","name":"Madudu HC III","type":"Point"}},{"type":"Feature","geometry":{"type":"Point","coordinates":[31.95301,2.59599]},"properties":{"id":"Y6HWuEiOwo8","name":"St. Francis HC II","type":"Point"}},{"type":"Feature","geometry":{"type":"Point","coordinates":[32.98835,0.65007]},"properties":{"id":"Y7AAzZu1IrM","name":"Nazigo HC III","type":"Point"}},{"type":"Feature","geometry":{"type":"Point","coordinates":[31.15545,-0.40897]},"properties":{"id":"Y7dBwHO0Oti","name":"Life For All Doctor's Clinic","type":"Point"}},{"type":"Feature","geometry":{"type":"Point","coordinates":[30.16798,-1.17023]},"properties":{"id":"Y7E0R7jy1qx","name":"Rwenyangye HC II","type":"Point"}},{"type":"Feature","geometry":{"type":"Point","coordinates":[30.72837,1.16026]},"properties":{"id":"Y7XKVrGNA6d","name":"Rwenyawawa HC III","type":"Point"}},{"type":"Feature","geometry":{"type":"Point","coordinates":[33.43579,3.02789]},"properties":{"id":"y8q1syPdfdK","name":"Kalongo Ambrosoli Memorial Hospital","type":"Point"}},{"type":"Feature","geometry":{"type":"Point","coordinates":[30.00588,-1.30007]},"properties":{"id":"Y8reI7wcdZP","name":"Kabindi HC II","type":"Point"}},{"type":"Feature","geometry":{"type":"Point","coordinates":[32.60648,0.69568]},"properties":{"id":"Y8UhpQhdeP2","name":"Bamunanika HC III","type":"Point"}},{"type":"Feature","geometry":{"type":"Point","coordinates":[31.68988,-0.94647]},"properties":{"id":"YA2OODV9i5K","name":"Nazareth Dispensary & Mu HC II","type":"Point"}},{"type":"Feature","geometry":{"type":"Point","coordinates":[32.07175,1.96372]},"properties":{"id":"Ya7rTeUc2Dy","name":"Diika HC II","type":"Point"}},{"type":"Feature","geometry":{"type":"Point","coordinates":[32.47207,0.0641]},"properties":{"id":"yApOnywci25","name":"Entebbe National Referral Hospital","type":"Point"}},{"type":"Feature","geometry":{"type":"Point","coordinates":[31.58348,0.48658]},"properties":{"id":"YaUCgS8WMMW","name":"Kalonga HC III","type":"Point"}},{"type":"Feature","geometry":{"type":"Point","coordinates":[34.10747,0.78054]},"properties":{"id":"ybSnsdFkWFK","name":"Petta HC III","type":"Point"}},{"type":"Feature","geometry":{"type":"Point","coordinates":[33.898946,0.576291]},"properties":{"id":"YbtIUFv6PHM","name":"Buluguyi HC III","type":"Point"}},{"type":"Feature","geometry":{"type":"Point","coordinates":[33.29922,0.95762]},"properties":{"id":"YCfOSdtGoec","name":"Kinu HC II","type":"Point"}},{"type":"Feature","geometry":{"type":"Point","coordinates":[31.30278,2.26644]},"properties":{"id":"YcMgrtcbVpk","name":"Panyimur HC III","type":"Point"}},{"type":"Feature","geometry":{"type":"Point","coordinates":[34.11501,0.70923]},"properties":{"id":"YdMEHzviTQC","name":"Magola HC II","type":"Point"}},{"type":"Feature","geometry":{"type":"Point","coordinates":[33.22367,2.14555]},"properties":{"id":"yDPmjwoOIxi","name":"Abako HC III","type":"Point"}},{"type":"Feature","geometry":{"type":"Point","coordinates":[34.00132,0.9031]},"properties":{"id":"YEgOR0cGGnF","name":"Nakwasi HC III","type":"Point"}},{"type":"Feature","geometry":{"type":"Point","coordinates":[32.63609,2.72286]},"properties":{"id":"yEukLFOEQ1X","name":"Dino HC II","type":"Point"}},{"type":"Feature","geometry":{"type":"Point","coordinates":[33.14505,0.28044]},"properties":{"id":"yfEXqa4COUS","name":"Kingdom Life Health Center Clinic","type":"Point"}},{"type":"Feature","geometry":{"type":"Point","coordinates":[33.87481,0.77164]},"properties":{"id":"YFyMK0BnLsG","name":"Busabi HC III","type":"Point"}},{"type":"Feature","geometry":{"type":"Point","coordinates":[33.71665,0.9324]},"properties":{"id":"yG1BLkelXXL","name":"Irimbi HC II","type":"Point"}},{"type":"Feature","geometry":{"type":"Point","coordinates":[31.91048,3.6139]},"properties":{"id":"yGBkMoiQXWX","name":"Panyanga HC II","type":"Point"}},{"type":"Feature","geometry":{"type":"Point","coordinates":[33.678343,0.454007]},"properties":{"id":"ygGN15RPkJR","name":"Nankoma HC IV","type":"Point"}},{"type":"Feature","geometry":{"type":"Point","coordinates":[29.832009,0.00265]},"properties":{"id":"YGIoDeKaKA5","name":"Kinyamaseke HC III","type":"Point"}},{"type":"Feature","geometry":{"type":"Point","coordinates":[32.6379,2.96914]},"properties":{"id":"ygTUi4HvPHJ","name":"Angagura HC III","type":"Point"}},{"type":"Feature","geometry":{"type":"Point","coordinates":[32.595073,0.313056]},"properties":{"id":"Ygv5366dTvl","name":"Kibuli Hospital","type":"Point"}},{"type":"Feature","geometry":{"type":"Point","coordinates":[29.926136,-0.849626]},"properties":{"id":"yHKSwGqmyt8","name":"Buhandagazi HC II","type":"Point"}},{"type":"Feature","geometry":{"type":"Point","coordinates":[32.8508,1.94593]},"properties":{"id":"YhPJwSvxDcC","name":"Abedober HC III","type":"Point"}},{"type":"Feature","geometry":{"type":"Point","coordinates":[29.9923,-1.273377]},"properties":{"id":"YHyfR8qUYnj","name":"Mwanjari HC II","type":"Point"}},{"type":"Feature","geometry":{"type":"Point","coordinates":[34.271058,1.01908]},"properties":{"id":"YiiEgLjAdyx","name":"Buwangwa HC III","type":"Point"}},{"type":"Feature","geometry":{"type":"Point","coordinates":[29.64375,-1.31252]},"properties":{"id":"YItBJnkJB9J","name":"Muramba HC III","type":"Point"}},{"type":"Feature","geometry":{"type":"Point","coordinates":[33.81905,0.99944]},"properties":{"id":"YIxPa3eWbPq","name":"Kirika HC III","type":"Point"}},{"type":"Feature","geometry":{"type":"Point","coordinates":[33.762546,0.479447]},"properties":{"id":"yj1g0uy0fXZ","name":"Kayogera HC II","type":"Point"}},{"type":"Feature","geometry":{"type":"Point","coordinates":[34.27439,2.5666]},"properties":{"id":"YjHuDt86ndQ","name":"Lopeei HC III","type":"Point"}},{"type":"Feature","geometry":{"type":"Point","coordinates":[33.68956,0.54843]},"properties":{"id":"yJNtR9S3CZZ","name":"Bugiri Buwunga HC III","type":"Point"}},{"type":"Feature","geometry":{"type":"Point","coordinates":[33.77463,2.27848]},"properties":{"id":"YJz6q902UGT","name":"Kapelebyong HC IV","type":"Point"}},{"type":"Feature","geometry":{"type":"Point","coordinates":[33.18819,2.46657]},"properties":{"id":"YkLkGLk2Xxz","name":"Alango HC II","type":"Point"}},{"type":"Feature","geometry":{"type":"Point","coordinates":[33.898407,1.129561]},"properties":{"id":"YkSJ96XhKro","name":"Bulangira HC III","type":"Point"}},{"type":"Feature","geometry":{"type":"Point","coordinates":[33.07598,0.59957]},"properties":{"id":"YKum2vHCUAD","name":"Bubugo HC II","type":"Point"}},{"type":"Feature","geometry":{"type":"Point","coordinates":[34.10257,0.80713]},"properties":{"id":"YLg5BBIwngW","name":"Mbula HC II","type":"Point"}},{"type":"Feature","geometry":{"type":"Point","coordinates":[32.22689,2.7586]},"properties":{"id":"YLwAhOTWHrQ","name":"Alokolum HC II","type":"Point"}},{"type":"Feature","geometry":{"type":"Point","coordinates":[32.936462,0.366407]},"properties":{"id":"yM6f1QC8fPA","name":"Lugazi II HC II","type":"Point"}},{"type":"Feature","geometry":{"type":"Point","coordinates":[31.147644,3.681698]},"properties":{"id":"yMnNUBDNr21","name":"Kei HC III","type":"Point"}},{"type":"Feature","geometry":{"type":"Point","coordinates":[32.82044,3.07246]},"properties":{"id":"ynatvEoBz7A","name":"Laguti HC III","type":"Point"}},{"type":"Feature","geometry":{"type":"Point","coordinates":[33.32238,0.86692]},"properties":{"id":"YNfuySwUSwY","name":"Bulalu HC II","type":"Point"}},{"type":"Feature","geometry":{"type":"Point","coordinates":[30.60316,0.48357]},"properties":{"id":"YNwbgYdigm5","name":"Kigaraale HC III","type":"Point"}},{"type":"Feature","geometry":{"type":"Point","coordinates":[29.921697,-0.78703]},"properties":{"id":"yNzhd0wG9MO","name":"TASO Rukungiri Special Clinic","type":"Point"}},{"type":"Feature","geometry":{"type":"Point","coordinates":[30.67078,0.09973]},"properties":{"id":"yOdTvdj9LEM","name":"Kiruhura Bigusyo HC II","type":"Point"}},{"type":"Feature","geometry":{"type":"Point","coordinates":[33.93001,0.2498]},"properties":{"id":"YofAXKzjiUD","name":"Musichimi HC II","type":"Point"}},{"type":"Feature","geometry":{"type":"Point","coordinates":[29.74732,-1.24296]},"properties":{"id":"YONDrE3sJZW","name":"Mburabuturo HC II","type":"Point"}},{"type":"Feature","geometry":{"type":"Point","coordinates":[32.22749,-0.44357]},"properties":{"id":"yOzYKPK76Bq","name":"Bwendero HC III","type":"Point"}},{"type":"Feature","geometry":{"type":"Point","coordinates":[30.25646,-0.63541]},"properties":{"id":"yP6WiIyFAj7","name":"Hope Medical Centre HC III","type":"Point"}},{"type":"Feature","geometry":{"type":"Point","coordinates":[29.92229,-0.59772]},"properties":{"id":"YpdpeBdi63s","name":"Kigyende HC II","type":"Point"}},{"type":"Feature","geometry":{"type":"Point","coordinates":[31.057905,-0.076478]},"properties":{"id":"ypTdjdfOiN7","name":"Kiruhura Kinoni HC III","type":"Point"}},{"type":"Feature","geometry":{"type":"Point","coordinates":[31.721193,1.684011]},"properties":{"id":"Yq0319u2XE5","name":"Wanaichi Medical Centre HC II","type":"Point"}},{"type":"Feature","geometry":{"type":"Point","coordinates":[29.83197,-0.71321]},"properties":{"id":"YqEHprBuGhN","name":"Kyaburere HC II","type":"Point"}},{"type":"Feature","geometry":{"type":"Point","coordinates":[29.92747,-0.79287]},"properties":{"id":"YQHYY7tXAcO","name":"North Kigezi HC IV","type":"Point"}},{"type":"Feature","geometry":{"type":"Point","coordinates":[34.087808,0.473649]},"properties":{"id":"Yr843NBuL9D","name":"Busia HC IV","type":"Point"}},{"type":"Feature","geometry":{"type":"Point","coordinates":[32.71184,1.99291]},"properties":{"id":"YrbvkUaWpi1","name":"Aduku Mission HC II","type":"Point"}},{"type":"Feature","geometry":{"type":"Point","coordinates":[30.39387,0.0125]},"properties":{"id":"YRDyruTW7wl","name":"Kijongo HC II","type":"Point"}},{"type":"Feature","geometry":{"type":"Point","coordinates":[31.58473,-0.69919]},"properties":{"id":"yRMOMjU7HsA","name":"Ndolo HC II","type":"Point"}},{"type":"Feature","geometry":{"type":"Point","coordinates":[33.62766,1.71331]},"properties":{"id":"YS1I62rL00h","name":"Eastern Division HC III","type":"Point"}},{"type":"Feature","geometry":{"type":"Point","coordinates":[31.35737,0.60391]},"properties":{"id":"ysJmTEFHRJz","name":"Lwemikomago HC III","type":"Point"}},{"type":"Feature","geometry":{"type":"Point","coordinates":[30.24473,-0.73261]},"properties":{"id":"yt21GYHGs9Z","name":"Nyakashoga HC II","type":"Point"}},{"type":"Feature","geometry":{"type":"Point","coordinates":[32.4356,0.73524]},"properties":{"id":"YTCehe1KMvF","name":"Bidabuja HC III","type":"Point"}},{"type":"Feature","geometry":{"type":"Point","coordinates":[30.321532,-0.570944]},"properties":{"id":"yTiZaVCinTc","name":"Kabwohe HC IV","type":"Point"}},{"type":"Feature","geometry":{"type":"Point","coordinates":[31.81995,3.36518]},"properties":{"id":"ytpNGyNQyIv","name":"Maryland Kocoa HC III","type":"Point"}},{"type":"Feature","geometry":{"type":"Point","coordinates":[32.598669,0.231336]},"properties":{"id":"ytsBUQOxou7","name":"Kibiri HC II","type":"Point"}},{"type":"Feature","geometry":{"type":"Point","coordinates":[34.27439,2.5666]},"properties":{"id":"yTVIFlAzVwb","name":"Apeitolim HC II","type":"Point"}},{"type":"Feature","geometry":{"type":"Point","coordinates":[29.842946,-1.163756]},"properties":{"id":"YTxnLBZCFwA","name":"Muko HC IV","type":"Point"}},{"type":"Feature","geometry":{"type":"Point","coordinates":[31.75196,0.91461]},"properties":{"id":"YuEmzNR0L9A","name":"Bamusuuta HC II","type":"Point"}},{"type":"Feature","geometry":{"type":"Point","coordinates":[30.08573,-1.1766]},"properties":{"id":"YuUpqfwLsis","name":"Ibugwe HC II","type":"Point"}},{"type":"Feature","geometry":{"type":"Point","coordinates":[30.045845,-0.973296]},"properties":{"id":"YUxhiO9JI6k","name":"Burora (Nyarushanje ) HC II","type":"Point"}},{"type":"Feature","geometry":{"type":"Point","coordinates":[33.6485,2.16567]},"properties":{"id":"yV1l7X3U9ZG","name":"Alere (Amuria) HC II","type":"Point"}},{"type":"Feature","geometry":{"type":"Point","coordinates":[33.63658,0.51984]},"properties":{"id":"yV5BS4wr7Q1","name":"Kavule (Bugiri) HC II","type":"Point"}},{"type":"Feature","geometry":{"type":"Point","coordinates":[30.85187,0.05542]},"properties":{"id":"YVFR8N62ego","name":"Rwemikoma HC III","type":"Point"}},{"type":"Feature","geometry":{"type":"Point","coordinates":[32.19505,0.23577]},"properties":{"id":"yVfysxEDePw","name":"Kawonawo Domiciary Clinic - Kibibi HC II","type":"Point"}},{"type":"Feature","geometry":{"type":"Point","coordinates":[34.15734,2.94318]},"properties":{"id":"yVTRbVMt2h7","name":"Rikitae HC II","type":"Point"}},{"type":"Feature","geometry":{"type":"Point","coordinates":[31.85892,0.86493]},"properties":{"id":"yw4DRWUv1oK","name":"Kyekumbya HC II","type":"Point"}},{"type":"Feature","geometry":{"type":"Point","coordinates":[31.4433,-0.74269]},"properties":{"id":"ywGuvJAdxxV","name":"Michungiro HC II","type":"Point"}},{"type":"Feature","geometry":{"type":"Point","coordinates":[30.44342,0.67281]},"properties":{"id":"yWHTUO9adBP","name":"Kagorogoro Dispensary HC II","type":"Point"}},{"type":"Feature","geometry":{"type":"Point","coordinates":[31.98482,3.55195]},"properties":{"id":"yWr81raAy6g","name":"Ogolo HC II","type":"Point"}},{"type":"Feature","geometry":{"type":"Point","coordinates":[34.046081,0.347169]},"properties":{"id":"YWRtcUXBxrt","name":"Buhehe HC III","type":"Point"}},{"type":"Feature","geometry":{"type":"Point","coordinates":[32.31488,0.33737]},"properties":{"id":"YxeL7JN6HKe","name":"Muduuma HC III","type":"Point"}},{"type":"Feature","geometry":{"type":"Point","coordinates":[31.83074,-0.24434]},"properties":{"id":"YXN5KHNVc5J","name":"Well Spring HC III","type":"Point"}},{"type":"Feature","geometry":{"type":"Point","coordinates":[30.154031,-1.218568]},"properties":{"id":"Yy2ZLOpEx2S","name":"Kamwezi HC IV","type":"Point"}},{"type":"Feature","geometry":{"type":"Point","coordinates":[29.90888,-0.66159]},"properties":{"id":"yyNktXIIvgn","name":"Rwenshama (GOVT) HC III","type":"Point"}},{"type":"Feature","geometry":{"type":"Point","coordinates":[32.8926,1.39956]},"properties":{"id":"YYtjEbgJadL","name":"Buyanja SDA HC II","type":"Point"}},{"type":"Feature","geometry":{"type":"Point","coordinates":[34.27368,1.14055]},"properties":{"id":"yyYPcgZm4xP","name":"Buwasa HC IV","type":"Point"}},{"type":"Feature","geometry":{"type":"Point","coordinates":[32.611125,0.331866]},"properties":{"id":"yzDV7m9w1Qn","name":"Kika Medical Centre HC II","type":"Point"}},{"type":"Feature","geometry":{"type":"Point","coordinates":[32.81643,1.34951]},"properties":{"id":"yZIc8DX7kUx","name":"Galiraya HC III","type":"Point"}},{"type":"Feature","geometry":{"type":"Point","coordinates":[32.548866,0.229957]},"properties":{"id":"yznQYcViuVu","name":"Mildmay Uganda Hospital","type":"Point"}},{"type":"Feature","geometry":{"type":"Point","coordinates":[33.57547,1.9823]},"properties":{"id":"yZP0DwhrfR8","name":"Abia HC II (Kuju Subcounty)","type":"Point"}},{"type":"Feature","geometry":{"type":"Point","coordinates":[30.3039,0.52468]},"properties":{"id":"YzWi4kmieZt","name":"Ruteete HC III","type":"Point"}},{"type":"Feature","geometry":{"type":"Point","coordinates":[32.58937,2.39554]},"properties":{"id":"z035qUkEmvF","name":"Akwangi HC II","type":"Point"}},{"type":"Feature","geometry":{"type":"Point","coordinates":[32.40077,2.97058]},"properties":{"id":"Z1dfGmIoSeF","name":"Awach HC IV","type":"Point"}},{"type":"Feature","geometry":{"type":"Point","coordinates":[33.50868,0.74959]},"properties":{"id":"z1sgA9QIceC","name":"Nasuti HC II","type":"Point"}},{"type":"Feature","geometry":{"type":"Point","coordinates":[32.37771,2.09911]},"properties":{"id":"z2gOui585Sl","name":"Adyegi HC II","type":"Point"}},{"type":"Feature","geometry":{"type":"Point","coordinates":[32.88092,3.29792]},"properties":{"id":"z2LfysbyF9U","name":"Kitgum Hospital","type":"Point"}},{"type":"Feature","geometry":{"type":"Point","coordinates":[32.41096,0.64154]},"properties":{"id":"Z2Mr0fdyDaz","name":"Kasozi HC III","type":"Point"}},{"type":"Feature","geometry":{"type":"Point","coordinates":[33.14553,0.79333]},"properties":{"id":"Z2X4PeBAA5G","name":"Kasambira HC II","type":"Point"}},{"type":"Feature","geometry":{"type":"Point","coordinates":[33.93031,0.98664]},"properties":{"id":"z2Ye13P7ajL","name":"Lyama HC III","type":"Point"}},{"type":"Feature","geometry":{"type":"Point","coordinates":[30.19167,0.48571]},"properties":{"id":"z3ldDiQ4JHT","name":"Yerya HC III","type":"Point"}},{"type":"Feature","geometry":{"type":"Point","coordinates":[33.08724,3.60708]},"properties":{"id":"Z3lDSWMFUyS","name":"Madi-Opei HC IV","type":"Point"}},{"type":"Feature","geometry":{"type":"Point","coordinates":[34.89792,2.21069]},"properties":{"id":"Z3lPWheXHAH","name":"Loroo HC III","type":"Point"}},{"type":"Feature","geometry":{"type":"Point","coordinates":[32.53495,0.43534]},"properties":{"id":"z3oqgznxuph","name":"Saidina Abubakar Islamic Hospital","type":"Point"}},{"type":"Feature","geometry":{"type":"Point","coordinates":[33.12194,2.51867]},"properties":{"id":"Z3WlLWhRcDR","name":"Barocok HC II","type":"Point"}},{"type":"Feature","geometry":{"type":"Point","coordinates":[34.14714,0.66722]},"properties":{"id":"z5H8YZiBOtr","name":"Osukuru HC III","type":"Point"}},{"type":"Feature","geometry":{"type":"Point","coordinates":[32.03551,1.80142]},"properties":{"id":"z5qcLcjLZYt","name":"Kiigya HC II","type":"Point"}},{"type":"Feature","geometry":{"type":"Point","coordinates":[29.6081,-1.07048]},"properties":{"id":"z62IqCHW3MC","name":"Nteko HC III","type":"Point"}},{"type":"Feature","geometry":{"type":"Point","coordinates":[29.98152,-1.23584]},"properties":{"id":"Z6BzVrxa9xd","name":"Rugarama Hospital","type":"Point"}},{"type":"Feature","geometry":{"type":"Point","coordinates":[30.18413,-1.258]},"properties":{"id":"Z75FXqkhIGF","name":"Kamwezi Kashekye HC II","type":"Point"}},{"type":"Feature","geometry":{"type":"Point","coordinates":[33.94461,0.49976]},"properties":{"id":"z7JiDpfSLHL","name":"Namasyolo HC II","type":"Point"}},{"type":"Feature","geometry":{"type":"Point","coordinates":[34.23815,1.39606]},"properties":{"id":"Z7Y1y5YIxQd","name":"Tajar HC II","type":"Point"}},{"type":"Feature","geometry":{"type":"Point","coordinates":[31.35047,1.43456]},"properties":{"id":"Z89GR8j6LFL","name":"Kabalega Medical Centre HC III","type":"Point"}},{"type":"Feature","geometry":{"type":"Point","coordinates":[34.44262,1.50089]},"properties":{"id":"z8ztvhCaf1r","name":"Atari HC II","type":"Point"}},{"type":"Feature","geometry":{"type":"Point","coordinates":[34.45817,1.40612]},"properties":{"id":"Z9dLZO7dCS2","name":"Kokwomurya HC II","type":"Point"}},{"type":"Feature","geometry":{"type":"Point","coordinates":[33.69039,0.77301]},"properties":{"id":"z9om4HbUuYl","name":"Nakyere HC II","type":"Point"}},{"type":"Feature","geometry":{"type":"Point","coordinates":[32.61274,0.24828]},"properties":{"id":"ZacOVDmJYGC","name":"Kiruddu NRH - Level 5","type":"Point"}},{"type":"Feature","geometry":{"type":"Point","coordinates":[30.33746,0.63006]},"properties":{"id":"ZAhGP8KMuzQ","name":"Buzirasagama HC II","type":"Point"}},{"type":"Feature","geometry":{"type":"Point","coordinates":[29.76723,-1.26016]},"properties":{"id":"zAPmrjVeufo","name":"Kagano HC III","type":"Point"}},{"type":"Feature","geometry":{"type":"Point","coordinates":[33.37224,0.55795]},"properties":{"id":"ZApo7f6AObR","name":"Namusenwa HC II","type":"Point"}},{"type":"Feature","geometry":{"type":"Point","coordinates":[32.41412,2.53483]},"properties":{"id":"zardxfXWmkO","name":"Awoo HC II","type":"Point"}},{"type":"Feature","geometry":{"type":"Point","coordinates":[32.82635,0.66914]},"properties":{"id":"zbDMSGLsc1J","name":"Kasawo HC III","type":"Point"}},{"type":"Feature","geometry":{"type":"Point","coordinates":[32.8807,3.29802]},"properties":{"id":"zC42y3uy5hp","name":"Pandwong HC III","type":"Point"}},{"type":"Feature","geometry":{"type":"Point","coordinates":[31.98835,0.04346]},"properties":{"id":"ZcC2OKgHUBc","name":"Nindye HC III","type":"Point"}},{"type":"Feature","geometry":{"type":"Point","coordinates":[33.43565,0.691]},"properties":{"id":"zCdcy1i5r0y","name":"Mawagala HC II","type":"Point"}},{"type":"Feature","geometry":{"type":"Point","coordinates":[32.57011,0.52739]},"properties":{"id":"ZDdH3JVg9pD","name":"Wakiso Kasozi HC III","type":"Point"}},{"type":"Feature","geometry":{"type":"Point","coordinates":[33.62575,0.75299]},"properties":{"id":"ZdDYJV1qr97","name":"Namunyumya HC II","type":"Point"}},{"type":"Feature","geometry":{"type":"Point","coordinates":[31.08508,1.24617]},"properties":{"id":"zdhmUkPsGjH","name":"Kabwoya HC III","type":"Point"}},{"type":"Feature","geometry":{"type":"Point","coordinates":[34.160205,0.921866]},"properties":{"id":"zeEOtz7XwxV","name":"Busiu HC IV","type":"Point"}},{"type":"Feature","geometry":{"type":"Point","coordinates":[32.58224,2.87952]},"properties":{"id":"ZEEW8QXy1sS","name":"Omel HC II","type":"Point"}},{"type":"Feature","geometry":{"type":"Point","coordinates":[34.10269,0.73312]},"properties":{"id":"ZEMMz1yfCIf","name":"Gwaragwara HC II","type":"Point"}},{"type":"Feature","geometry":{"type":"Point","coordinates":[33.940449,0.674503]},"properties":{"id":"ZeXBMNmaaI1","name":"Kiyeyi HC III","type":"Point"}},{"type":"Feature","geometry":{"type":"Point","coordinates":[31.48695,-0.6888]},"properties":{"id":"Zf1t4djAYWx","name":"Mbuye HC II","type":"Point"}},{"type":"Feature","geometry":{"type":"Point","coordinates":[33.795092,0.123965]},"properties":{"id":"ZFd998k7ZbK","name":"Lolwe HC III","type":"Point"}},{"type":"Feature","geometry":{"type":"Point","coordinates":[31.48854,-0.616919]},"properties":{"id":"ZFJ3R3ApEeC","name":"Gayaza HC II","type":"Point"}},{"type":"Feature","geometry":{"type":"Point","coordinates":[31.72447,0.86503]},"properties":{"id":"zfjwLaS3lZe","name":"Kikwatambogo HC II","type":"Point"}},{"type":"Feature","geometry":{"type":"Point","coordinates":[33.36541,2.92498]},"properties":{"id":"zfMY9GBN26I","name":"Olung HC II","type":"Point"}},{"type":"Feature","geometry":{"type":"Point","coordinates":[32.61274,0.24828]},"properties":{"id":"zfpoaao0QzZ","name":"Kiruddu NRH - Skin/STD Clinic","type":"Point"}},{"type":"Feature","geometry":{"type":"Point","coordinates":[29.87936,-0.62846]},"properties":{"id":"zFZBz4du0us","name":"Nyarwimuka HC II","type":"Point"}},{"type":"Feature","geometry":{"type":"Point","coordinates":[32.55369,0.439]},"properties":{"id":"zgl8cvTUMji","name":"Mirembe (Nangabo) HC III","type":"Point"}},{"type":"Feature","geometry":{"type":"Point","coordinates":[30.91965,0.32109]},"properties":{"id":"zGTxryelOUN","name":"Ruhangire HC II","type":"Point"}},{"type":"Feature","geometry":{"type":"Point","coordinates":[32.79356,1.87129]},"properties":{"id":"ZgwhRJCKYcN","name":"Nambieso HC III","type":"Point"}},{"type":"Feature","geometry":{"type":"Point","coordinates":[34.08666,0.97065]},"properties":{"id":"zgyDdqkSzJA","name":"Kangalaba HC III","type":"Point"}},{"type":"Feature","geometry":{"type":"Point","coordinates":[34.23246,1.10115]},"properties":{"id":"zH1tLSpZuGt","name":"Bufumbo HC IV","type":"Point"}},{"type":"Feature","geometry":{"type":"Point","coordinates":[33.23584,0.39044]},"properties":{"id":"zhFVYJiWUOS","name":"Tongolo HC II","type":"Point"}},{"type":"Feature","geometry":{"type":"Point","coordinates":[29.980191,-1.153961]},"properties":{"id":"ZhpuIm9GBog","name":"Bwindi HC III","type":"Point"}},{"type":"Feature","geometry":{"type":"Point","coordinates":[30.07476,0.16384]},"properties":{"id":"ZhSuvqvWUin","name":"St. Paul (Kasese) HC IV","type":"Point"}},{"type":"Feature","geometry":{"type":"Point","coordinates":[32.45515,0.28694]},"properties":{"id":"zHXK0z9GZkA","name":"Besusebba HC II","type":"Point"}},{"type":"Feature","geometry":{"type":"Point","coordinates":[31.89324,0.2539]},"properties":{"id":"ZIBe24uPe3s","name":"Bbanda HC II","type":"Point"}},{"type":"Feature","geometry":{"type":"Point","coordinates":[34.48801,2.44115]},"properties":{"id":"ZIqDFJwbapx","name":"Kangole HC III","type":"Point"}},{"type":"Feature","geometry":{"type":"Point","coordinates":[32.643929,0.357184]},"properties":{"id":"ziRKF2GJeEU","name":"Kireka SDA HC III","type":"Point"}},{"type":"Feature","geometry":{"type":"Point","coordinates":[32.48662,0.84923]},"properties":{"id":"zISOKu7R0Yy","name":"Luwero Police Clinic HC II","type":"Point"}},{"type":"Feature","geometry":{"type":"Point","coordinates":[33.12793,0.93169]},"properties":{"id":"Zix3B1axH9x","name":"Kamuli Mission Hospital","type":"Point"}},{"type":"Feature","geometry":{"type":"Point","coordinates":[31.251494,2.303666]},"properties":{"id":"zJxJF8dOBan","name":"Kituna HC II","type":"Point"}},{"type":"Feature","geometry":{"type":"Point","coordinates":[33.205215,0.43216]},"properties":{"id":"zK4jOLmfhz9","name":"TASO Jinja Special Clinic","type":"Point"}},{"type":"Feature","geometry":{"type":"Point","coordinates":[32.920015,1.793306]},"properties":{"id":"Zk9bvpSxThA","name":"Amai Community Hospital","type":"Point"}},{"type":"Feature","geometry":{"type":"Point","coordinates":[33.10387,2.35375]},"properties":{"id":"zkvmBd2YoxG","name":"Akura HC II","type":"Point"}},{"type":"Feature","geometry":{"type":"Point","coordinates":[31.28928,0.5534]},"properties":{"id":"ZliYlwzmFpL","name":"Kabowa HC II","type":"Point"}},{"type":"Feature","geometry":{"type":"Point","coordinates":[31.55792,-0.62045]},"properties":{"id":"ZLJUYEZegpQ","name":"Kasaali HC III","type":"Point"}},{"type":"Feature","geometry":{"type":"Point","coordinates":[31.69821,0.48889]},"properties":{"id":"zLZPKeOejRb","name":"Kiryanongo HC II","type":"Point"}},{"type":"Feature","geometry":{"type":"Point","coordinates":[33.59933,1.48539]},"properties":{"id":"zm7m09FNPYA","name":"Kyere HC III","type":"Point"}},{"type":"Feature","geometry":{"type":"Point","coordinates":[33.86259,1.47274]},"properties":{"id":"znAFKVaQBcc","name":"Kumi University Clinic HC II","type":"Point"}},{"type":"Feature","geometry":{"type":"Point","coordinates":[34.738303,1.668888]},"properties":{"id":"zNvPZ3xCibY","name":"Lemusui HC III","type":"Point"}},{"type":"Feature","geometry":{"type":"Point","coordinates":[31.73638,-0.33921]},"properties":{"id":"ZO1Hltpt3Ko","name":"TASO Masaka Special Clinic","type":"Point"}},{"type":"Feature","geometry":{"type":"Point","coordinates":[33.3239,1.928]},"properties":{"id":"ZOAvFhJT2vI","name":"Anyara HC III","type":"Point"}},{"type":"Feature","geometry":{"type":"Point","coordinates":[33.63566,2.06063]},"properties":{"id":"ZoRb6AcV4MY","name":"Amuria COU HC II","type":"Point"}},{"type":"Feature","geometry":{"type":"Point","coordinates":[33.60759,2.70907]},"properties":{"id":"ZotVVjcyDdV","name":"Kanu HC II","type":"Point"}},{"type":"Feature","geometry":{"type":"Point","coordinates":[32.65674,0.66675]},"properties":{"id":"ZouDmFFjkom","name":"Nambi HC II","type":"Point"}},{"type":"Feature","geometry":{"type":"Point","coordinates":[31.39308,2.65462]},"properties":{"id":"Zp7cZPbKZvL","name":"Ragem HC II","type":"Point"}},{"type":"Feature","geometry":{"type":"Point","coordinates":[30.65871,-0.61628]},"properties":{"id":"ZpJgSAyZtkl","name":"Mbarara Regional Referral Hospital","type":"Point"}},{"type":"Feature","geometry":{"type":"Point","coordinates":[34.65046,1.37844]},"properties":{"id":"zpMTFJlXcMH","name":"Kwanyiy HC III","type":"Point"}},{"type":"Feature","geometry":{"type":"Point","coordinates":[34.44148,1.40541]},"properties":{"id":"zpmUD2YzPnn","name":"Kapchorwa Hospital","type":"Point"}},{"type":"Feature","geometry":{"type":"Point","coordinates":[32.52135,0.11144]},"properties":{"id":"ZppfQ4q1PFg","name":"Kitala HC II","type":"Point"}},{"type":"Feature","geometry":{"type":"Point","coordinates":[32.45034,0.77385]},"properties":{"id":"zpuaGgiU1MO","name":"Nakaseeta (Kasangombe) HC II","type":"Point"}},{"type":"Feature","geometry":{"type":"Point","coordinates":[32.32708,0.62263]},"properties":{"id":"zPvmdjd3Hw6","name":"Semuto HC IV","type":"Point"}},{"type":"Feature","geometry":{"type":"Point","coordinates":[32.53993,2.3508]},"properties":{"id":"ZQ98MZqjZIl","name":"Alao HC II","type":"Point"}},{"type":"Feature","geometry":{"type":"Point","coordinates":[32.607795,0.719527]},"properties":{"id":"zqfPMKhrHd1","name":"Mulajje HC II","type":"Point"}},{"type":"Feature","geometry":{"type":"Point","coordinates":[31.15899,2.30268]},"properties":{"id":"ZQGEaiVBKkA","name":"Pagwata HC II","type":"Point"}},{"type":"Feature","geometry":{"type":"Point","coordinates":[30.05008,0.74189]},"properties":{"id":"ZqwV5PWv4Pt","name":"Kanyamwirima Army HC III","type":"Point"}},{"type":"Feature","geometry":{"type":"Point","coordinates":[29.951501,0.125045]},"properties":{"id":"zRoj2Cm4CHr","name":"Kyarumba HC III","type":"Point"}},{"type":"Feature","geometry":{"type":"Point","coordinates":[32.62284,0.32548]},"properties":{"id":"zrRBi7DSECl","name":"Mbuya Military Clinic (Mod Garrison)","type":"Point"}},{"type":"Feature","geometry":{"type":"Point","coordinates":[34.181271,1.033397]},"properties":{"id":"ZrxsUH2PMkW","name":"Bugema HC II","type":"Point"}},{"type":"Feature","geometry":{"type":"Point","coordinates":[33.07557,0.92549]},"properties":{"id":"zS5zIF13N8K","name":"Nabirama HC II","type":"Point"}},{"type":"Feature","geometry":{"type":"Point","coordinates":[33.51268,1.53778]},"properties":{"id":"ZSczOvaCJ29","name":"Oburin HC II","type":"Point"}},{"type":"Feature","geometry":{"type":"Point","coordinates":[34.68286,1.33731]},"properties":{"id":"zsjABvUkY2d","name":"Tulel HC II","type":"Point"}},{"type":"Feature","geometry":{"type":"Point","coordinates":[29.73725,-1.33597]},"properties":{"id":"zsTmFCXKiZw","name":"Clare Nsenga HC III","type":"Point"}},{"type":"Feature","geometry":{"type":"Point","coordinates":[31.653528,3.250297]},"properties":{"id":"zSzd5o81wtt","name":"Maaji B HC II","type":"Point"}},{"type":"Feature","geometry":{"type":"Point","coordinates":[30.30647,0.68796]},"properties":{"id":"ZTD4Prfdw22","name":"Kidubuli HC III","type":"Point"}},{"type":"Feature","geometry":{"type":"Point","coordinates":[29.75088,-0.78469]},"properties":{"id":"zu1VixoD4pu","name":"Katete HC III","type":"Point"}},{"type":"Feature","geometry":{"type":"Point","coordinates":[31.76547,3.65161]},"properties":{"id":"ZubUtSX9erU","name":"Abeso HC II","type":"Point"}},{"type":"Feature","geometry":{"type":"Point","coordinates":[32.92101,3.02928]},"properties":{"id":"ZVgz9dP8OF6","name":"Oguta HC II","type":"Point"}},{"type":"Feature","geometry":{"type":"Point","coordinates":[34.05535,0.49538]},"properties":{"id":"zVkituTxngO","name":"Sikuda HC II","type":"Point"}},{"type":"Feature","geometry":{"type":"Point","coordinates":[34.037279,0.65806]},"properties":{"id":"ZVwFNyBsJxz","name":"Rubongi Military Hospital","type":"Point"}},{"type":"Feature","geometry":{"type":"Point","coordinates":[30.884607,1.093967]},"properties":{"id":"zW3In1Q8FAJ","name":"Burora HC II","type":"Point"}},{"type":"Feature","geometry":{"type":"Point","coordinates":[31.665376,-0.459632]},"properties":{"id":"zwfMFtrP9wk","name":"Kayanja HC II","type":"Point"}},{"type":"Feature","geometry":{"type":"Point","coordinates":[34.46651,2.41752]},"properties":{"id":"ZwJpmihjbfr","name":"Morulinga HC II","type":"Point"}},{"type":"Feature","geometry":{"type":"Point","coordinates":[31.427764,0.963526]},"properties":{"id":"ZwTCkOzJUwa","name":"Nkooko HC III","type":"Point"}},{"type":"Feature","geometry":{"type":"Point","coordinates":[32.00959,3.51348]},"properties":{"id":"zX0wfeEc8th","name":"Elegu HC II","type":"Point"}},{"type":"Feature","geometry":{"type":"Point","coordinates":[31.50772,3.40713]},"properties":{"id":"ZxrAPP6eP96","name":"Iboa HC II","type":"Point"}},{"type":"Feature","geometry":{"type":"Point","coordinates":[32.61274,0.24828]},"properties":{"id":"ZXTnk45AdIR","name":"Kiruddu NRH - Level 6","type":"Point"}},{"type":"Feature","geometry":{"type":"Point","coordinates":[32.5841,0.58936]},"properties":{"id":"zYdA432Txng","name":"St. Panagiotis HC II","type":"Point"}},{"type":"Feature","geometry":{"type":"Point","coordinates":[33.24814,0.92059]},"properties":{"id":"zyI8GDUVYdE","name":"Namwendwa HC IV","type":"Point"}},{"type":"Feature","geometry":{"type":"Point","coordinates":[31.22218,1.34046]},"properties":{"id":"ZyIU7Z6NxVX","name":"Kikuube HC IV","type":"Point"}},{"type":"Feature","geometry":{"type":"Point","coordinates":[34.24234,1.17797]},"properties":{"id":"Zz6XgnxXRri","name":"Bubeza HC II","type":"Point"}},{"type":"Feature","geometry":{"type":"Point","coordinates":[34.02796,0.45885]},"properties":{"id":"zZdTVtXzMxi","name":"Buwumba HC II","type":"Point"}},{"type":"Feature","geometry":{"type":"Point","coordinates":[31.32834,-0.65147]},"properties":{"id":"zZKvHFAuep2","name":"Kagamba HC II","type":"Point"}}]}